PREF IBKR,PREF YF,CMON,FF-FR_,BOND_,CRDT SCORE_,EX-DIV DATE,CALL DATE,MATUR DATE,DIV AMOUNT,COUPON,Aug2022_Price,Oct19_Price,CMON OUTS SHARES,CMON SECTOR,LAST PRICE,TIME TO DIV,DIV ADJ.PRICE,Unnamed: 18,Unnamed: 19,Unnamed: 20,Unnamed: 21,Last Price,Oct19_diff,Aug2022_diff,SMA88,SMA268,SMA88 chg,SMA268 chg,6M Low,6M High,1Y Low,1Y High
ABLLL,ABLLL,ABL,,BB,8.00,05/13/2025,2/15/2027,11/15/2028,0.62,9.88%,,,95.62,Insurance,,,,,,,,25.48,,,26.12,26.23,-2.44,-2.86,24.09,38.50,24.09,38.50
ABR PRD,ABR-D,ABR,,,8.00,06/17/2025,6/2/2026,NONE,0.40,6.38%,21.35,16.60,192.08,Reit,,,,,,,,17.16,0.56,-4.19,17.81,18.37,-3.66,-6.59,16.75,19.98,15.90,19.98
ABR PRE,ABR-E,ABR,,,8.00,06/17/2025,8/11/2026,NONE,0.39,6.25%,21.35,16.60,192.08,Reit,,,,,,,,16.43,-0.17,-4.92,17.43,18.17,-5.72,-9.56,16.42,20.60,16.00,20.94
ABR PRF,ABR-F,ABR,,,8.00,07/11/2025,10/30/2026,NONE,0.39,6.25%,,,192.08,Reit,,,,,,,,20.60,,,21.71,20.52,-5.12,0.37,18.40,23.30,17.15,23.30
ACR PRC,ACR-C,ACR,FF,,8.00,07/01/2025,7/30/2024,NONE,0.64,8.63%,,,7.39,Reit,,,,,,,,24.84,,,24.79,24.82,0.22,0.07,22.61,25.53,19.75,25.53
ACR PRD,ACR-D,ACR,,,8.00,07/01/2025,5/21/2026,NONE,0.49,7.88%,20.50,18.57,7.39,Reit,,,,,,,,20.78,2.21,0.28,21.46,22.10,-3.15,-5.97,18.12,23.64,16.75,24.49
AGNCL,AGNCL,AGNC,FF,,8.00,07/01/2025,10/15/2027,NONE,0.48,7.75%,,,1020.48,Reit,,,,,,,,25.28,,,24.86,24.56,1.67,2.92,22.84,26.59,19.78,26.59
AGNCM,AGNCM,AGNC,FF,,8.00,07/01/2025,4/15/2024,NONE,0.56,6.88%,,,1020.48,Reit,,,,,,,,24.71,,,24.92,25.08,-0.85,-1.49,23.01,25.63,20.47,25.85
AGNCN,AGNCN,AGNC,FF,,8.00,07/01/2025,10/15/2022,NONE,0.61,7.00%,,,1020.48,Reit,,,,,,,,25.68,,,25.67,25.70,0.03,-0.07,23.63,26.59,23.63,26.59
AGNCO,AGNCO,AGNC,FF,,8.00,07/01/2025,10/15/2024,NONE,0.60,6.50%,,,1020.48,Reit,,,,,,,,25.48,,,25.31,25.15,0.68,1.32,23.68,25.95,20.85,25.95
AGNCP,AGNCP,AGNC,NFF,,8.00,07/01/2025,4/15/2025,NONE,0.38,6.13%,,,1020.48,Reit,,,,,,,,25.00,,,24.88,24.52,0.50,1.97,23.37,25.48,19.61,25.48
AHL PRF,AHL-F,-,,,10.00,06/12/2025,11/30/2029,NONE,0.61,7.00%,,,-,-,,,,,,,,25.21,,,,,,,21.28,26.21,21.28,26.21
ALL PRB,ALL-B,ALL,FF,,12.50,06/27/2025,1/15/2023,1/15/2053,0.48,5.10%,,,264.67,Insurance,,,,,,,,25.72,,,26.00,26.00,-1.09,-1.08,25.01,27.00,25.01,27.00
ALL PRJ,ALL-J,ALL,,,12.00,06/27/2025,7/15/2028,NONE,0.46,7.38%,,25.29,264.67,Insurance,,,,,,,,26.45,1.16,,26.66,27.01,-0.79,-2.07,25.56,28.22,25.15,28.22
ALTG PRA,ALTG-A,ALTG,,,8.00,07/11/2025,12/22/2025,NONE,0.63,10.00%,26.75,25.75,33.19,Rental&leasingservices,,,,,,,,24.40,-1.35,-2.35,25.07,25.50,-2.67,-4.33,23.05,26.25,23.05,27.00
ANG PRB,ANG-B,-,FF,,9.00,05/16/2025,9/1/2025,NONE,0.41,6.63%,,,-,-,,,,,,,,24.90,,,25.11,25.00,-0.82,-0.39,24.55,25.90,22.00,25.90
ANG PRD,ANG-D,-,,,9.00,06/30/2025,1/15/2030,,0.49,7.38%,,,-,-,,,,,,,,25.61,,,,,,,23.54,26.54,23.54,26.54
AOMN,AOMN,AOMR,,BB,8.00,07/14/2025,7/30/2026,7/30/2029,0.59,9.50%,,,23.50,Reit,,,,,,,,24.96,,,,,,,23.60,26.10,23.60,26.10
APOS,APOS,APO,NFF,,13.00,05/30/2025,12/15/2028,9/15/2053,0.48,7.63%,,,571.72,Assetmanagement,,,,,,,,26.47,,,26.51,26.75,-0.13,-1.06,24.89,27.74,24.89,27.77
AQNB,AQNB,AQN,FF,,9.00,06/13/2025,7/1/2024,7/1/2079,0.55,6.20%,,,789.65,Utilities,,,,,,,,25.53,,,25.41,25.44,0.49,0.34,24.59,26.50,22.71,26.50
ARGD,ARGD,-,,BB,9.50,05/30/2025,9/15/2017,9/15/2042,0.41,6.50%,24.35,21.31,-,-,,,,,,,,20.20,-1.11,-4.15,21.08,21.80,-4.18,-7.32,19.19,22.85,19.19,24.24
ARGO PRA,ARGO-A,-,NFF,,8.50,05/27/2025,9/15/2025,NONE,0.44,7.00%,,,-,-,,,,,,,,25.21,,,25.06,24.89,0.58,1.27,24.27,25.36,20.76,25.49
ARR PRC,ARR-C,ARR,,,8.00,05/15/2025,1/28/2025,,0.15,7.00%,22.60,18.06,81.90,Reit,,,,,,,,20.60,2.54,-2.00,21.26,21.64,-3.12,-4.79,19.27,23.58,17.85,23.58
ASBA,ASBA,ASB,NFF,,11.00,05/15/2025,3/1/2028,3/1/2033,0.41,6.63%,,,165.95,Regionalbank,,,,,,,,24.21,,,24.40,24.03,-0.76,0.73,22.99,25.30,18.82,25.30
ATCO PRD,ATCO-D,-,,,8.00,07/25/2025,1/30/2018,NONE,0.50,7.95%,25.27,23.86,-,-,,,,,,,,25.09,1.23,-0.18,25.06,25.03,0.12,0.23,24.14,25.98,22.00,25.98
ATCO PRH,ATCO-H,-,,,8.00,07/25/2025,8/11/2021,NONE,0.49,7.88%,24.95,22.38,-,-,,,,,,,,24.97,2.59,0.02,24.87,24.86,0.42,0.46,23.78,25.49,21.28,25.49
ATCOL,ATCOL,-,,,8.00,07/15/2025,5/13/2023,10/30/2027,0.45,7.13%,,,-,-,,,,,,,,25.06,,,24.94,24.94,0.50,0.46,22.45,25.45,22.45,25.90
ATH PRA,ATH-A,-,NFF,,11.50,06/13/2025,6/30/2029,NONE,0.40,6.35%,,,-,-,,,,,,,,24.13,,,24.35,24.54,-0.91,-1.66,22.00,25.71,19.81,25.71
ATH PRC,ATH-C,-,NFF,,11.50,06/13/2025,9/30/2025,NONE,0.40,6.38%,,,-,-,,,,,,,,25.15,,,25.10,25.09,0.22,0.24,24.24,25.46,22.05,25.64
ATH PRE,ATH-E,-,NFF,,11.50,06/13/2025,12/30/2027,NONE,0.48,7.75%,,,-,-,,,,,,,,25.70,,,25.79,26.25,-0.36,-2.10,24.17,27.50,23.61,27.50
ATHS,ATHS,-,NFF,,12.00,06/12/2025,3/30/2029,3/30/2064,0.45,7.25%,,,-,-,,,,,,,,24.89,,,25.21,25.34,-1.27,-1.78,24.01,26.25,24.01,26.25
ATLCL,ATLCL,ATLC,,,8.00,07/11/2025,10/2/2026,12/31/2026,0.38,6.13%,24.52,21.61,15.11,Creditservices,,,,,,,,24.15,2.54,-0.37,24.05,23.50,0.40,2.78,22.90,24.76,20.62,24.76
ATLCP,ATLCP,ATLC,,,8.00,05/30/2025,6/11/2026,NONE,0.48,7.63%,24.15,20.61,15.11,Creditservices,,,,,,,,23.21,2.60,-0.94,23.24,23.04,-0.14,0.72,21.66,24.50,17.99,24.80
ATLCZ,ATLCZ,ATLC,,BB,8.00,07/01/2025,1/31/2028,1/31/2029,0.58,9.25%,,,15.11,Creditservices,,,,,,,,25.21,,,24.98,24.97,0.90,0.98,23.40,25.50,23.40,25.50
AUB PRA,AUB-A,AUB,,,8.00,05/16/2025,9/1/2025,NONE,0.43,6.88%,26.14,19.25,142.37,Regionalbank,,,,,,,,24.45,5.20,-1.69,24.61,24.20,-0.64,1.01,22.86,25.93,19.21,25.93
BAC PRE,BAC-E,BAC,FLR,,11.00,07/25/2025,11/15/2011,NONE,0.31,4.00%,,,7537.21,Bank,,,,,,,,22.03,,,22.85,23.64,-3.59,-6.82,20.81,25.50,19.52,25.50
BANC PRF,BANC-F,BANC,NFF,,8.00,05/19/2025,9/1/2027,NONE,0.49,7.75%,,,169.33,Regionalbank,,,,,,,,24.72,,,24.85,24.28,-0.53,1.80,23.39,25.60,20.94,25.60
BANFP,BANFP,BANF,,TP,8.00,06/27/2025,3/21/2009,3/31/2034,0.45,7.20%,27.53,27.00,33.23,Regionalbank,,,,,,,,26.24,-0.76,-1.29,26.06,25.82,0.68,1.62,25.43,29.45,24.70,29.45
BC PRA,BC-A,BC,,BB,11.50,06/29/2025,10/15/2023,10/15/2048,0.40,6.50%,26.22,22.50,65.69,Consumercyclical,,,,,,,,23.15,0.65,-3.07,24.12,24.52,-4.04,-5.58,22.58,25.43,22.09,26.39
BC PRC,BC-C,BC,,BB,11.50,06/29/2025,4/15/2024,4/15/2049,0.39,6.38%,25.99,22.33,65.69,Consumercyclical,,,,,,,,22.88,0.55,-3.11,23.83,24.40,-4.00,-6.22,22.00,25.50,21.76,25.99
BK PRK,BK-K,BK,NFF,,12.50,06/05/2025,3/20/2030,NONE,0.41,6.15%,,,715.58,Bank,,,,,,,,25.51,,,,,,,24.54,25.83,24.54,25.83
BML PRG,BML-G,BAC,FLR,,11.00,05/15/2025,11/28/2009,NONE,0.33,3.00%,,,7537.21,Bank,,,,,,,,20.75,,,22.22,22.52,-6.62,-7.86,20.25,23.50,19.49,23.68
BML PRH,BML-H,BAC,FLR,,11.00,05/15/2025,11/28/2009,NONE,0.32,3.00%,,,7537.21,Bank,,,,,,,,20.80,,,22.13,22.37,-6.01,-7.00,20.09,23.45,18.95,23.45
BML PRJ,BML-J,BAC,FLR,,11.00,05/15/2025,11/21/2010,NONE,0.33,4.00%,,,7537.21,Bank,,,,,,,,22.05,,,22.91,23.20,-3.75,-4.95,20.70,24.69,20.00,24.69
BML PRL,BML-L,BAC,FLR,,11.00,07/01/2025,5/21/2010,NONE,0.32,4.00%,,,7537.21,Bank,,,,,,,,21.06,,,22.65,23.02,-7.01,-8.52,19.80,24.77,19.31,24.77
BOH PRB,BOH-B,BOH,,,9.50,07/14/2025,8/1/2029,NONE,0.50,8.00%,,,39.66,Regionalbank,,,,,,,,25.62,,,,,,,24.81,27.13,24.81,27.13
BPOPM,BPOPM,BPOP,,TP,7.00,05/15/2025,12/1/2009,12/1/2034,0.13,6.13%,27.20,24.51,69.37,Regionalbank,,,,,,,,25.59,1.08,-1.61,25.52,25.52,0.29,0.28,24.89,26.11,24.38,26.25
C PRN,C-N,C,,,10.00,07/25/2025,10/30/2015,10/30/2040,0.68,7.88%,,,1868.19,Bank,,,,,,,,29.90,,,30.15,29.94,-0.83,-0.13,29.11,31.34,27.82,31.34
CCIA,CCIA,CCIF,,Term,8.00,05/19/2025,10/31/2025,10/31/2028,0.18,8.75%,,,15.39,Cef,,,,,,,,25.49,,,25.82,25.81,-1.29,-1.24,25.00,27.79,24.10,27.79
CFG PRH,CFG-H,CFG,,,10.50,06/20/2025,7/6/2029,NONE,0.46,7.38%,,,433.40,Regionalbank,,,,,,,,26.37,,,,,,,24.95,27.69,24.95,27.69
CGBDL,CGBDL,CGBD,,,8.00,05/15/2025,,,0.51,,,,72.90,Assetmanagement,,,,,,,,25.28,,,25.73,25.66,-1.74,-1.49,25.05,26.66,25.05,26.66
CHMI PRA,CHMI-A,CHMI,,,8.00,06/27/2025,8/17/2022,NONE,0.51,8.20%,22.65,19.60,32.66,Reit,,,,,,,,21.26,1.66,-1.39,21.84,22.73,-2.66,-6.46,19.20,24.40,17.75,25.00
CHMI PRB,CHMI-B,CHMI,FF,,8.00,06/27/2025,4/5/2024,NONE,0.64,8.25%,,,32.66,Reit,,,,,,,,24.23,,,24.15,24.63,0.31,-1.62,22.23,25.38,20.20,25.60
CHSCL,CHSCL,-,,,8.00,06/13/2025,1/21/2025,NONE,0.47,7.50%,27.30,25.07,-,-,,,,,,,,26.03,0.96,-1.27,25.77,25.87,1.00,0.60,25.31,26.42,24.92,26.75
CHSCM,CHSCM,-,,,8.00,06/13/2025,9/30/2024,NONE,0.42,6.75%,26.40,24.05,-,-,,,,,,,,24.90,0.85,-1.50,24.89,25.17,0.04,-1.06,23.80,26.19,23.51,26.19
CHSCN,CHSCN,-,,,8.00,06/13/2025,3/31/2024,NONE,0.44,7.10%,26.30,24.62,-,-,,,,,,,,25.52,0.90,-0.78,25.33,25.59,0.76,-0.27,24.48,26.59,24.41,26.90
CHSCO,CHSCO,-,,,8.00,06/13/2025,9/26/2023,NONE,0.49,7.88%,28.31,25.64,-,-,,,,,,,,26.29,0.65,-2.02,26.41,26.70,-0.47,-1.52,25.60,27.44,25.46,27.73
CICB,CICB,CION,,,8.00,06/12/2025,12/30/2026,12/30/2029,0.47,7.50%,,,52.69,Assetmanagement,,,,,,,,24.86,,,,,,,24.32,163.10,24.32,163.10
CIM PRB,CIM-B,CIM,FF,,8.00,06/02/2025,3/30/2024,NONE,0.65,8.00%,,,80.92,Reit,,,,,,,,25.06,,,24.47,24.76,2.41,1.20,21.60,25.59,18.83,25.59
CIM PRC,CIM-C,CIM,NFF,,8.00,06/02/2025,9/30/2025,NONE,0.48,7.75%,,,80.92,Reit,,,,,,,,22.88,,,22.86,22.75,0.11,0.56,20.26,24.60,17.11,24.60
CIM PRD,CIM-D,CIM,FF,,8.00,06/02/2025,3/30/2024,NONE,0.64,8.00%,,,80.92,Reit,,,,,,,,24.85,,,24.23,24.49,2.54,1.48,20.77,25.21,18.76,25.25
CIMN,CIMN,CIM,,BB,8.00,07/30/2025,5/15/2026,5/15/2029,0.56,9.00%,,,80.92,Reit,,,,,,,,24.65,,,,,,,23.62,25.85,23.62,25.85
CIMO,CIMO,CIM,,,8.00,07/30/2025,8/15/2026,8/15/2029,0.58,9.25%,,,80.92,Reit,,,,,,,,25.09,,,,,,,24.12,26.25,24.12,26.25
CMRE PRB,CMRE-B,CMRE,,,8.00,07/10/2025,8/6/2018,NONE,0.48,7.63%,25.18,24.82,119.96,Marineshipping,,,,,,,,24.97,0.15,-0.21,25.45,25.69,-1.89,-2.81,24.02,26.34,22.13,28.16
CMRE PRC,CMRE-C,CMRE,,,8.00,07/10/2025,1/21/2019,NONE,0.53,8.50%,25.32,25.17,119.96,Marineshipping,,,,,,,,25.50,0.33,0.18,25.98,26.09,-1.84,-2.27,25.05,27.19,23.61,27.19
CMRE PRD,CMRE-D,CMRE,,,8.00,07/10/2025,5/13/2020,NONE,0.55,8.75%,25.83,25.07,119.96,Marineshipping,,,,,,,,26.20,1.13,0.37,26.32,26.29,-0.44,-0.35,24.54,27.29,24.54,27.29
CNOBP,CNOBP,CNOB,NFF,,8.00,05/15/2025,9/1/2026,NONE,0.33,5.25%,,,38.47,Regionalbank,,,,,,,,22.45,,,22.63,21.51,-0.78,4.37,20.29,23.42,14.63,23.42
CODI PRA,CODI-A,CODI,,,8.00,06/17/2025,7/30/2022,NONE,0.45,7.25%,25.08,22.03,75.24,Conglomerates,,,,,,,,12.99,-9.04,-12.09,21.97,23.44,-40.88,-44.59,12.85,25.11,12.85,26.06
CODI PRB,CODI-B,CODI,,FF,8.00,06/17/2025,4/30/2028,NONE,0.49,7.88%,26.85,23.50,75.24,Conglomerates,,,,,,,,15.22,-8.28,-11.63,22.40,23.79,-32.07,-36.02,15.15,25.08,15.15,26.50
CODI PRC,CODI-C,CODI,,,8.00,06/17/2025,1/30/2025,NONE,0.49,7.88%,25.79,23.89,75.24,Conglomerates,,,,,,,,15.13,-8.76,-10.66,22.55,23.84,-32.90,-36.54,15.13,25.18,15.13,25.91
CRBD,CRBD,CRBG,,,11.00,05/30/2025,12/15/2029,12/15/2064,0.40,6.38%,,,550.13,Assetmanagement,,,,,,,,23.80,,,,,,,19.76,31.75,19.76,31.75
CSWCZ,CSWCZ,CSWC,,BB,8.00,07/15/2025,8/1/2025,8/1/2028,0.48,7.75%,,25.05,50.37,Assetmanagement,,,,,,,,25.50,0.45,,25.58,25.73,-0.31,-0.88,25.03,26.25,24.79,26.48
CUBI PRE,CUBI-E,CUBI,FF,,8.00,05/30/2025,6/15/2021,NONE,0.61,6.45%,,,31.54,Regionalbank,,,,,,,,25.59,,,25.74,25.64,-0.57,-0.19,24.38,26.44,22.04,26.44
CUBI PRF,CUBI-F,CUBI,FF,,8.00,05/30/2025,12/14/2021,NONE,0.59,6.00%,,,31.54,Regionalbank,,,,,,,,25.76,,,25.44,25.39,1.24,1.44,23.90,25.99,21.00,25.99
DBRG PRH,DBRG-H,DBRG,,,8.00,07/10/2025,4/15/2020,NONE,0.45,7.13%,24.50,21.28,176.33,Assetmanagement,,,,,,,,22.30,1.02,-2.20,23.55,23.90,-5.29,-6.69,20.74,25.80,17.91,25.80
DBRG PRI,DBRG-I,DBRG,,,8.00,07/10/2025,6/5/2022,NONE,0.45,7.15%,24.30,20.80,176.33,Assetmanagement,,,,,,,,22.36,1.56,-1.94,23.54,23.91,-5.01,-6.47,21.01,25.86,17.82,25.86
DBRG PRJ,DBRG-J,DBRG,,,8.00,07/10/2025,9/22/2022,NONE,0.45,7.13%,24.72,21.00,176.33,Assetmanagement,,,,,,,,22.35,1.35,-2.37,23.42,23.78,-4.56,-5.99,20.47,25.66,17.64,25.66
DCOMG,DCOMG,DCOM,NFF,,10.00,06/30/2025,7/15/2029,7/15/2034,0.56,9.00%,,,43.64,Regionalbank,,,,,,,,26.40,,,,,,,24.25,27.64,24.25,27.64
DDT,DDT,DDS,,TP,10.50,07/11/2025,8/12/2003,8/1/2038,0.47,7.50%,27.00,25.40,15.68,Departmentstores,,,,,,,,26.07,0.67,-0.93,25.90,25.87,0.66,0.78,24.39,26.55,24.39,26.59
DRH PRA,DRH-A,DRH,,,8.00,06/20/2025,8/31/2025,NONE,0.52,8.25%,27.00,24.87,205.53,Reit,,,,,,,,25.13,0.26,-1.87,25.09,25.39,0.15,-1.03,23.51,26.26,23.51,27.54
DSX PRB,DSX-B,DSX,,,8.00,07/10/2025,3/14/2019,NONE,0.56,8.88%,25.80,25.16,115.77,Marineshipping,,,,,,,,26.45,1.29,0.65,26.15,26.27,1.15,0.70,23.88,27.75,23.88,27.75
DX PRC,DX-C,DX,NFF,,8.00,06/27/2025,4/25/2025,NONE,0.43,6.90%,,,107.00,Reit,,,,,,,,25.48,,,25.38,25.14,0.41,1.37,24.56,25.74,21.12,25.74
ECC PRD,ECC-D,ECC,,,8.00,05/12/2025,11/29/2026,NONE,0.14,6.75%,23.19,19.60,120.18,Cef,,,,,,,,18.76,-0.84,-4.43,19.54,19.61,-3.99,-4.34,18.08,20.42,18.08,21.45
ECCC,ECCC,ECC,,,8.00,05/12/2025,6/16/2024,6/30/2031,0.14,6.50%,24.15,20.52,120.18,Cef,,,,,,,,22.33,1.81,-1.82,22.84,22.86,-2.25,-2.34,21.87,24.89,20.24,24.89
ECCF,ECCF,ECC,,Term,8.00,05/12/2025,1/18/2026,1/31/2029,0.17,8.00%,,,120.18,Cef,,,,,,,,24.92,,,24.91,24.92,0.03,0.02,24.03,25.55,24.03,25.55
ECCU,ECCU,ECC,,,8.00,05/12/2025,6/30/2027,4/30/2030,0.15,7.75%,,,120.18,Cef,,,,,,,,24.61,,,,,,,23.89,25.45,23.89,25.45
ECCV,ECCV,ECC,,BB,8.00,06/13/2025,1/31/2025,1/31/2029,0.34,5.38%,22.84,21.11,120.18,Cef,,,,,,,,22.99,1.88,0.15,22.91,22.84,0.35,0.64,21.94,23.53,21.03,23.53
ECCW,ECCW,ECC,,BB,8.00,06/13/2025,3/29/2024,3/31/2031,0.42,6.75%,24.50,21.90,120.18,Cef,,,,,,,,23.32,1.42,-1.18,23.67,24.17,-1.49,-3.50,22.28,25.21,21.44,25.21
ECCX,ECCX,ECC,,BB,8.00,06/12/2025,4/30/2021,4/30/2028,0.42,6.69%,24.91,23.24,120.18,Cef,,,,,,,,24.61,1.37,-0.30,24.80,24.69,-0.77,-0.34,23.85,26.95,22.70,26.95
EFC PRA,EFC-A,EFC,FF,,8.00,06/27/2025,10/30/2024,NONE,0.61,6.75%,,,94.36,Reit,,,,,,,,25.04,,,24.99,24.91,0.18,0.53,21.50,25.54,20.06,25.54
EFC PRB,EFC-B,EFC,NFF,,8.00,06/27/2025,1/30/2027,NONE,0.39,6.25%,,,94.36,Reit,,,,,,,,22.90,,,22.83,22.26,0.33,2.87,20.29,23.75,18.24,23.75
EFC PRC,EFC-C,EFC,NFF,,8.00,06/27/2025,4/30/2028,,0.54,8.63%,,,94.36,Reit,,,,,,,,25.20,,,24.99,24.95,0.83,1.01,22.68,26.25,20.95,26.25
EFC PRD,EFC-D,EFC,,,8.00,06/18/2025,5/12/2022,NONE,0.44,7.00%,,,94.36,Reit,,,,,,,,23.00,,,23.32,22.91,-1.36,0.39,21.25,27.00,20.24,27.00
EICA,EICA,EIC,,Term,8.00,05/12/2025,10/31/2023,10/30/2026,0.10,5.00%,23.25,22.68,21.14,Cef,,,,,,,,24.18,1.50,0.93,24.15,23.78,0.13,1.70,23.51,24.60,22.29,24.60
EICB,EICB,EIC,,Term,8.00,05/12/2025,7/31/2025,7/31/2028,0.16,7.75%,,24.42,21.14,Cef,,,,,,,,24.89,0.47,,24.90,24.90,-0.04,-0.04,23.63,25.46,23.63,25.50
EICC,EICC,EIC,,Term,8.00,05/12/2025,4/3/2026,4/30/2029,0.17,8.00%,,,21.14,Cef,,,,,,,,24.95,,,25.01,25.02,-0.25,-0.27,23.75,25.25,23.75,25.45
EIIA,EIIA,-,,,9.00,05/12/2025,10/31/2026,10/31/2029,0.17,8.13%,,,-,-,,,,,,,,24.69,,,,,,,24.37,25.37,24.37,25.37
ESGRO,ESGRO,-,,,9.00,05/15/2025,3/1/2024,NONE,0.44,7.00%,25.62,22.50,-,-,,,,,,,,20.15,-2.35,-5.47,20.30,21.41,-0.76,-5.91,18.90,21.30,18.59,25.47
ESGRP,ESGRP,-,,,8.00,05/15/2025,9/1/2028,NONE,0.44,7.00%,25.18,22.44,-,-,,,,,,,,21.09,-1.35,-4.09,20.72,21.67,1.78,-2.67,18.52,21.94,18.52,26.12
ET PRI,ET-I,ETR,,,9.00,08/01/2025,Never,Never,0.21,9.25%,,,430.81,Utilities,,,,,,,,11.50,,,11.64,11.57,-1.16,-0.63,10.50,12.19,9.28,12.19
F PRD,F-D,F,,BB,8.00,04/30/2025,8/15/2027,8/15/2062,0.40,6.50%,,20.79,3980.84,Automanufacturers,,,,,,,,21.57,0.78,,23.17,24.50,-6.91,-11.97,20.85,26.06,20.10,26.19
FCRX,FCRX,CCAP,,BB,11.00,05/30/2025,5/25/2023,5/25/2026,0.31,5.00%,,23.25,37.06,Assetmanagement,,,,,,,,24.90,1.65,,24.70,24.45,0.79,1.86,23.91,25.00,22.50,25.00
FGN,FGN,FG,,BB,8.50,05/30/2025,12/15/2028,12/15/2053,0.50,7.95%,,,134.94,Insurance,,,,,,,,25.87,,,25.95,26.31,-0.29,-1.66,24.21,27.65,24.21,27.65
FGSN,FGSN,FG,,,8.50,07/01/2025,1/15/2030,1/15/2065,0.46,7.30%,,,134.94,Insurance,,,,,,,,23.59,,,,,,,20.51,25.02,20.51,25.02
FHN PRB,FHN-B,FHN,NFF,,8.50,07/17/2025,8/1/2025,NONE,0.42,6.63%,,,506.74,Regionalbank,,,,,,,,25.34,,,25.09,25.03,0.99,1.24,24.37,25.70,20.10,25.77
FHN PRC,FHN-C,FHN,NFF,,8.50,07/17/2025,5/1/2026,NONE,0.41,6.60%,,,506.74,Regionalbank,,,,,,,,25.00,,,25.12,25.00,-0.49,0.02,23.95,25.75,19.11,25.77
FHN PRE,FHN-E,FHN,,,10.50,06/25/2025,10/10/2025,NONE,0.41,6.50%,,,506.74,Regionalbank,,,,,,,,23.85,,,24.25,24.21,-1.64,-1.47,22.77,25.71,18.19,25.71
FITBI,FITBI,FITB,,,8.50,06/26/2025,12/31/2023,NONE,0.52,6.63%,,,667.97,Regionalbank,,,,,,,,25.49,,,25.65,25.69,-0.62,-0.77,24.75,26.25,24.11,26.25
FLG PRA,FLG-A,FLG,,,8.00,06/06/2025,6/17/2027,NONE,0.40,6.38%,,,415.83,Regionalbank,,,,,,,,22.48,,,22.40,20.76,0.35,8.29,19.69,24.15,8.50,24.15
FRMEP,FRMEP,FRME,,,8.00,07/28/2025,8/15/2025,NONE,0.47,7.50%,26.00,23.23,58.20,Regionalbank,,,,,,,,25.50,2.27,-0.50,25.37,25.39,0.52,0.45,23.38,25.90,22.79,26.43
GAINI,GAINI,GAIN,,,8.00,07/14/2025,2/1/2027,2/1/2030,0.49,7.88%,,,36.84,Assetmanagement,,,,,,,,25.32,,,,,,,24.60,25.53,24.60,25.53
GAINL,GAINL,GAIN,,BB,8.00,07/15/2025,8/1/2025,8/1/2028,0.50,8.00%,,25.07,36.84,Assetmanagement,,,,,,,,25.46,0.39,,25.69,25.75,-0.90,-1.13,25.27,26.66,24.70,27.13
GAINN,GAINN,GAIN,,BB,8.00,07/11/2025,5/1/2023,5/1/2026,0.31,5.00%,23.85,23.23,36.84,Assetmanagement,,,,,,,,24.97,1.74,1.12,24.81,24.55,0.63,1.71,24.20,25.28,23.00,25.28
GAINZ,GAINZ,GAIN,,BB,8.00,07/11/2025,11/1/2023,11/1/2028,0.31,4.75%,23.45,21.85,36.84,Assetmanagement,,,,,,,,23.10,1.25,-0.35,23.11,23.18,-0.04,-0.36,22.21,24.16,21.38,24.76
GAM PRB,GAM-B,GAM,,,8.00,06/09/2025,9/24/2008,NONE,0.37,5.95%,26.21,24.28,27.06,Cef,,,,,,,,24.99,0.71,-1.22,24.97,25.18,0.07,-0.76,24.55,26.24,23.74,26.24
GECCH,GECCH,GECC,,BB,8.00,06/13/2025,12/30/2026,12/31/2029,0.50,8.13%,,,11.54,Assetmanagement,,,,,,,,25.20,,,,,,,24.38,25.44,24.38,25.44
GECCI,GECCI,GECC,,,8.00,06/13/2025,4/30/2026,4/30/2029,0.53,8.50%,,,11.54,Assetmanagement,,,,,,,,25.14,,,25.17,25.19,-0.12,-0.19,24.75,25.70,24.67,25.70
GECCO,GECCO,GECC,,BB,8.00,06/13/2025,6/30/2023,6/30/2026,0.36,5.88%,24.75,24.05,11.54,Assetmanagement,,,,,,,,25.06,1.01,0.31,25.13,24.83,-0.29,0.91,24.26,26.55,23.00,26.55
GECCZ,GECCZ,GECC,,BB,8.00,06/13/2025,9/30/2025,9/30/2028,0.54,8.75%,,24.64,11.54,Assetmanagement,,,,,,,,,,,,,,,,,,
GLADZ,GLADZ,GLAD,,BB,8.00,05/15/2025,9/1/2025,9/1/2028,0.48,7.75%,,25.02,22.33,Cef,,,,,,,,25.45,0.43,,25.54,25.45,-0.34,0.02,24.97,25.98,24.45,25.98
GMRE PRA,GMRE-A,GMRE,,,8.00,07/11/2025,9/15/2022,NONE,0.47,7.50%,25.54,24.46,66.88,Reit,,,,,,,,24.91,0.45,-0.63,25.06,25.10,-0.60,-0.74,23.38,26.26,23.32,26.26
GNL PRA,GNL-A,GNL,,,8.00,07/02/2025,9/12/2022,NONE,0.45,7.25%,25.75,16.96,229.01,Reit,,,,,,,,22.66,5.70,-3.09,22.10,21.92,2.54,3.37,19.36,23.77,16.42,23.77
GNL PRB,GNL-B,GNL,,,8.00,07/02/2025,11/26/2024,NONE,0.43,6.88%,26.04,16.01,229.01,Reit,,,,,,,,21.42,5.41,-4.62,21.00,21.05,2.00,1.74,18.68,24.21,15.61,24.21
GNL PRD,GNL-D,GNL,,,8.00,07/03/2025,3/26/2024,NONE,0.47,7.50%,,17.92,229.01,Reit,,,,,,,,23.36,5.44,,22.79,22.32,2.51,4.66,20.25,24.47,16.44,24.47
GNL PRE,GNL-E,GNL,,,8.00,07/03/2025,12/15/2025,NONE,0.46,7.38%,,17.64,229.01,Reit,,,,,,,,22.58,4.94,,22.43,22.11,0.69,2.12,20.29,23.79,16.10,23.79
GPMT PRA,GPMT-A,GPMT,NFF,,9.50,06/30/2025,1/15/2027,NONE,0.44,7.00%,,,48.41,Reit,,,,,,,,18.68,,,17.32,16.93,7.86,10.36,15.70,18.72,15.38,18.72
GS PRA,GS-A,GS,FLR,,9.50,07/24/2025,4/10/2010,NONE,0.34,3.75%,,,306.83,Bank,,,,,,,,21.74,,,22.79,23.21,-4.62,-6.33,20.84,24.48,20.00,24.48
GS PRC,GS-C,GS,FLR,,9.50,07/24/2025,5/24/2011,NONE,0.34,4.00%,,,306.83,Bank,,,,,,,,22.06,,,23.36,23.75,-5.55,-7.13,21.34,25.03,20.21,25.24
GS PRD,GS-D,GS,FLR,,8.00,07/24/2025,10/31/2010,NONE,0.33,4.00%,,,306.83,Bank,,,,,,,,21.49,,,22.55,22.91,-4.72,-6.18,20.95,23.83,19.87,23.83
GSL PRB,GSL-B,GSL,,,10.50,06/23/2025,8/20/2019,NONE,0.55,8.75%,,,35.74,Marineshipping,,,,,,,,26.20,,,26.10,26.31,0.40,-0.42,24.75,27.28,24.75,28.85
HBANL,HBANL,HBAN,NFF,,8.00,07/01/2025,4/15/2028,NONE,0.43,6.88%,,,1455.68,Regionalbank,,,,,,,,25.45,,,25.37,25.43,0.31,0.08,24.32,26.61,20.76,26.61
HCXY,HCXY,HTGC,,BB,8.00,07/11/2025,10/30/2023,10/30/2033,0.39,6.25%,25.31,23.56,175.77,Assetmanagement,,,,,,,,25.15,1.59,-0.16,24.99,25.11,0.63,0.15,24.42,25.98,22.70,25.98
HNNAZ,HNNAZ,HNNA,,BB,2.50,06/13/2025,12/31/2023,12/31/2026,0.31,4.88%,24.59,23.49,7.79,Assetmanagement,,,,,,,,24.70,1.21,0.11,24.49,24.20,0.85,2.07,23.70,25.57,21.76,25.57
HOVNP,HOVNP,HOVN,,,7.00,06/27/2025,7/12/2010,NONE,0.48,7.63%,,,-,-,,,,,,,,16.40,,,17.00,17.60,-3.51,-6.80,16.05,18.43,16.05,19.89
HPP PRC,HPP-C,HPP,,,8.00,06/16/2025,11/16/2026,NONE,0.30,4.75%,21.92,10.50,141.39,Reit,,,,,,,,12.69,2.19,-9.23,13.28,13.48,-4.45,-5.84,11.23,15.57,7.66,15.57
HROWL,HROWL,HROW,,BB,8.00,07/11/2025,2/1/2026,4/30/2026,0.54,8.63%,24.39,23.70,36.69,Healthcare,,,,,,,,25.27,1.57,0.88,25.27,25.26,-0.01,0.04,25.00,25.73,22.05,25.73
HROWM,HROWM,HROW,,BB,8.00,07/11/2025,12/31/2024,12/31/2027,0.74,11.88%,,25.20,36.69,Healthcare,,,,,,,,26.21,1.01,,26.50,26.40,-1.09,-0.71,24.90,27.70,22.71,27.72
HTFB,HTFB,HRZN,,BB,8.00,06/13/2025,3/30/2023,3/30/2026,0.31,4.88%,24.49,23.53,40.36,Assetmanagement,,,,,,,,25.01,1.48,0.52,24.84,24.54,0.68,1.92,24.19,26.11,23.00,26.11
HTFC,HTFC,HRZN,,BB,8.00,06/13/2025,6/15/2024,6/15/2027,0.39,4.88%,25.25,24.20,40.36,Assetmanagement,,,,,,,,24.44,0.24,-0.81,24.37,24.18,0.27,1.08,23.84,24.83,22.90,24.83
INBKZ,INBKZ,INBK,FF,,8.00,05/15/2025,6/30/2024,6/30/2029,0.54,6.00%,,,8.70,Regionalbank,,,,,,,,24.19,,,24.75,24.88,-2.26,-2.78,23.78,25.65,17.00,25.65
IVR PRC,IVR-C,IVR,NFF,,10.00,06/05/2025,9/27/2027,NONE,0.47,7.50%,,,65.94,Reit,,,,,,,,24.70,,,23.95,23.77,3.13,3.93,20.23,25.20,17.52,25.20
JXN PRA,JXN-A,JXN,NFF,,10.50,06/12/2025,3/30/2028,NONE,0.50,8.00%,,,71.42,Insurance,,,,,,,,26.18,,,26.18,26.43,0.00,-0.94,25.25,27.50,23.60,27.69
KEY PRI,KEY-I,KEY,NFF,,10.50,05/28/2025,12/15/2026,NONE,0.38,6.13%,,,1095.55,Regionalbank,,,,,,,,25.18,,,24.88,24.50,1.20,2.78,23.50,25.97,17.66,25.97
KEY PRL,KEY-L,KEY,NFF,,10.00,05/28/2025,9/15/2027,NONE,0.39,6.20%,,,1095.55,Regionalbank,,,,,,,,24.67,,,24.45,24.01,0.91,2.75,22.33,25.65,16.30,25.65
KMPB,KMPB,KMPR,NFF,,8.00,05/30/2025,3/15/2027,3/15/2062,0.37,5.88%,,,63.97,Insurance,,,,,,,,22.52,,,22.82,22.93,-1.33,-1.79,20.69,23.94,16.62,23.94
LBRDP,LBRDP,LBRDA,,,11.00,06/27/2025,,3/9/2039,0.44,7.00%,26.23,21.31,143.16,Communicationservices,,,,,,,,24.80,3.49,-1.43,24.73,23.99,0.27,3.39,23.39,26.88,20.90,26.88
LNC PRD,LNC-D,LNC,,,8.00,05/15/2025,12/1/2027,NONE,0.56,9.00%,,26.41,170.70,Insurance,,,,,,,,26.71,0.30,,27.04,27.66,-1.22,-3.43,25.78,28.89,24.82,28.89
MBINL,MBINL,MBIN,,,8.00,06/12/2025,1/1/2030,NONE,0.48,7.63%,,,45.76,Regionalbank,,,,,,,,23.44,,,,,,,22.83,25.90,22.83,25.90
MBINM,MBINM,MBIN,NFF,,8.00,06/13/2025,10/1/2027,NONE,0.52,8.25%,,,45.76,Regionalbank,,,,,,,,25.18,,,25.68,25.82,-1.93,-2.47,24.80,26.92,21.60,26.92
MBNKP,MBNKP,MFIN,FF,,11.50,06/16/2025,4/1/2025,NONE,0.68,8.00%,,,23.24,Creditservices,,,,,,,,25.60,,,25.45,25.23,0.57,1.46,24.25,27.00,21.97,27.00
MER PRK,MER-K,BAC,,TP,11.50,06/12/2025,12/15/2011,12/15/2066,0.40,6.45%,26.45,24.62,7537.21,Bank,,,,,,,,25.43,0.81,-1.02,25.71,25.73,-1.08,-1.17,25.18,26.64,24.51,26.64
MET PRA,MET-A,MET,FLR,,8.00,05/30/2025,9/15/2010,NONE,0.36,4.00%,,,671.16,Insurance,,,,,,,,24.40,,,24.43,24.53,-0.14,-0.55,22.07,25.43,22.00,25.43
METCL,METCL,METC,,BB,8.00,07/15/2025,7/30/2023,7/30/2026,0.56,9.00%,26.32,25.45,54.69,Cokingcoal,,,,,,,,25.52,0.07,-0.80,25.56,25.64,-0.15,-0.48,24.75,26.22,24.18,26.22
METCZ,METCZ,METC,,,8.00,04/15/2025,11/30/2026,11/30/2029,0.52,8.38%,,,54.69,Cokingcoal,,,,,,,,23.85,,,,,,,23.18,25.59,23.18,25.59
MFA PRC,MFA-C,MFA,NFF,,8.00,06/02/2025,3/31/2025,NONE,0.41,6.50%,,,102.65,Reit,,,,,,,,24.36,,,24.42,24.03,-0.23,1.39,21.62,25.03,17.10,25.03
MFAN,MFAN,MFA,,BB,8.00,08/01/2025,2/15/2026,2/15/2029,0.56,8.88%,,,102.65,Reit,,,,,,,,24.83,,,25.01,25.19,-0.70,-1.42,24.02,25.82,24.02,25.82
MFAO,MFAO,MFA,,BB,8.00,07/30/2025,8/15/2026,8/15/2029,0.56,9.00%,,,102.65,Reit,,,,,,,,24.96,,,,,,,24.27,25.85,24.27,25.85
MFICL,MFICL,MFIC,,BB,12.00,05/27/2025,12/15/2025,12/15/2028,0.50,8.00%,,,92.92,Assetmanagement,,,,,,,,25.47,,,25.43,25.43,0.16,0.15,25.11,25.85,25.00,25.85
MGRE,MGRE,AMG,,BB,8.00,06/26/2025,3/30/2029,3/30/2064,0.42,6.75%,,,28.79,Assetmanagement,,,,,,,,23.64,,,24.35,25.16,-2.92,-6.02,22.51,26.51,22.51,26.51
MHLA,MHLA,MHLD,,BB,8.00,05/30/2025,6/14/2021,6/14/2046,0.41,6.63%,17.51,15.26,99.49,Insurance,,,,,,,,14.82,-0.44,-2.69,14.40,15.34,2.92,-3.38,12.25,17.93,12.25,18.67
MHNC,MHNC,MHLD,,BB,8.00,05/15/2025,12/1/2018,12/1/2043,0.48,7.75%,18.64,17.60,99.49,Insurance,,,,,,,,17.20,-0.40,-1.44,16.76,17.31,2.61,-0.64,14.85,19.97,14.85,20.65
MITN,MITN,MITT,,BB,8.00,08/01/2025,2/15/2026,2/15/2029,0.59,9.50%,,,29.68,Reit,,,,,,,,25.09,,,25.12,25.18,-0.14,-0.35,21.50,25.60,21.50,25.95
MITP,MITP,MITT,,BB,8.00,07/30/2025,5/15/2026,5/15/2029,0.59,9.50%,,,29.68,Reit,,,,,,,,24.96,,,,,,,24.20,25.80,24.20,25.80
MITT PRA,MITT-A,MITT,,,8.00,05/30/2025,9/17/2024,NONE,0.52,8.25%,20.45,17.36,29.68,Reit,,,,,,,,22.22,4.86,1.77,22.04,21.65,0.82,2.64,18.60,23.99,15.91,23.99
MITT PRB,MITT-B,MITT,,,8.00,05/30/2025,9/27/2017,NONE,0.50,8.00%,20.19,16.46,29.68,Reit,,,,,,,,21.47,5.01,1.28,21.39,21.04,0.37,2.06,18.41,23.82,15.01,23.82
MITT PRC,MITT-C,MITT,FF,,11.00,05/30/2025,8/3/2017,NONE,0.71,8.00%,,,29.68,Reit,,,,,,,,25.21,,,24.88,24.75,1.32,1.85,20.65,25.50,17.05,25.50
MS PRA,MS-A,MS,FLR,,11.00,06/27/2025,7/15/2011,NONE,0.33,4.00%,,,1603.20,Bank,,,,,,,,22.00,,,23.09,23.14,-4.71,-4.93,21.00,24.65,20.31,24.65
MS PRE,MS-E,MS,,,11.00,06/27/2025,10/15/2023,NONE,0.45,7.13%,26.10,24.99,1603.20,Bank,,,,,,,,25.44,0.45,-0.66,25.44,25.40,0.01,0.15,25.01,25.84,24.93,26.28
MS PRF,MS-F,MS,,,11.00,06/27/2025,1/15/2024,NONE,0.43,6.88%,26.31,24.43,1603.20,Bank,,,,,,,,25.22,0.79,-1.09,25.28,25.31,-0.23,-0.37,24.87,25.75,24.33,26.05
MS PRI,MS-I,MS,,,11.00,06/27/2025,10/15/2024,NONE,0.40,6.38%,26.49,23.40,1603.20,Bank,,,,,,,,24.80,1.40,-1.69,24.97,25.15,-0.68,-1.41,24.21,26.75,23.25,26.75
MS PRP,MS-P,MS,,,11.00,06/27/2025,10/15/2027,NONE,0.41,6.50%,26.33,24.28,1603.20,Bank,,,,,,,,25.48,1.20,-0.85,25.55,25.89,-0.29,-1.59,24.70,27.14,24.25,27.14
MS PRQ,MS-Q,MS,,,8.00,06/30/2025,10/15/2029,NONE,0.41,6.63%,,,1603.20,Bank,,,,,,,,25.62,,,,,,,24.82,27.35,21.92,27.35
MSBIP,MSBIP,MSBI,NFF,,10.50,06/16/2025,9/30/2027,NONE,0.48,7.75%,,,21.40,Regionalbank,,,,,,,,23.87,,,23.93,24.67,-0.23,-3.26,22.75,25.77,20.92,26.55
MTB PRH,MTB-H,MTB,NFF,,10.50,06/02/2025,12/15/2026,NONE,0.35,5.63%,,,160.60,Regionalbank,,,,,,,,24.79,,,24.54,24.60,1.03,0.77,23.02,26.12,20.22,26.12
MTB PRJ,MTB-J,MTB,,,8.00,06/02/2025,6/15/2029,NONE,0.47,7.50%,,,160.60,Regionalbank,,,,,,,,26.47,,,,,,,25.00,28.04,24.09,28.04
NEWTG,NEWTG,NEWT,,BB,8.00,05/30/2025,6/1/2027,6/1/2029,0.53,8.50%,,,27.29,Regionalbank,,,,,,,,24.86,,,,,,,24.00,25.84,24.00,25.84
NEWTH,NEWTH,NEWT,,BB,8.00,07/14/2025,10/15/2026,10/15/2029,0.54,8.63%,,,27.29,Regionalbank,,,,,,,,24.63,,,,,,,23.00,25.95,23.00,25.95
NEWTI,NEWTI,NEWT,,BB,8.00,05/15/2025,9/1/2025,9/1/2028,0.50,8.00%,,24.80,27.29,Regionalbank,,,,,,,,25.50,0.70,,25.02,25.11,1.90,1.55,23.90,26.57,23.48,26.57
NEWTZ,NEWTZ,NEWT,,,8.00,07/11/2025,2/1/2022,2/1/2026,0.34,5.50%,24.46,23.61,27.29,Regionalbank,,,,,,,,24.63,1.02,0.17,24.75,24.53,-0.49,0.40,24.28,25.25,23.10,26.02
NLY PRF,NLY-F,NLY,FF,,8.00,06/02/2025,9/30/2022,NONE,0.60,6.95%,,,26.45,Reit,,,,,,,,25.77,,,25.61,25.59,0.64,0.71,21.75,26.34,21.75,26.34
NLY PRG,NLY-G,NLY,FF,,8.00,06/02/2025,3/31/2023,NONE,0.55,6.50%,,,26.45,Reit,,,,,,,,24.91,,,25.01,25.24,-0.39,-1.29,23.01,25.75,22.39,25.78
NLY PRI,NLY-I,NLY,FF,,9.50,06/02/2025,6/30/2024,NONE,0.60,6.75%,,,26.45,Reit,,,,,,,,25.65,,,25.55,25.55,0.41,0.39,24.15,26.05,21.17,26.05
NMFCZ,NMFCZ,NMFC,,BB,8.00,08/01/2025,6/17/2027,NONE,0.52,8.25%,,,107.59,Assetmanagement,,,,,,,,25.17,,,25.44,25.53,-1.07,-1.42,25.09,26.20,24.95,26.74
NREF PRA,NREF-A,NREF,,,8.00,07/11/2025,7/24/2025,NONE,0.53,8.50%,24.00,18.80,17.64,Reit,,,,,,,,21.80,3.00,-2.20,22.99,22.73,-5.17,-4.09,21.47,24.79,18.00,24.79
NYMTG,NYMTG,NYMT,,,8.00,03/14/2025,4/1/2027,4/1/2030,0.57,9.13%,,,90.30,Reit,,,,,,,,24.37,,,,,,,22.70,25.69,22.70,25.69
NYMTI,NYMTI,NYMT,,BB,8.00,06/12/2025,7/1/2026,7/1/2029,0.57,9.13%,,,90.30,Reit,,,,,,,,24.71,,,,,,,23.09,26.00,23.09,26.00
NYMTL,NYMTL,NYMT,NFF,,8.00,07/01/2025,10/15/2026,NONE,0.43,6.88%,,,90.30,Reit,,,,,,,,22.15,,,21.69,21.31,2.12,3.94,19.36,23.03,16.61,23.03
NYMTM,NYMTM,NYMT,FF,,8.00,07/01/2025,1/15/2025,NONE,0.69,7.88%,,,90.30,Reit,,,,,,,,24.64,,,24.63,24.33,0.02,1.27,22.50,25.39,20.07,25.39
NYMTN,NYMTN,NYMT,NFF,,8.00,07/01/2025,10/15/2027,NONE,0.50,8.00%,,,90.30,Reit,,,,,,,,21.86,,,22.15,22.10,-1.29,-1.11,19.21,23.56,18.71,23.56
OCCIM,OCCIM,OCCI,,Term,8.00,05/20/2025,10/31/2026,10/31/2029,0.16,7.88%,,,20.70,Cef,,,,,,,,24.73,,,,,,,24.18,25.21,24.18,25.21
OCCIN,OCCIN,OCCI,,,8.00,05/20/2025,12/31/2023,12/31/2026,0.11,5.25%,22.99,22.07,20.70,Cef,,,,,,,,24.18,2.11,1.19,23.87,23.58,1.28,2.53,23.15,24.56,21.53,24.56
OCCIO,OCCIO,OCCI,,,8.00,05/20/2025,4/30/2023,4/30/2026,0.13,6.13%,24.87,23.35,20.70,Cef,,,,,,,,24.80,1.45,-0.07,24.69,24.52,0.45,1.16,24.17,24.99,22.86,24.99
OCFCP,OCFCP,OCFC,NFF,,8.00,07/25/2025,6/1/2025,NONE,0.44,7.00%,,,58.38,Regionalbank,,,,,,,,25.00,,,25.19,25.03,-0.75,-0.12,24.67,25.90,21.55,25.90
OFSSH,OFSSH,OFS,,BB,9.00,07/11/2025,10/31/2023,10/31/2028,0.31,4.95%,22.99,21.00,13.41,Cef,,,,,,,,22.53,1.53,-0.46,22.58,22.35,-0.23,0.79,21.88,22.82,20.52,22.82
ONBPO,ONBPO,ONB,,,9.00,08/01/2025,8/20/2025,NONE,0.44,7.00%,,,370.09,Regionalbank,,,,,,,,24.85,,,24.93,25.07,-0.31,-0.89,24.44,25.78,21.36,27.00
ONBPP,ONBPP,ONB,,,8.00,08/01/2025,8/20/2025,NONE,0.44,7.00%,26.93,22.98,370.09,Regionalbank,,,,,,,,25.16,2.18,-1.77,25.05,25.12,0.42,0.17,24.40,26.20,20.99,26.36
OXLCG,OXLCG,OXLC,,,8.00,06/13/2025,2/28/2030,2/29/2032,0.68,7.95%,,,437.24,Cef,,,,,,,,24.57,,,,,,,24.06,24.89,24.06,24.89
OXLCI,OXLCI,OXLC,,BB,8.00,06/13/2025,6/30/2028,6/30/2030,0.55,8.75%,,,437.24,Cef,,,,,,,,25.56,,,,,,,24.93,26.18,24.93,26.18
OXLCL,OXLCL,OXLC,,BB,8.00,06/13/2025,3/16/2024,3/31/2031,0.42,6.75%,24.65,22.68,437.24,Cef,,,,,,,,23.22,0.54,-1.43,23.45,23.78,-0.98,-2.37,22.75,24.68,22.10,24.68
OXLCN,OXLCN,OXLC,,Term,8.00,05/16/2025,6/30/2024,6/30/2029,0.15,7.13%,24.60,22.92,437.24,Cef,,,,,,,,23.97,1.05,-0.63,24.08,24.09,-0.45,-0.49,23.40,24.50,22.11,24.50
OXLCO,OXLCO,OXLC,,,8.00,05/16/2025,8/31/2024,8/31/2029,0.13,6.00%,23.37,21.49,437.24,Cef,,,,,,,,22.62,1.13,-0.75,22.86,22.73,-1.05,-0.49,22.28,23.47,20.70,23.47
OXLCP,OXLCP,OXLC,,,8.00,05/16/2025,2/28/2023,2/28/2027,0.13,6.25%,24.00,22.74,437.24,Cef,,,,,,,,24.26,1.52,0.26,24.19,23.93,0.31,1.38,23.70,24.46,22.35,24.46
OXLCZ,OXLCZ,OXLC,,BB,8.00,06/13/2025,1/31/2024,1/31/2027,0.31,5.00%,23.69,22.31,437.24,Cef,,,,,,,,23.86,1.55,0.17,23.87,23.61,-0.03,1.06,23.33,24.37,21.93,24.37
OXSQG,OXSQG,OXSQ,,BB,8.00,06/20/2025,5/31/2024,7/31/2028,0.34,5.50%,23.55,21.50,71.37,Cef,,,,,,,,23.11,1.61,-0.44,23.24,23.02,-0.56,0.40,22.64,23.49,21.30,23.49
OXSQZ,OXSQZ,OXSQ,,BB,8.00,06/20/2025,4/30/2022,4/30/2026,0.39,6.25%,24.70,23.48,71.37,Cef,,,,,,,,24.90,1.42,0.20,24.71,24.55,0.77,1.44,24.30,25.00,23.25,25.00
PBI PRB,PBI-B,PBI,,BB,8.00,05/23/2025,3/7/2018,3/7/2043,0.42,6.70%,23.44,16.07,183.19,Integratedfreight&logistics,,,,,,,,20.19,4.12,-3.25,19.95,19.62,1.23,2.93,17.31,22.23,14.17,22.23
PDPA,PDPA,-,,,8.00,05/16/2025,12/31/2026,12/31/2029,0.17,8.00%,,,-,-,,,,,,,,24.95,,,,,,,24.30,25.84,24.30,25.84
PMT PRA,PMT-A,PMT,,,8.00,05/28/2025,3/15/2024,NONE,0.51,8.13%,24.77,20.80,87.13,Reit,,,,,,,,24.72,3.92,-0.05,24.21,24.27,2.11,1.85,22.68,26.00,20.11,26.00
PMT PRB,PMT-B,PMT,,,8.00,05/28/2025,6/15/2024,NONE,0.50,8.00%,25.00,20.27,87.13,Reit,,,,,,,,24.86,4.59,-0.14,24.16,24.11,2.90,3.12,22.76,25.21,19.80,25.21
PMT PRC,PMT-C,PMT,,,8.00,05/28/2025,8/24/2026,NONE,0.42,6.75%,21.21,16.38,87.13,Reit,,,,,,,,19.40,3.02,-1.81,19.39,19.76,0.04,-1.80,17.51,21.66,16.04,21.66
PMTU,PMTU,PMT,,BB,8.00,06/13/2025,9/30/2025,9/30/2028,0.53,8.50%,,24.25,87.13,Reit,,,,,,,,25.34,1.09,,25.42,25.57,-0.31,-0.90,24.46,26.29,23.75,26.49
PMTV,PMTV,PMT,,,8.00,16-May,2/15/2027,2/15/2030,0.56,9.00%,,,87.13,Reit,,,,,,,,25.08,,,,,,,24.50,25.79,24.50,25.79
PNFPP,PNFPP,PNFP,,,8.00,06/20/2025,9/1/2025,NONE,0.42,6.75%,26.08,21.00,77.52,Regionalbank,,,,,,,,24.08,3.08,-2.00,24.63,24.32,-2.24,-0.97,23.76,25.29,20.50,25.29
PRIF PRD,PRIF-D,-,,,8.00,06/20/2025,3/31/2022,6/30/2029,0.44,7.00%,24.79,22.45,-,-,,,,,,,,24.24,1.79,-0.55,24.12,23.83,0.51,1.71,23.39,24.78,20.30,24.78
PRIF PRF,PRIF-F,-,,,8.00,06/20/2025,2/25/2023,6/30/2027,0.41,6.63%,24.60,23.37,-,-,,,,,,,,25.19,1.82,0.59,24.55,24.17,2.59,4.22,23.78,25.22,22.22,25.22
PRIF PRH,PRIF-H,-,,,8.00,06/20/2025,5/6/2023,12/31/2026,0.38,6.00%,,,-,-,,,,,,,,,,,,,,,,,,
PRIF PRI,PRIF-I,-,,,8.00,06/20/2025,6/17/2024,6/30/2028,0.38,6.13%,23.73,22.13,-,-,,,,,,,,23.66,1.53,-0.07,23.49,23.21,0.73,1.95,22.82,24.98,21.48,24.98
PRIF PRJ,PRIF-J,-,,,8.00,06/20/2025,8/10/2024,12/31/2028,0.38,6.00%,23.06,22.36,-,-,,,,,,,,23.12,0.76,0.06,23.03,22.93,0.39,0.81,22.33,23.75,21.15,23.75
PRIF PRK,PRIF-K,-,,,8.00,06/20/2025,9/30/2026,NONE,0.44,7.00%,23.93,19.45,-,-,,,,,,,,22.23,2.78,-1.70,22.19,21.73,0.19,2.28,20.20,23.29,18.96,23.29
PRIF PRL,PRIF-L,-,,,9.50,05/30/2025,2/28/2025,3/31/2029,0.40,6.38%,24.30,21.96,-,-,,,,,,,,23.52,1.56,-0.78,23.46,23.29,0.25,1.01,22.70,24.27,21.44,24.27
QVCC,QVCC,QVCGA,,BB,9.50,05/30/2025,11/26/2024,11/26/2068,0.39,6.25%,21.68,8.35,403.43,Internetretail,,,,,,,,8.55,0.20,-13.13,10.57,11.99,-19.10,-28.66,7.42,14.19,7.42,15.10
QVCD,QVCD,QVCGA,,BB,8.00,06/27/2025,9/13/2023,9/13/2067,0.40,6.38%,22.05,8.31,403.43,Internetretail,,,,,,,,8.60,0.29,-13.45,10.67,12.08,-19.37,-28.82,7.23,14.12,7.23,15.20
RC PRE,RC-E,RC,,,8.00,01/09/2025,6/10/2026,NONE,0.41,6.50%,20.71,17.39,172.29,Reit,,,,,,,,15.35,-2.04,-5.36,16.81,18.14,-8.68,-15.38,14.87,19.73,14.87,19.73
RCB,RCB,RC,,BB,8.00,06/24/2025,7/30/2022,7/30/2026,0.39,6.20%,24.25,23.45,172.29,Reit,,,,,,,,23.90,0.45,-0.35,24.21,24.22,-1.29,-1.33,23.50,24.85,22.90,24.85
RCC,RCC,RC,,BB,8.00,05/30/2025,2/15/2023,2/15/2026,0.36,5.75%,23.91,23.74,172.29,Reit,,,,,,,,24.50,0.76,0.59,24.56,24.39,-0.23,0.43,24.17,26.87,22.90,26.87
RCD,RCD,RC,,,10.50,07/09/2025,12/15/2026,12/15/2029,0.56,9.00%,,,172.29,Reit,,,,,,,,23.34,,,,,,,22.97,25.55,22.97,25.55
RF PRC,RF-C,RF,NFF,,10.50,06/02/2025,8/15/2029,NONE,0.36,5.70%,,,898.77,Regionalbank,,,,,,,,23.38,,,23.82,23.82,-1.83,-1.85,21.94,25.56,16.63,25.56
RF PRF,RF-F,RF,NFF,,8.00,07/25/2025,9/15/2029,NONE,0.43,6.95%,,,898.77,Regionalbank,,,,,,,,25.28,,,,,,,24.20,26.67,23.61,26.67
RITM PRA,RITM-A,RITM,FF,,8.00,07/25/2025,8/15/2024,NONE,0.64,7.50%,,,529.83,Reit,,,,,,,,25.29,,,25.38,25.33,-0.36,-0.15,24.36,26.22,20.85,26.22
RITM PRB,RITM-B,RITM,FF,,8.00,07/25/2025,8/15/2024,NONE,0.63,7.13%,,,529.83,Reit,,,,,,,,25.28,,,25.24,25.19,0.16,0.38,24.07,25.86,19.50,25.86
RITM PRC,RITM-C,RITM,FF,,8.00,07/25/2025,2/15/2025,NONE,0.59,6.38%,,,529.83,Reit,,,,,,,,24.72,,,24.68,24.20,0.16,2.15,22.80,25.18,17.12,25.18
RITM PRD,RITM-D,RITM,NFF,,12.00,08/01/2025,11/15/2026,NONE,0.44,7.00%,,,529.83,Reit,,,,,,,,24.11,,,23.99,23.76,0.50,1.47,22.33,24.70,18.81,25.26
RIV PRA,RIV-A,RIV,,,9.50,06/13/2025,5/15/2027,NONE,0.38,6.00%,25.01,22.06,21.47,Cef,,,,,,,,22.95,0.89,-2.06,23.34,23.43,-1.66,-2.06,22.40,24.80,21.89,24.80
RJF PRB,RJF-B,RJF,,,8.00,06/27/2025,7/1/2026,NONE,0.40,6.38%,,,201.75,Assetmanagement,,,,,,,,25.25,,,25.23,25.21,0.09,0.14,24.76,26.45,24.60,26.45
RLJ PRA,RLJ-A,RLJ,,,8.00,07/30/2025,NONE,NONE,0.49,7.80%,26.33,23.55,151.76,Reit,,,,,,,,24.65,1.10,-1.68,24.76,25.13,-0.44,-1.91,22.80,26.63,22.80,26.63
RPT PRC,RPT-C,RPT,NFF,,8.00,05/15/2025,5/15/2030,NONE,0.49,9.88%,,,45.42,Reit,,,,,,,,25.01,,,,,,,24.22,25.50,24.22,25.50
RWAYL,RWAYL,RWAY,,BB,8.00,05/15/2025,7/28/2024,7/28/2027,0.47,7.50%,25.40,24.30,37.35,Creditservices,,,,,,,,25.02,0.72,-0.38,25.03,25.03,-0.05,-0.03,24.58,25.44,23.52,25.44
RWAYZ,RWAYZ,RWAY,,BB,8.00,06/27/2025,12/31/2024,12/31/2027,0.50,8.00%,,24.52,37.35,Creditservices,,,,,,,,25.02,0.50,,25.22,25.22,-0.78,-0.78,24.83,25.51,23.74,25.70
RWT PRA,RWT-A,RWT,NFF,,8.00,05/15/2025,4/15/2028,NONE,0.63,10.00%,,,132.98,Reit,,,,,,,,24.91,,,24.87,25.21,0.16,-1.19,20.77,26.50,19.62,26.50
RWTN,RWTN,RWT,,BB,8.00,05/15/2025,3/1/2026,3/1/2029,0.57,9.13%,,,132.98,Reit,,,,,,,,24.30,,,24.82,25.11,-2.08,-3.24,22.48,25.89,22.48,27.10
RWTO,RWTO,RWT,,BB,8.00,05/15/2025,9/1/2026,9/1/2029,0.56,9.00%,,,132.98,Reit,,,,,,,,24.52,,,,,,,22.25,26.00,22.25,26.00
RWTP,RWTP,RWT,,,12.00,05/30/2025,3/1/2027,3/1/2030,0.85,9.13%,,,132.98,Reit,,,,,,,,24.26,,,,,,,22.70,25.25,22.70,25.25
RZB,RZB,RGA,,,12.00,06/27/2025,6/15/2026,6/15/2056,0.36,5.75%,,,66.07,Insurance,,,,,,,,25.00,,,24.77,24.93,0.95,0.28,24.11,26.00,23.44,26.47
RZC,RZC,RGA,,,8.00,06/13/2025,10/15/2027,10/15/2052,0.45,7.13%,,,66.07,Insurance,,,,,,,,25.87,,,25.88,26.16,-0.04,-1.12,24.74,27.33,24.74,29.20
SACH PRA,SACH-A,SACH,,,8.00,05/15/2025,6/29/2026,NONE,0.48,7.75%,24.15,19.69,47.31,Reit,,,,,,,,15.14,-4.55,-9.01,16.17,19.40,-6.36,-21.95,12.54,23.78,12.54,25.06
SAJ,SAJ,SAR,,BB,8.00,05/15/2025,10/27/2024,10/31/2027,0.50,8.00%,,24.68,15.36,Assetmanagement,,,,,,,,25.50,0.82,,25.36,25.26,0.54,0.95,24.74,25.75,24.20,26.49
SAT,SAT,SAR,,BB,8.00,05/15/2025,4/27/2024,4/30/2027,0.38,6.00%,24.99,23.30,15.36,Assetmanagement,,,,,,,,24.48,1.18,-0.51,24.58,24.42,-0.42,0.23,23.91,25.16,22.75,25.16
SAY,SAY,SAR,,BB,8.00,05/15/2025,12/13/2024,12/31/2027,0.51,8.13%,,25.01,15.36,Assetmanagement,,,,,,,,25.07,0.06,,25.36,25.30,-1.14,-0.90,24.90,25.98,24.30,25.98
SAZ,SAZ,SAR,,BB,8.00,07/16/2025,4/14/2025,4/15/2028,0.53,8.50%,,25.03,15.36,Assetmanagement,,,,,,,,25.20,0.17,,25.41,25.44,-0.81,-0.93,24.90,26.00,24.52,26.00
SB PRC,SB-C,SB,,,8.00,07/16/2025,5/31/2019,NONE,0.50,8.00%,25.20,24.98,105.27,Marineshipping,,,,,,,,25.58,0.60,0.38,25.33,25.54,1.00,0.14,24.85,26.50,24.31,26.50
SB PRD,SB-D,SB,,,8.00,06/13/2025,6/30/2019,NONE,0.50,8.00%,,,105.27,Marineshipping,,,,,,,,25.43,,,25.33,25.64,0.38,-0.80,24.17,26.14,24.17,26.90
SCCC,SCCC,SACH,,BB,8.00,06/13/2025,9/30/2022,9/30/2025,0.48,7.75%,25.20,23.66,47.31,Reit,,,,,,,,24.88,1.22,-0.32,24.69,24.74,0.78,0.58,23.99,25.20,22.86,25.20
SCCD,SCCD,SACH,,,8.00,06/13/2025,9/20/2023,9/30/2026,0.38,6.00%,23.82,21.50,47.31,Reit,,,,,,,,20.70,-0.80,-3.12,20.97,21.60,-1.29,-4.19,19.00,23.10,19.00,23.26
SCCE,SCCE,SACH,,BB,8.00,06/13/2025,3/9/2024,3/30/2027,0.38,6.00%,23.08,20.88,47.31,Reit,,,,,,,,19.22,-1.66,-3.86,19.60,20.89,-1.95,-7.99,18.05,22.53,18.05,23.33
SCCF,SCCF,SACH,,BB,8.00,06/13/2025,5/11/2024,6/30/2027,0.45,7.13%,24.65,21.80,47.31,Reit,,,,,,,,19.50,-2.30,-5.15,19.49,21.13,0.03,-7.72,17.94,22.94,17.94,24.05
SCCG,SCCG,SACH,,BB,10.50,06/13/2025,8/23/2024,9/30/2027,0.50,8.00%,,22.80,47.31,Reit,,,,,,,,19.28,-3.52,,20.48,21.96,-5.87,-12.21,18.80,24.33,18.80,24.45
SCE PRJ,SCE-J,EIX,NFF,,10.50,06/13/2025,9/15/2025,NONE,0.34,5.38%,,,384.94,Utility,,,,,,,,22.56,,,22.77,23.72,-0.94,-4.89,20.70,25.10,18.94,25.10
SCE PRK,SCE-K,EIX,NFF,,10.50,06/13/2025,3/15/2026,NONE,0.34,5.45%,,,384.94,Utility,,,,,,,,23.23,,,23.31,24.23,-0.35,-4.11,21.91,25.37,20.98,25.49
SCE PRM,SCE-M,EIX,,TP,10.50,06/13/2025,11/22/2028,NONE,0.47,7.50%,,,384.94,Utility,,,,,,,,22.90,,,23.43,25.52,-2.25,-10.28,22.14,27.55,22.14,27.55
SCE PRN,SCE-N,EIX,,TP,8.00,06/27/2025,5/13/2029,NONE,0.43,6.95%,,,384.94,Utility,,,,,,,,21.79,,,,,,,20.71,27.12,20.71,27.12
SEAL PRA,SEAL-A,SEAL,,,8.00,06/27/2025,10/5/2021,NONE,0.56,9.00%,,,-,-,,,,,,,,25.34,,,25.38,25.51,-0.17,-0.68,24.50,26.00,23.60,26.49
SEAL PRB,SEAL-B,SEAL,NFF,,8.00,06/13/2025,10/15/2027,NONE,0.53,8.50%,,,-,-,,,,,,,,25.57,,,25.43,25.69,0.53,-0.46,23.92,26.75,22.64,27.44
SNV PRD,SNV-D,SNV,FF,,8.00,06/13/2025,6/21/2023,NONE,0.50,6.30%,,,138.77,Regionalbank,,,,,,,,24.95,,,25.04,25.15,-0.36,-0.79,23.51,25.75,22.28,25.80
SNV PRE,SNV-E,SNV,FF,,12.00,06/13/2025,7/1/2024,NONE,0.53,5.88%,,,138.77,Regionalbank,,,,,,,,25.74,,,25.69,25.72,0.18,0.06,24.21,26.86,19.55,26.86
SOJF,SOJF,SO,,,8.00,05/15/2025,3/15/2030,3/15/2085,0.41,6.50%,,,1098.51,Utility,,,,,,,,25.59,,,,,,,24.92,26.99,24.92,26.99
SPMA,SPMA,SPMC,,,9.00,05/15/2025,11/30/2026,11/30/2029,0.17,8.00%,,,20.27,Assetmanagement,,,,,,,,24.73,,,,,,,23.67,25.20,23.67,25.20
SPNT PRB,SPNT-B,SPNT,NFF,,8.00,06/13/2025,2/26/2026,NONE,0.50,8.00%,,,116.79,Insurance,,,,,,,,25.18,,,25.30,25.35,-0.46,-0.68,24.75,25.78,23.00,25.78
SSSSL,SSSSL,SSSS,,BB,8.00,06/13/2025,12/30/2024,12/30/2026,0.38,6.00%,24.75,23.35,23.55,Assetmanagement,,,,,,,,24.64,1.29,-0.11,24.60,24.43,0.18,0.87,24.16,25.40,22.39,25.40
SWKHL,SWKHL,SWKH,,BB,8.00,08/04/2025,Anytime,1/31/2027,0.56,9.00%,,24.80,12.27,Assetmanagement,,,,,,,,25.47,0.67,,25.27,25.31,0.79,0.64,24.59,25.82,24.47,25.88
SYF PRB,SYF-B,SYF,NFF,,11.50,08/08/2025,5/15/2029,NONE,0.52,8.25%,,,380.67,Creditservices,,,,,,,,24.97,,,25.27,25.58,-1.19,-2.37,23.30,26.71,23.30,26.71
TFC PRI,TFC-I,TFC,FLR,,8.00,06/13/2025,9/15/2011,NONE,0.32,4.00%,,,1308.21,Regionalbank,,,,,,,,23.83,,,22.80,23.07,4.52,3.28,20.40,25.35,19.01,25.35
TFINP,TFINP,TFIN,,,8.00,06/13/2025,6/30/2025,NONE,0.45,7.13%,25.47,19.20,23.50,Regionalbank,,,,,,,,21.07,1.87,-4.40,22.30,22.58,-5.53,-6.70,20.26,24.40,17.07,24.40
TFSA,TFSA,-,,,12.00,05/29/2025,2/10/2023,3/31/2026,0.44,7.00%,,,-,-,,,,,,,,24.65,,,24.48,23.98,0.67,2.80,23.37,26.85,21.60,27.58
TPGXL,TPGXL,TPG,,BB,8.00,06/12/2025,3/15/2029,3/15/2064,0.43,6.95%,,,110.28,Assetmanagement,,,,,,,,24.58,,,25.02,25.67,-1.77,-4.24,23.53,26.43,23.53,27.00
TRINI,TRINI,TRIN,,BB,9.00,06/09/2025,9/30/2026,9/30/2029,0.49,7.88%,,,64.65,Assetmanagement,,,,,,,,25.46,,,,,,,24.66,26.88,24.05,26.88
TRTN PRA,TRTN-A,-,,,9.00,06/09/2025,3/15/2024,NONE,0.53,8.50%,26.49,25.00,-,-,,,,,,,,25.50,0.50,-0.99,25.41,25.67,0.35,-0.67,23.96,26.55,23.96,26.83
TRTN PRB,TRTN-B,-,,,9.00,06/09/2025,9/15/2024,NONE,0.50,8.00%,26.63,23.67,-,-,,,,,,,,24.53,0.86,-2.10,24.88,25.15,-1.39,-2.45,22.75,25.70,22.75,25.95
TRTN PRC,TRTN-C,-,,,9.00,06/09/2025,12/15/2024,NONE,0.46,7.38%,26.10,22.32,-,-,,,,,,,,22.99,0.67,-3.11,23.76,24.50,-3.26,-6.16,21.93,25.56,21.93,26.17
TRTN PRF,TRTN-F,-,,,19.50,05/30/2025,3/15/2030,NONE,0.48,7.63%,,,-,-,,,,,,,,24.11,,,,,,,23.20,25.35,23.20,25.35
TVC,TVC,GOOGL,,,19.50,07/28/2025,,6/1/2028,0.13,2.13%,,,9990.00,-,,,,,,,,23.65,,,23.37,22.92,1.21,3.17,22.53,25.33,21.00,25.33
TVE,TVE,GOOGL,,,8.00,07/10/2025,,5/1/2029,0.14,2.22%,,,9990.00,-,,,,,,,,23.28,,,22.99,22.49,1.27,3.49,22.11,25.30,20.72,25.30
TWO PRA,TWO-A,TWO,NFF,,8.00,07/10/2025,4/26/2027,NONE,0.51,8.13%,,,103.74,Reit,,,,,,,,23.01,,,24.11,24.08,-4.54,-4.44,21.52,25.39,18.85,25.39
TWO PRB,TWO-B,TWO,NFF,,8.00,07/10/2025,7/27/2027,NONE,0.48,7.63%,,,103.74,Reit,,,,,,,,22.84,,,23.50,23.60,-2.82,-3.23,21.27,25.43,17.90,25.43
TWO PRC,TWO-C,TWO,FF,,8.00,05/29/2025,1/27/2025,NONE,0.60,7.25%,,,103.74,Reit,,,,,,,,24.17,,,24.49,24.40,-1.30,-0.95,22.25,25.20,18.55,25.20
UCB PRI,UCB-I,UCB,,,8.00,05/15/2025,9/15/2025,NONE,0.43,6.88%,,,119.46,Regionalbank,,,,,,,,24.37,,,24.65,24.46,-1.12,-0.36,23.50,25.34,18.38,25.34
UMH PRD,UMH-D,UMH,,,12.50,06/27/2025,1/22/2023,NONE,0.40,6.38%,25.57,20.85,83.91,Reit,,,,,,,,22.19,1.34,-3.38,22.44,23.00,-1.11,-3.52,20.99,24.38,19.83,24.42
USB PRH,USB-H,USB,FLR,,8.00,06/12/2025,4/15/2011,NONE,0.32,3.50%,,,1557.99,Regionalbank,,,,,,,,21.00,,,22.09,21.89,-4.93,-4.07,18.91,24.00,17.27,24.00
VLYPN,VLYPN,VLY,NFF,,8.00,06/13/2025,9/30/2029,NONE,0.52,8.25%,,,559.85,Regionalbank,,,,,,,,25.51,,,,,,,23.75,26.88,23.75,26.88
VLYPO,VLYPO,VLY,FF,,8.00,06/13/2025,9/30/2022,NONE,0.52,5.50%,,,559.85,Regionalbank,,,,,,,,24.96,,,24.86,24.76,0.42,0.81,22.73,25.77,19.61,26.01
VLYPP,VLYPP,VLY,NFF,,10.00,05/27/2025,6/30/2025,NONE,0.39,6.25%,,,559.85,Regionalbank,,,,,,,,25.13,,,24.72,23.99,1.65,4.76,21.71,25.68,15.50,25.68
VOYA PRB,VOYA-B,VOYA,NFF,,8.00,06/13/2025,9/15/2029,NONE,0.33,5.35%,,,96.09,Financialconglomerates,,,,,,,,24.27,,,24.18,24.66,0.39,-1.57,22.81,26.63,19.83,26.63
WAL PRA,WAL-A,WAL,NFF,,10.00,06/30/2025,9/30/2026,NONE,0.27,4.25%,,,110.43,Regionalbank,,,,,,,,21.61,,,21.91,20.59,-1.37,4.95,19.57,23.00,13.04,23.00
WBS PRG,WBS-G,WBS,,,8.00,06/13/2025,4/15/2018,NONE,0.41,6.50%,25.24,20.25,168.44,Regionalbank,,,,,,,,23.98,3.73,-1.26,23.41,23.60,2.41,1.59,21.26,25.26,18.12,25.26
WCC PRA,WCC-A,WCC,NFF,,8.00,05/28/2025,6/22/2025,NONE,0.66,10.63%,,,48.81,Industrialdistribution,,,,,,,,25.50,,,25.56,25.91,-0.23,-1.59,25.24,26.48,25.24,27.39
WHFCL,WHFCL,WHF,,BB,8.00,07/28/2025,9/15/2025,9/15/2028,0.49,7.88%,,24.85,23.24,Assetmanagement,,,,,,,,25.45,0.60,,25.34,25.34,0.44,0.42,25.01,25.73,24.54,27.41
WSBCP,WSBCP,WSBC,NFF,,8.00,07/01/2025,11/15/2025,NONE,0.42,6.75%,,,95.79,Regionalbank,,,,,,,,25.17,,,25.18,25.00,-0.05,0.69,24.42,25.60,21.01,25.60
WTFCM,WTFCM,WTFC,NFF,,8.00,07/01/2025,7/15/2025,NONE,0.41,6.50%,,,66.87,Regionalbank,,,,,,,,25.10,,,25.07,24.87,0.12,0.93,24.34,25.50,20.46,25.50
WTFCP,WTFCP,WTFC,NFF,,8.00,07/14/2025,7/15/2025,NONE,0.43,6.88%,,,66.87,Regionalbank,,,,,,,,25.16,,,25.16,25.09,0.01,0.28,24.68,25.49,22.47,25.49
XFLT PRA,XFLT-A,XFLT,,,8.00,06/30/2025,3/31/2023,3/31/2026,0.41,6.50%,25.46,24.54,76.12,Cef,,,,,,,,25.14,0.60,-0.32,25.12,24.96,0.10,0.72,24.61,25.45,24.21,25.45
XOMAO,XOMAO,XOMA,,,8.00,06/30/2025,4/15/2022,NONE,0.52,8.38%,25.30,22.56,11.95,Biotechnology,,,,,,,,25.30,2.74,0.00,25.30,25.33,-0.00,-0.11,23.32,25.87,20.43,25.87
XOMAP,XOMAP,XOMA,,,,30/06/2025,12/15/2021,NONE,0.54,8.63%,25.92,22.76,11.95,Biotechnology,,,,,,,,,,,,,,,,,,
,,,,,,,,,,,,,,,,,,,,X,X,,,,,,,,,,,
