PREF IBKR,CMON,BOND_,CRDT SCORE_,EX-DIV DATE,CALL DATE,MATUR DATE,DIV AMOUNT,COUPON,Aug2022_Price,Oct19_Price,Last Price,Oct19_diff,Aug2022_diff,SMA88,SMA268,SMA88 chg,SMA268 chg,6M Low,6M High,1Y Low,1Y High,TIME TO DIV,Div adj.price,6M_Low_diff,6M_High_diff,SMA88_chg_norm,SMA268_chg_norm,6M_Low_diff_norm,6M_High_diff_norm,Aug4_chg,Oct19_chg,Aug4_chg_norm,Oct19_chg_norm,1Y_High_diff,1Y_Low_diff,1Y_High_diff_norm,1Y_Low_diff_norm,ADV_6M,ADV_3M,ADV_15D,AVG_ADV,SOLIDITY_SCORE,CUR_YIELD,FINAL_THG,SOLIDITY_WEIGHT_USED,YIELD_WEIGHT_USED,Group
ACGLN,ACGL,,12,12/13/2024,,,0.28,4.55,21.7,16.62,17.06,0.44,-4.64,17.86,19.12,-4.5,-10.76,16.44,20.99,16.44,21.22,21.0,16.85,0.41,-4.14,71.61,72.41,75.7,60.31,-4.85,0.23,61.05,69.98,-4.37,0.41,63.28,88.17,32399.0,32984.0,23855.0,29746.0,68.64,0.07,447.02,2.07,702.15,9
ACGLO,ACGL,,11.5,12/13/2024,,,0.34,5.45,24.93,19.34,20.64,1.3,-4.29,21.14,22.28,-2.35,-7.37,19.99,23.93,19.2,24.5,21.0,20.38,0.39,-3.55,59.02,57.62,76.25,51.8,-4.55,1.04,57.98,62.64,-4.12,1.18,59.64,81.11,19624.0,20535.0,16211.0,18790.0,68.64,0.07,413.46,2.07,702.15,9
ACP PRA,ACP,,15,12/16/2024,,,0.33,5.25,24.61,21.47,21.46,-0.01,-3.15,21.71,23.24,-1.15,-7.66,20.21,25.0,19.65,26.33,24.0,21.22,1.01,-3.78,51.99,58.88,59.21,55.12,-3.39,-0.25,46.11,74.33,-5.11,1.57,74.09,77.54,1931.0,2372.0,1235.0,1846.0,55.94,0.06,373.31,2.07,702.15,11
ADC PRA,ADC,,11,10/22/2024,,,0.27,4.25,20.92,15.83,17.54,1.71,-3.38,17.61,18.44,-0.39,-4.89,16.96,21.94,15.71,21.94,59.0,17.45,0.49,-4.49,47.54,46.79,73.51,65.35,-3.47,1.62,46.93,57.38,-4.49,1.74,65.04,75.98,15926.0,14548.0,7493.0,12656.0,65.97,0.06,382.62,2.07,702.15,5
AEFC,AEG,BB,12.5,11/29/2024,12/15/2024,,0.32,5.1,24.32,18.56,20.18,1.62,-4.14,20.39,21.2,-1.01,-4.83,18.61,22.9,18.24,22.9,7.0,19.88,1.27,-3.02,51.17,46.53,52.06,44.16,-4.44,1.32,56.85,60.1,-3.02,1.64,43.58,76.9,36193.0,41122.0,32602.0,36639.0,36.73,0.06,310.61,2.07,702.15,9
AFGB,AFG,BB,11.5,12/13/2024,,,0.37,5.88,26.83,21.4,21.27,-0.13,-5.56,22.09,23.42,-3.7,-9.17,20.68,25.27,20.68,25.27,21.0,20.99,0.31,-4.28,66.93,65.47,78.45,62.32,-5.84,-0.41,71.18,75.78,-4.28,0.31,61.97,89.08,7336.0,9212.0,7827.0,8125.0,65.68,0.07,431.68,2.07,702.15,5
AFGC,AFG,BB,11.5,11/29/2024,,,0.32,5.13,26.22,18.46,18.84,0.38,-7.38,19.63,20.95,-4.04,-10.08,18.2,23.42,18.2,23.42,7.0,18.54,0.34,-4.88,68.92,69.44,77.63,70.97,-7.68,0.08,90.0,71.34,-4.88,0.34,70.73,88.81,5934.0,6797.0,4585.0,5772.0,65.68,0.07,443.4,2.07,702.15,2
AFGD,AFG,BB,11.5,11/15/2024,,,0.35,5.63,25.56,20.36,20.1,-0.26,-5.46,21.31,22.97,-5.7,-12.5,18.19,25.61,18.19,25.61,83.0,20.07,1.88,-5.54,78.64,80.01,35.29,80.49,-5.49,-0.29,67.6,74.69,-5.54,1.88,80.36,74.7,7466.0,8454.0,5798.0,7240.0,65.68,0.07,442.24,2.07,702.15,5
AFGE,AFG,BB,11.5,11/29/2024,,,0.28,4.5,22.31,16.58,16.68,0.1,-5.63,17.43,18.8,-4.3,-11.29,16.26,21.21,16.2,21.78,7.0,16.42,0.16,-4.79,70.44,74.72,82.58,69.68,-5.89,-0.16,71.69,73.51,-5.36,0.22,77.74,89.91,9557.0,7434.0,6420.0,7804.0,65.68,0.07,451.27,2.07,702.15,2
AGM PRD,AGM,,NR,12/27/2024,,,0.36,5.7,25.28,21.04,21.91,0.87,-3.37,22.24,23.0,-1.5,-4.73,21.35,24.86,20.26,25.7,35.0,21.69,0.34,-3.17,54.04,46.09,77.63,46.32,-3.59,0.65,48.16,66.17,-4.01,1.43,58.03,78.82,4090.0,4602.0,2657.0,3783.0,52.19,0.07,358.77,2.07,702.15,5
AGM PRE,AGM,,NR,12/27/2024,,,0.36,5.75,24.9,21.55,21.72,0.17,-3.18,22.39,23.15,-2.99,-6.19,21.42,24.74,20.31,24.93,35.0,21.5,0.08,-3.24,62.77,52.47,84.78,47.33,-3.4,-0.05,46.21,72.51,-3.43,1.19,49.56,81.02,4402.0,2068.0,2103.0,2858.0,52.19,0.07,372.05,2.07,702.15,11
AGM PRF,AGM,,NR,12/27/2024,,,0.33,5.25,22.5,19.9,20.21,0.31,-2.29,20.67,21.33,-2.22,-5.26,19.81,23.39,17.82,23.99,35.0,20.01,0.2,-3.38,58.26,48.41,81.48,49.35,-2.49,0.11,36.91,71.06,-3.98,2.19,57.59,71.86,9715.0,9096.0,7245.0,8685.0,52.19,0.06,356.54,2.07,702.15,3
AGM PRG,AGM,,NR,12/27/2024,,,0.3,4.88,21.8,18.2,18.91,0.71,-2.89,19.24,19.92,-1.72,-5.08,18.37,22.37,17.16,22.37,35.0,18.73,0.36,-3.64,55.33,47.62,77.08,53.1,-3.07,0.53,42.84,67.26,-3.64,1.57,52.63,77.54,9655.0,8194.0,6257.0,8036.0,52.19,0.06,354.13,2.07,702.15,1
AHH PRA,AHH,,NR,1/2/2025,,,0.42,6.75,26.43,20.5,21.9,1.4,-4.53,21.92,22.49,-0.08,-2.63,19.88,25.76,19.52,25.76,41.0,21.67,1.79,-4.09,45.72,36.93,37.77,59.59,-4.76,1.17,60.13,61.46,-4.09,2.15,59.2,72.22,8144.0,8042.0,3451.0,6545.0,37.13,0.08,310.96,2.07,702.15,5
AIZN,AIZ,BB,10,12/27/2024,,,0.33,5.25,24.0,17.74,20.58,2.84,-3.42,19.87,21.03,3.58,-2.12,18.01,23.14,17.7,23.14,35.0,20.38,2.37,-2.76,24.29,34.7,21.82,40.41,-3.62,2.64,48.47,48.14,-2.76,2.68,39.78,67.37,11478.0,13545.0,12460.0,12494.0,64.21,0.06,312.1,2.07,702.15,1
ALL PRH,ALL,,12,12/27/2024,,,0.32,5.1,24.78,18.74,20.84,2.1,-3.94,21.5,22.34,-3.08,-6.7,19.37,24.97,18.38,24.97,35.0,20.64,1.27,-4.33,63.29,54.69,52.06,63.05,-4.14,1.9,53.79,54.85,-4.33,2.26,62.7,71.21,86726.0,76527.0,66349.0,76534.0,77.76,0.06,428.8,2.07,702.15,9
ALL PRI,ALL,,12,12/27/2024,,,0.3,4.75,24.92,17.85,19.32,1.47,-5.6,19.98,21.06,-3.29,-8.28,18.56,24.49,17.5,24.49,35.0,19.14,0.58,-5.35,64.52,61.59,71.03,77.75,-5.78,1.29,70.56,60.37,-5.35,1.64,77.59,76.9,22799.0,20748.0,21818.0,21788.0,77.76,0.06,446.18,2.07,702.15,10
AMH PRG,AMH,,9,12/13/2024,,,0.37,5.88,25.47,21.43,23.52,2.09,-1.95,23.1,23.36,1.81,0.67,21.76,25.34,21.1,25.34,21.0,23.24,1.48,-2.1,34.66,22.53,46.29,30.9,-2.23,1.81,34.25,55.66,-2.1,2.14,30.15,72.31,7724.0,8444.0,9298.0,8489.0,62.61,0.06,306.95,2.07,702.15,7
AMH PRH,AMH,,9,12/13/2024,,,0.39,6.25,25.85,22.38,24.93,2.55,-0.92,24.17,24.27,3.14,2.72,22.7,26.25,21.74,26.25,21.0,24.63,1.93,-1.62,26.87,13.58,33.92,23.98,-1.22,2.25,23.91,51.68,-1.62,2.89,23.14,65.44,8594.0,7763.0,8787.0,8382.0,62.61,0.06,279.0,2.07,702.15,7
ASB PRE,ASB,,10,12/2/2024,,,0.37,5.88,25.1,16.77,20.57,3.8,-4.53,21.0,21.4,-2.05,-3.87,19.25,23.75,15.75,23.75,10.0,20.24,0.99,-3.51,57.26,42.34,59.76,51.23,-4.86,3.47,61.15,40.62,-3.51,4.49,50.73,50.78,3734.0,3083.0,3127.0,3315.0,57.05,0.07,342.37,2.07,702.15,1
ASB PRF,ASB,,10,12/2/2024,,,0.35,5.63,25.25,16.4,19.7,3.3,-5.55,20.08,20.46,-1.88,-3.73,18.51,22.91,14.91,22.91,10.0,19.39,0.88,-3.52,56.27,41.73,62.78,51.37,-5.86,2.99,71.38,44.97,-3.52,4.48,50.88,50.87,6295.0,4931.0,4945.0,5390.0,57.05,0.07,346.14,2.07,702.15,1
ATH PRB,-,,11,12/13/2024,,,0.35,5.63,25.26,18.0,19.73,1.73,-5.53,20.11,21.26,-1.89,-7.2,18.34,23.53,16.66,23.53,21.0,19.46,1.12,-4.07,56.33,56.87,56.19,59.3,-5.8,1.46,70.77,58.83,-4.07,2.8,58.91,66.27,21471.0,22616.0,19294.0,21127.0,45.05,0.07,353.04,2.07,702.15,10
ATH PRD,-,,11,12/13/2024,,,0.3,4.88,21.69,15.24,17.03,1.79,-4.66,17.4,18.46,-2.12,-7.76,15.86,20.61,15.19,20.61,21.0,16.8,0.94,-3.81,57.67,59.32,61.13,55.55,-4.89,1.56,61.46,57.93,-3.81,1.61,55.11,77.17,46068.0,46278.0,30146.0,40830.0,45.05,0.07,362.72,2.07,702.15,8
AXS PRE,AXS,,11.5,12/26/2024,,,0.34,5.5,24.04,19.26,20.05,0.79,-3.99,20.74,21.56,-3.33,-6.99,19.45,23.66,18.77,23.66,34.0,19.84,0.39,-3.82,64.76,55.96,76.25,55.69,-4.2,0.58,54.4,66.81,-3.82,1.07,55.26,82.12,31476.0,33290.0,33492.0,32752.0,68.66,0.07,419.93,2.07,702.15,9
BAC PRB,BAC,,11,10/29/2024,6/16/2023,,0.38,6.0,25.69,23.02,24.51,1.49,-1.18,24.96,25.1,-1.79,-2.36,24.15,25.63,22.3,25.63,66.0,24.41,0.26,-1.22,55.74,35.75,79.83,18.22,-1.28,1.39,24.53,59.47,-1.22,2.11,17.3,72.59,68613.0,82424.0,91353.0,80796.0,78.1,0.06,384.09,2.07,702.15,4
BAC PRK,BAC,,11,1/2/2025,,,0.37,5.88,25.68,22.0,23.98,1.98,-1.7,24.57,24.84,-2.4,-3.45,23.45,25.43,21.51,25.43,41.0,23.78,0.33,-1.65,59.31,40.51,77.9,24.41,-1.9,1.78,30.87,55.93,-1.65,2.27,23.58,71.12,49154.0,50140.0,49263.0,49519.0,78.1,0.06,385.73,2.07,702.15,4
BAC PRM,BAC,,11,12/2/2024,,,0.34,5.38,25.18,20.7,21.77,1.07,-3.41,22.66,23.29,-3.93,-6.55,21.44,24.88,20.54,24.88,10.0,21.47,0.03,-3.41,68.27,54.04,86.15,49.78,-3.71,0.77,49.39,65.08,-3.41,0.93,49.27,83.4,89186.0,73988.0,64489.0,75888.0,78.1,0.06,442.01,2.07,702.15,2
BAC PRN,BAC,,11,12/2/2024,,,0.31,5.0,23.9,19.25,20.16,0.91,-3.74,21.03,21.9,-4.12,-7.94,19.5,24.04,19.0,24.04,10.0,19.88,0.38,-4.16,69.39,60.1,76.53,60.59,-4.02,0.63,52.56,66.35,-4.16,0.88,60.22,83.86,99213.0,85077.0,86781.0,90357.0,78.1,0.06,457.16,2.07,702.15,2
BAC PRO,BAC,,11,10/15/2024,11/3/2025,,0.27,4.38,21.39,16.54,17.6,1.06,-3.79,18.51,19.39,-4.92,-9.22,17.3,21.54,16.35,21.54,52.0,17.49,0.19,-4.05,74.07,65.69,81.75,59.01,-3.9,0.95,51.33,63.45,-4.05,1.14,58.61,81.48,75049.0,69666.0,78359.0,74358.0,78.1,0.06,459.55,2.07,702.15,2
BAC PRP,BAC,,11,10/15/2024,,,0.26,4.12,20.8,15.57,16.57,1.0,-4.23,17.5,18.32,-5.29,-9.57,16.26,20.58,15.4,20.58,52.0,16.46,0.2,-4.12,76.24,67.22,81.48,60.02,-4.34,0.89,55.83,64.0,-4.12,1.06,59.64,82.21,64676.0,56863.0,54211.0,58584.0,78.1,0.06,460.18,2.07,702.15,2
BAC PRQ,BAC,,11,11/1/2024,,,0.27,4.25,20.46,16.11,16.97,0.86,-3.49,17.94,18.74,-5.38,-9.46,16.74,21.0,15.98,21.0,69.0,16.91,0.17,-4.09,76.76,66.74,82.3,59.59,-3.55,0.8,47.75,64.81,-4.09,0.93,59.2,83.4,98613.0,94976.0,100299.0,97963.0,78.1,0.06,469.24,2.07,702.15,2
BAC PRS,BAC,,11,11/1/2024,,,0.3,4.75,22.49,18.24,19.1,0.86,-3.39,20.08,20.95,-4.87,-8.84,18.78,23.44,17.82,23.44,69.0,19.03,0.25,-4.41,73.78,64.03,80.1,64.2,-3.46,0.79,46.83,64.9,-4.41,1.21,63.87,80.84,47670.0,36646.0,41386.0,41901.0,78.1,0.06,452.27,2.07,702.15,2
BCV PRA,BCV,,16,12/16/2024,,,0.34,5.39,24.69,22.15,22.17,0.03,-2.51,22.41,22.97,-1.04,-3.45,21.51,24.71,21.51,25.26,24.0,21.93,0.42,-2.78,51.35,40.51,75.43,40.7,-2.76,-0.22,39.67,74.05,-3.33,0.42,48.1,88.08,1910.0,1714.0,1659.0,1761.0,59.54,0.06,358.57,2.07,702.15,0
BFS PRD,BFS,,NR,12/27/2024,,,0.38,6.13,24.15,19.3,21.25,1.95,-2.9,21.0,21.42,1.21,-0.81,19.3,23.77,19.01,23.95,35.0,21.02,1.72,-2.75,38.17,28.99,39.69,40.27,-3.13,1.72,43.45,56.48,-2.93,2.01,42.26,73.51,4132.0,3316.0,861.0,2770.0,44.33,0.07,290.21,2.07,702.15,11
BFS PRE,BFS,,NR,12/27/2024,,,0.38,6.0,24.6,18.93,20.85,1.92,-3.75,20.82,21.37,0.15,-2.45,18.34,24.06,18.34,24.49,35.0,20.62,2.28,-3.44,44.38,36.14,24.3,50.22,-3.98,1.69,52.15,56.75,-3.87,2.28,55.99,71.03,4833.0,4518.0,2934.0,4095.0,44.33,0.07,304.17,2.07,702.15,3
BHFAL,BHF,BB,10.5,12/2/2024,9/15/2023,,0.39,6.25,26.35,20.69,20.22,-0.39,-6.05,21.24,22.81,-4.42,-10.99,19.26,25.47,19.1,25.47,10.0,19.95,0.69,-5.52,71.14,73.42,68.01,80.2,-6.4,-0.74,76.91,78.77,-5.52,0.85,80.07,84.14,20085.0,21360.0,13436.0,18294.0,62.45,0.08,453.08,2.07,702.15,1
BHFAM,BHF,,10.5,12/6/2024,,,0.29,4.63,21.13,13.35,14.91,1.56,-6.22,14.81,16.2,0.65,-7.97,13.28,18.95,13.03,18.95,14.0,14.67,1.39,-4.28,41.45,60.23,48.76,62.32,-6.46,1.32,77.52,60.1,-4.28,1.64,61.97,76.9,34139.0,35564.0,26902.0,32202.0,61.22,0.08,395.99,2.07,702.15,8
BHFAN,BHF,,10,12/6/2024,,,0.34,5.38,22.69,15.27,16.25,1.06,-6.36,16.46,18.49,-0.77,-11.67,14.54,21.63,14.54,21.63,14.0,16.04,1.5,-5.59,49.77,76.38,45.74,81.21,-6.65,0.77,79.46,65.08,-5.59,1.5,81.09,78.18,62753.0,68287.0,57737.0,62926.0,61.22,0.08,437.94,2.07,702.15,8
BHFAO,BHF,,10,12/6/2024,6/25/2025,,0.42,6.75,26.51,21.17,20.15,-1.02,-6.36,21.1,23.43,-4.52,-14.01,18.53,26.0,18.53,26.0,14.0,19.8,1.27,-6.2,71.73,86.6,52.06,90.0,-6.71,-1.37,80.08,84.47,-6.2,1.27,90.0,80.29,32342.0,41254.0,37178.0,36925.0,61.22,0.08,469.52,2.07,702.15,1
BHFAP,BHF,,10,12/6/2024,,,0.41,6.6,26.1,20.01,19.69,-0.32,-6.41,20.68,22.68,-4.77,-13.19,18.38,25.51,18.38,25.51,14.0,19.34,0.96,-6.17,73.19,83.02,60.58,89.57,-6.76,-0.67,80.59,78.13,-6.17,0.96,89.56,83.13,31097.0,36176.0,33633.0,33635.0,61.22,0.08,468.25,2.07,702.15,8
BOH PRA,BOH,,12,10/17/2024,8/1/2026,,0.27,4.38,20.44,13.05,15.47,2.41,-4.98,15.89,16.6,-2.71,-6.85,14.51,19.24,12.86,19.24,54.0,15.35,0.84,-3.89,61.13,55.35,63.88,56.7,-5.09,2.3,63.5,51.22,-3.89,2.49,56.28,69.11,8906.0,6306.0,4007.0,6406.0,56.7,0.07,373.3,2.07,702.15,8
BWBBP,BWB,,NR,11/11/2024,8/17/2026,,0.37,5.88,23.52,16.57,18.78,2.24,-4.71,19.14,19.06,-1.73,-1.33,18.1,22.0,14.48,22.0,79.0,18.76,0.66,-3.24,55.39,31.25,68.83,47.33,-4.76,2.19,60.13,52.22,-3.24,4.28,46.79,52.7,3211.0,2213.0,1308.0,2244.0,49.51,0.08,327.24,2.07,702.15,11
CADE PRA,CADE,,NR,11/1/2024,11/20/2024,,0.34,5.5,24.16,16.69,20.88,4.19,-3.28,21.16,21.18,-1.34,-1.43,19.6,23.49,16.13,23.49,69.0,20.8,1.2,-2.69,53.1,31.69,53.99,39.41,-3.36,4.11,45.81,34.82,-2.69,4.67,38.76,49.13,9639.0,11241.0,13238.0,11373.0,32.11,0.07,265.07,2.07,702.15,1
CFG PRE,CFG,,10,12/18/2024,,,0.31,5.0,22.34,16.2,19.2,3.0,-3.14,19.61,20.38,-2.09,-5.81,17.99,23.38,15.17,23.38,26.0,18.98,0.99,-4.4,57.5,50.81,59.76,64.05,-3.36,2.78,45.81,46.87,-4.4,3.81,63.72,57.01,32336.0,35357.0,27936.0,31876.0,60.61,0.07,375.64,2.07,702.15,8
CFR PRB,CFR,,11.5,11/27/2024,,,0.28,4.45,21.8,15.89,17.73,1.84,-4.07,17.72,18.78,0.05,-5.58,16.34,22.15,15.6,22.15,5.0,17.47,1.13,-4.68,44.96,49.8,55.91,68.09,-4.33,1.58,55.73,57.75,-4.68,1.87,67.81,74.79,9407.0,10277.0,8416.0,9367.0,63.63,0.06,375.05,2.07,702.15,1
CIM PRA,CIM,,NR,12/11/2024,10/21/2021,,0.5,8.0,22.82,18.15,22.32,4.17,-0.5,21.96,22.52,1.62,-0.87,19.85,24.56,17.33,24.56,19.0,21.93,2.08,-2.63,35.77,29.25,29.79,38.54,-0.89,3.78,20.54,37.81,-2.63,4.6,37.88,49.77,9499.0,10303.0,6691.0,8831.0,18.64,0.09,225.73,2.07,702.15,5
CIO PRA,CIO,,NR,1/8/2025,9/15/2021,,0.41,6.63,24.0,15.06,19.22,4.17,-4.77,18.53,18.58,3.75,3.51,16.86,21.06,14.16,21.79,47.0,19.03,2.17,-2.03,23.29,10.13,27.32,29.89,-4.97,3.97,62.28,36.09,-2.76,4.87,39.78,47.3,12294.0,5522.0,3307.0,7041.0,34.66,0.09,236.23,2.07,702.15,3
CLDT PRA,CLDT,,NR,12/27/2024,,,0.41,6.63,24.33,19.64,20.61,0.97,-3.72,20.54,21.54,0.36,-4.33,18.18,24.49,18.18,24.49,35.0,20.36,2.18,-4.13,43.15,44.35,27.04,60.16,-3.97,0.72,52.05,65.54,-4.13,2.18,59.78,71.95,5394.0,5812.0,4932.0,5379.0,39.06,0.08,316.25,2.07,702.15,11
CMS PRC,CMS,,10.5,1/2/2025,,,0.26,4.2,20.81,17.98,16.95,-1.03,-3.86,17.51,18.63,-3.2,-9.03,16.06,20.92,16.06,21.68,41.0,16.81,0.75,-4.11,64.0,64.86,66.36,59.87,-4.0,-1.17,52.35,82.66,-4.87,0.75,70.58,85.05,18811.0,16055.0,12225.0,15697.0,68.03,0.06,424.28,2.07,702.15,9
CMSC,CMS,BB,11.5,12/27/2024,10/15/2023,,0.37,5.88,25.19,21.74,22.16,0.42,-3.03,22.84,23.92,-2.97,-7.37,21.28,25.36,21.28,25.36,35.0,21.93,0.65,-3.43,62.65,57.62,69.11,50.07,-3.26,0.19,44.78,70.34,-3.43,0.65,49.56,85.97,22098.0,28668.0,39328.0,30031.0,69.39,0.07,415.61,2.07,702.15,4
CMSD,CMS,BB,11.5,11/15/2024,,,0.37,5.88,25.59,21.91,22.17,0.26,-3.42,23.05,24.01,-3.83,-7.66,21.72,25.3,21.72,25.31,83.0,22.14,0.42,-3.16,67.69,58.88,75.43,46.18,-3.45,0.23,46.73,69.98,-3.17,0.42,45.77,88.08,43405.0,42685.0,45777.0,43956.0,69.39,0.07,423.88,2.07,702.15,4
CNO PRA,CNO,BB,NR,11/15/2024,11/25/2025,,0.32,5.13,22.08,14.95,17.54,2.59,-4.54,18.99,20.03,-7.64,-12.45,16.54,22.22,14.56,22.53,83.0,17.52,0.98,-4.7,90.0,79.79,60.03,68.38,-4.56,2.57,58.08,48.78,-5.01,2.96,72.63,64.8,1523.0,1688.0,1302.0,1504.0,55.56,0.07,413.94,2.07,702.15,3
COF PRI,COF,,10,11/13/2024,,,0.31,5.0,23.21,16.12,19.05,2.93,-4.16,19.37,20.03,-1.67,-4.88,17.75,22.04,15.65,22.04,81.0,19.02,1.27,-3.02,55.04,46.75,52.06,44.16,-4.19,2.9,54.3,45.79,-3.02,3.37,43.58,61.04,104414.0,100232.0,88069.0,97571.0,73.19,0.07,399.1,2.07,702.15,10
COF PRJ,COF,,10,11/13/2024,,,0.3,4.8,21.9,15.54,18.14,2.6,-3.76,18.53,19.11,-2.08,-5.08,16.97,20.85,15.05,20.85,81.0,18.11,1.14,-2.74,57.44,47.62,55.64,40.13,-3.79,2.57,50.2,48.78,-2.74,3.06,39.49,63.88,100094.0,98177.0,65506.0,87926.0,73.19,0.07,398.77,2.07,702.15,10
COF PRK,COF,,10,11/13/2024,,,0.29,4.63,22.17,14.99,17.66,2.67,-4.51,17.93,18.84,-1.48,-6.29,16.46,21.07,14.64,21.07,81.0,17.63,1.17,-3.44,53.92,52.9,54.81,50.22,-4.54,2.64,57.88,48.14,-3.44,2.99,49.71,64.52,8615.0,9703.0,6031.0,8116.0,73.19,0.07,389.68,2.07,702.15,10
COF PRL,COF,,10,11/13/2024,,,0.27,4.38,20.06,13.84,16.7,2.86,-3.36,16.95,17.81,-1.46,-6.24,15.42,20.16,13.57,20.16,81.0,16.67,1.25,-3.49,53.81,52.68,52.61,50.94,-3.39,2.83,46.11,46.42,-3.49,3.1,50.44,63.52,47085.0,44641.0,36536.0,42754.0,73.19,0.07,394.77,2.07,702.15,10
COF PRN,COF,,10,11/13/2024,,,0.27,4.25,19.94,13.68,16.54,2.86,-3.4,16.6,17.33,-0.37,-4.55,15.15,19.81,13.26,19.81,81.0,16.51,1.36,-3.3,47.42,45.31,49.59,48.2,-3.43,2.83,46.52,46.42,-3.3,3.25,47.66,62.14,33194.0,30051.0,21749.0,28331.0,73.19,0.06,370.18,2.07,702.15,10
CUBB,CUBI,BB,NR,12/13/2024,,,0.34,5.38,23.56,18.75,20.36,1.61,-3.2,19.81,19.92,2.75,2.2,18.3,21.85,16.5,22.0,21.0,20.1,1.8,-1.75,29.15,15.85,37.49,25.86,-3.46,1.35,46.83,59.83,-1.9,3.6,27.23,58.93,2288.0,2837.0,2262.0,2462.0,47.71,0.07,264.37,2.07,702.15,11
DCOMP,DCOM,,8,11/5/2024,2/15/2025,,0.34,5.5,22.38,14.51,18.89,4.37,-3.5,19.31,18.99,-2.21,-0.56,17.51,21.44,13.3,21.44,73.0,18.82,1.31,-2.62,58.2,27.89,50.96,38.4,-3.56,4.31,47.85,33.01,-2.62,5.52,37.74,41.34,6032.0,4343.0,4083.0,4819.0,24.59,0.07,242.23,2.07,702.15,3
DLR PRJ,DLR,,10.5,12/13/2024,,,0.33,5.25,25.38,19.55,21.37,1.82,-4.01,21.31,22.23,0.3,-3.86,20.02,24.63,19.06,24.63,21.0,21.12,1.1,-3.51,43.5,42.3,56.74,51.23,-4.26,1.57,55.01,57.84,-3.51,2.06,50.73,73.05,12968.0,13618.0,10308.0,12298.0,70.24,0.06,369.42,2.07,702.15,2
DLR PRK,DLR,,10.5,12/13/2024,,,0.37,5.88,26.4,22.0,23.22,1.22,-3.18,23.54,24.17,-1.35,-3.92,22.1,25.61,21.4,25.61,21.0,22.94,0.84,-2.67,53.16,42.56,63.88,39.12,-3.46,0.94,46.83,63.54,-2.67,1.54,38.47,77.81,13726.0,15636.0,26698.0,18687.0,70.24,0.06,373.44,2.07,702.15,2
DLR PRL,DLR,,10.5,12/13/2024,,,0.33,5.2,25.37,19.32,20.56,1.24,-4.81,20.78,21.89,-1.05,-6.07,19.61,24.45,19.01,24.45,21.0,20.31,0.7,-4.14,51.41,51.94,67.73,60.31,-5.06,0.99,63.2,63.09,-4.14,1.3,59.93,80.01,18512.0,23131.0,17889.0,19844.0,70.24,0.06,401.04,2.07,702.15,2
DTB,DTE,BB,11.5,12/27/2024,,,0.27,4.38,22.29,17.3,17.39,0.09,-4.9,18.14,19.36,-4.11,-10.16,16.98,21.9,16.98,22.86,35.0,17.23,0.25,-4.67,69.33,69.79,80.1,67.95,-5.06,-0.07,63.2,72.7,-5.63,0.25,81.68,89.63,14381.0,12277.0,11516.0,12725.0,74.39,0.06,456.44,2.07,702.15,10
DTG,DTE,BB,11.5,11/15/2024,,,0.27,4.38,20.89,17.32,17.33,0.01,-3.56,18.13,19.43,-4.39,-10.8,16.88,22.05,16.88,22.25,83.0,17.31,0.43,-4.74,70.97,72.59,75.15,68.95,-3.58,-0.01,48.06,72.15,-4.94,0.43,71.61,87.98,21796.0,23542.0,16612.0,20650.0,74.39,0.06,453.5,2.07,702.15,9
DTW,DTE,BB,11.5,11/15/2024,12/1/2022,,0.33,5.25,25.42,20.88,21.37,0.48,-4.06,22.01,23.02,-2.97,-7.22,20.55,25.11,20.42,25.17,83.0,21.33,0.78,-3.78,62.65,56.96,65.53,55.12,-4.09,0.45,53.27,67.98,-3.84,0.91,55.55,83.59,22355.0,19050.0,15083.0,18829.0,74.39,0.06,417.87,2.07,702.15,2
DUK PRA,DUK,,11,11/15/2024,,,0.36,5.75,26.49,22.91,24.78,1.87,-1.71,24.9,25.0,-0.46,-0.86,24.06,25.66,22.71,25.73,83.0,24.75,0.69,-0.91,47.95,29.2,68.01,13.75,-1.74,1.84,29.23,55.39,-0.98,2.04,13.8,73.23,57602.0,62023.0,51006.0,56877.0,76.02,0.06,356.08,2.07,702.15,4
DUKB,DUK,BB,12,12/13/2024,,,0.35,5.63,26.08,21.93,24.92,2.99,-1.16,24.51,24.69,1.66,0.93,23.3,25.47,21.8,25.59,21.0,24.65,1.35,-0.82,35.53,21.39,49.86,12.45,-1.43,2.72,26.06,47.42,-0.94,2.85,13.21,65.81,25702.0,29362.0,27142.0,27402.0,77.54,0.06,324.1,2.07,702.15,4
ECF PRA,ECF,,16,12/16/2024,,,0.33,5.25,24.84,21.83,21.57,-0.26,-3.27,22.05,22.52,-2.17,-4.22,20.21,24.43,20.21,24.43,24.0,21.33,1.12,-3.1,57.96,43.87,56.19,45.32,-3.51,-0.5,47.34,76.59,-3.1,1.12,44.74,81.66,1841.0,1006.0,977.0,1275.0,60.69,0.06,361.0,2.07,702.15,0
EFSCP,EFSC,,NR,11/27/2024,,,0.31,5.0,21.75,15.4,19.11,3.75,-2.6,18.96,19.63,0.98,-2.44,17.2,22.22,13.68,22.22,5.0,18.86,1.66,-3.36,39.52,36.1,41.34,49.06,-2.89,3.46,41.0,40.71,-3.36,5.18,48.54,44.46,2603.0,2453.0,2304.0,2453.0,23.06,0.07,241.41,2.07,702.15,11
ELC,ETR,BB,15,11/29/2024,,,0.3,4.88,25.3,20.02,20.5,0.48,-4.8,20.93,21.74,-2.05,-5.72,19.93,23.43,19.86,23.59,7.0,20.22,0.29,-3.21,57.26,50.41,79.0,46.9,-5.08,0.2,63.4,70.25,-3.37,0.36,48.69,88.63,13611.0,10793.0,9926.0,11444.0,80.79,0.06,424.21,2.07,702.15,9
EMP,ETR,BB,14.5,12/27/2024,,,0.31,4.9,25.3,20.07,20.57,0.5,-4.73,21.01,21.97,-2.11,-6.38,20.01,23.61,19.9,24.23,35.0,20.38,0.37,-3.23,57.61,53.3,76.8,47.19,-4.92,0.31,61.76,69.25,-3.85,0.48,55.69,87.53,12317.0,11458.0,13314.0,12363.0,80.79,0.06,427.96,2.07,702.15,9
ENJ,ETR,BB,14.5,11/29/2024,12/1/2017,,0.31,5.0,24.79,19.49,20.52,1.03,-4.27,21.02,21.8,-2.39,-5.87,20.02,24.59,19.31,24.59,7.0,20.23,0.21,-4.36,59.25,51.07,81.2,63.48,-4.56,0.74,58.08,65.36,-4.36,0.92,63.14,83.49,1724.0,1596.0,869.0,1396.0,80.79,0.06,430.44,2.07,702.15,11
ENO,ETR,BB,13,12/27/2024,,,0.34,5.5,25.4,20.75,22.27,1.52,-3.13,22.21,23.14,0.29,-3.74,21.21,25.32,20.5,25.32,35.0,22.06,0.85,-3.26,43.56,41.77,63.61,47.62,-3.34,1.31,45.6,60.19,-3.26,1.56,47.08,77.63,7679.0,9277.0,5497.0,7484.0,80.79,0.06,390.52,2.07,702.15,4
EQH PRA,EQH,,10.5,11/29/2024,,,0.33,5.25,23.77,17.79,20.13,2.34,-3.64,20.77,21.79,-3.1,-7.64,18.41,23.89,17.26,23.89,7.0,19.83,1.42,-4.06,63.41,58.79,47.94,59.15,-3.94,2.04,51.74,53.58,-4.06,2.57,58.76,68.37,45386.0,46900.0,52007.0,48098.0,67.83,0.07,405.77,2.07,702.15,9
EQH PRC,EQH,,10.5,11/29/2024,,,0.27,4.3,21.08,13.95,16.5,2.55,-4.58,17.41,18.3,-5.23,-9.83,15.83,20.69,13.35,20.69,7.0,16.25,0.42,-4.44,75.89,68.35,75.43,64.63,-4.83,2.3,60.84,51.22,-4.44,2.9,64.31,65.35,21647.0,25175.0,20576.0,22466.0,67.83,0.07,428.49,2.07,702.15,10
ETI PR,ETR,,10,12/30/2024,,,0.34,5.38,25.5,21.75,22.92,1.17,-2.58,23.76,23.75,-3.55,-3.5,22.71,25.23,21.39,25.43,38.0,22.72,0.01,-2.51,66.05,40.73,86.7,36.81,-2.78,0.97,39.87,63.27,-2.71,1.33,39.05,79.74,2054.0,1542.0,1913.0,1836.0,79.21,0.06,400.77,2.07,702.15,7
F PRB,F,BB,9.5,11/12/2024,6/1/2024,,0.39,6.2,26.79,20.83,20.44,-0.39,-6.35,22.12,23.59,-7.58,-13.35,19.9,25.39,19.9,25.64,80.0,20.4,0.5,-4.99,89.65,83.72,73.23,72.56,-6.39,-0.43,76.8,75.96,-5.24,0.5,75.99,87.34,41036.0,43836.0,41555.0,42143.0,56.6,0.08,465.44,2.07,702.15,9
F PRC,F,BB,9,11/12/2024,12/1/2024,,0.38,6.0,25.99,20.49,20.25,-0.24,-5.74,21.56,23.2,-6.08,-12.73,19.2,25.35,19.2,25.38,80.0,20.21,1.01,-5.14,80.86,81.01,59.21,74.72,-5.78,-0.28,70.56,74.6,-5.17,1.01,74.96,82.67,47936.0,46897.0,43275.0,46036.0,56.6,0.07,443.67,2.07,702.15,9
FBRT PRE,FBRT,,NR,12/27/2024,,,0.47,7.5,21.68,18.2,20.42,2.22,-1.26,20.8,21.45,-1.83,-4.81,19.05,23.65,18.03,23.65,35.0,20.13,1.08,-3.52,55.97,46.44,57.29,51.37,-1.55,1.93,27.29,54.58,-3.52,2.1,50.88,72.68,14012.0,13585.0,11234.0,12944.0,25.18,0.09,302.81,2.07,702.15,5
FCNCO,FCNCA,,9.5,11/27/2024,,,0.35,5.63,24.08,19.4,22.71,3.34,-1.34,22.44,22.94,1.34,-0.88,20.57,24.83,18.91,24.83,5.0,22.41,1.84,-2.42,37.41,29.29,36.39,35.51,-1.67,3.01,28.52,44.79,-2.42,3.5,34.82,59.85,13053.0,12312.0,13033.0,12799.0,61.49,0.06,303.46,2.07,702.15,1
FCNCP,FCNCA,,9.5,11/27/2024,,,0.34,5.38,23.66,18.85,21.2,2.39,-2.42,21.72,22.36,-2.22,-5.03,19.3,24.42,18.69,24.42,5.0,20.92,1.62,-3.5,58.26,47.4,42.44,51.08,-2.74,2.07,39.46,53.31,-3.5,2.23,50.58,71.49,14527.0,17733.0,15314.0,15858.0,61.49,0.06,355.69,2.07,702.15,1
FHN PRF,FHN,,8.5,12/20/2024,,,0.29,4.7,,,17.7,,,17.77,18.37,-0.39,-3.64,16.41,21.48,13.13,21.48,28.0,17.5,1.09,-3.98,47.54,41.34,57.01,58.0,,,34.08,44.64,-3.98,4.37,57.59,51.88,6442.0,5900.0,3943.0,5428.0,59.13,0.07,341.31,2.07,702.15,6
FITBO,FITB,,10.5,12/26/2024,,,0.31,4.95,25.79,17.93,21.61,3.68,-4.18,21.8,21.83,-0.89,-1.01,19.52,24.15,17.58,24.15,34.0,21.42,1.9,-2.73,50.47,29.86,34.74,39.98,-4.37,3.49,56.14,40.44,-2.73,3.84,39.34,56.74,19171.0,19739.0,24708.0,21206.0,63.21,0.06,322.15,2.07,702.15,10
FITBP,FITB,,NR,12/26/2024,,,0.38,6.0,25.6,22.13,24.4,2.37,-1.1,24.54,24.42,-0.17,0.32,23.04,25.9,21.01,25.9,34.0,24.26,1.22,-1.64,46.25,24.05,53.44,24.27,-1.34,2.13,25.14,52.76,-1.64,3.25,23.43,62.14,8723.0,9049.0,10249.0,9340.0,63.21,0.06,307.75,2.07,702.15,4
FRT PRC,FRT,,12.5,1/2/2025,,,0.31,5.0,25.75,19.64,20.32,0.68,-5.43,20.92,21.45,-2.88,-5.28,19.41,23.27,18.57,23.9,41.0,20.15,0.74,-3.12,62.12,48.49,66.63,45.6,-5.6,0.51,68.72,67.44,-3.75,1.58,54.23,77.45,6414.0,5950.0,5346.0,5904.0,42.08,0.06,336.36,2.07,702.15,2
FULTP,FULT,,11,12/2/2024,,,0.32,5.13,23.1,15.09,18.9,3.85,-4.16,19.52,19.31,-2.97,-1.9,17.25,21.22,14.56,21.22,10.0,18.66,1.41,-2.56,62.65,33.74,48.21,37.53,-4.44,3.57,56.85,39.72,-2.56,4.1,36.86,54.35,9295.0,6598.0,2630.0,6175.0,56.18,0.07,323.54,2.07,702.15,1
GAB PRG,GAB,,16,12/16/2024,,,0.31,5.0,24.5,21.0,21.05,0.05,-3.45,21.24,21.86,-0.88,-3.7,20.17,24.2,20.17,24.2,24.0,20.82,0.65,-3.38,50.41,41.6,69.11,49.35,-3.68,-0.18,49.08,73.69,-3.38,0.65,48.83,85.97,4042.0,5020.0,2833.0,3965.0,67.41,0.06,377.54,2.07,702.15,7
GAB PRH,GAB,,16,12/16/2024,,,0.31,5.0,23.89,20.98,21.02,0.04,-2.87,21.25,21.9,-1.09,-4.02,20.4,24.24,20.4,24.24,24.0,20.79,0.39,-3.45,51.64,43.0,76.25,50.36,-3.1,-0.19,43.15,73.78,-3.45,0.39,49.85,88.35,8656.0,9242.0,3986.0,7295.0,67.41,0.06,383.57,2.07,702.15,7
GAB PRK,GAB,,16,12/16/2024,,,0.31,5.0,24.4,21.23,21.17,-0.07,-3.24,21.28,21.91,-0.59,-3.44,20.5,24.25,20.5,24.25,24.0,20.93,0.43,-3.32,48.71,40.46,75.15,48.49,-3.47,-0.3,46.93,74.78,-3.32,0.43,47.96,87.98,7293.0,7754.0,4518.0,6522.0,67.41,0.06,378.47,2.07,702.15,7
GDV PRH,GDV,,17,12/16/2024,,,0.34,5.38,25.85,22.55,23.08,0.53,-2.77,23.37,23.71,-1.25,-2.64,22.51,25.34,22.0,25.34,24.0,22.83,0.32,-2.51,52.58,36.97,78.18,36.81,-3.02,0.28,42.33,69.52,-2.51,0.83,36.13,84.32,3133.0,2832.0,2006.0,2657.0,71.99,0.06,374.94,2.07,702.15,7
GDV PRK,GDV,,17,12/13/2024,,,0.27,4.25,20.82,17.65,18.41,0.76,-2.41,18.69,19.15,-1.5,-3.86,17.97,21.49,16.96,21.49,21.0,18.2,0.23,-3.29,54.04,42.3,80.65,48.05,-2.62,0.55,38.24,67.08,-3.29,1.24,47.52,80.56,9262.0,8869.0,4943.0,7691.0,71.99,0.06,387.57,2.07,702.15,4
GGN PRB,GGN,,15,12/16/2024,5/7/2018,,0.31,5.0,23.67,21.38,20.74,-0.64,-2.93,20.84,21.45,-0.49,-3.3,19.84,24.15,19.84,24.15,24.0,20.51,0.67,-3.64,48.13,39.85,68.56,53.1,-3.16,-0.87,43.76,79.94,-3.64,0.67,52.63,85.78,8244.0,10135.0,6352.0,8244.0,66.4,0.06,377.05,2.07,702.15,7
GGT PRE,GGT,,15,12/16/2024,,,0.32,5.13,24.85,22.98,22.68,-0.3,-2.17,22.9,22.97,-0.97,-1.25,22.5,24.7,21.41,24.7,24.0,22.45,-0.05,-2.25,50.94,30.91,88.35,33.06,-2.4,-0.53,35.98,76.86,-2.25,1.04,32.34,82.39,875.0,649.0,214.0,579.0,50.3,0.06,324.47,2.07,702.15,0
GGT PRG,GGT,,15,12/16/2024,12/20/2024,,0.32,5.13,24.59,22.95,22.8,-0.15,-1.79,22.78,22.94,0.1,-0.6,22.32,24.47,21.87,24.47,24.0,22.57,0.25,-1.9,44.67,28.07,80.1,28.02,-2.02,-0.38,32.1,75.5,-1.9,0.7,27.23,85.51,974.0,1021.0,480.0,825.0,50.3,0.06,311.96,2.07,702.15,0
GNT PRA,GNT,,15,11/15/2024,,,0.33,5.2,24.55,21.53,21.52,-0.01,-3.03,21.74,22.22,-1.03,-3.17,21.33,24.3,21.17,24.3,83.0,21.49,0.16,-2.81,51.29,39.29,82.58,41.14,-3.06,-0.04,42.74,72.42,-2.81,0.32,40.51,88.99,1062.0,817.0,486.0,788.0,66.77,0.06,372.55,2.07,702.15,7
HBANP,HBAN,,10,1/2/2025,,,0.28,4.5,20.81,14.07,17.68,3.58,-3.16,17.79,18.4,-0.78,-4.09,16.22,20.74,13.71,20.74,41.0,17.5,1.28,-3.24,49.82,43.3,51.79,47.33,-3.31,3.43,45.29,40.99,-3.24,3.79,46.79,57.19,37372.0,40168.0,58993.0,45511.0,62.82,0.06,348.74,2.07,702.15,8
HFRO PRA,HFRO,,16,12/20/2024,,,0.34,5.38,23.45,17.01,15.26,-1.75,-8.19,16.11,17.91,-5.28,-14.79,14.5,21.09,14.5,21.09,28.0,15.03,0.53,-6.06,76.18,90.0,72.41,87.98,-8.42,-1.98,34.08,90.0,-6.06,0.53,87.96,87.07,19296.0,18925.0,7955.0,15392.0,54.32,0.09,464.9,2.07,702.15,7
HIG PRG,HIG,,11,11/1/2024,11/15/2023,,0.38,6.0,26.6,22.89,24.97,2.08,-1.63,24.99,25.05,-0.09,-0.3,23.99,25.53,22.76,25.6,69.0,24.88,0.89,-0.65,45.78,26.76,62.51,10.0,-1.72,1.99,29.03,54.03,-0.72,2.12,10.0,72.5,17336.0,19033.0,13739.0,16703.0,73.74,0.06,332.47,2.07,702.15,4
HWCPZ,HWC,BB,11,11/27/2024,6/15/2025,,0.39,6.25,26.56,22.45,24.11,1.83,-2.28,23.79,24.03,2.05,1.03,22.21,26.19,19.75,26.19,5.0,23.91,1.7,-2.28,33.25,20.95,40.24,33.5,-2.65,1.46,38.54,58.83,-2.28,4.16,32.77,53.8,7831.0,8739.0,5976.0,7515.0,63.19,0.06,299.35,2.07,702.15,5
INN PRE,INN,,NR,11/13/2024,11/13/2022,,0.39,6.25,21.22,18.14,19.0,0.86,-2.22,19.87,20.59,-4.39,-7.71,17.3,21.77,17.03,22.48,81.0,18.96,1.66,-2.81,70.97,59.1,41.34,41.14,-2.26,0.82,34.55,64.63,-3.52,1.93,50.88,74.24,10725.0,7235.0,3314.0,7091.0,35.57,0.08,332.25,2.07,702.15,5
INN PRF,INN,,NR,11/13/2024,8/12/2026,,0.37,5.88,21.02,18.07,19.03,0.96,-1.99,19.01,20.07,0.13,-5.18,17.03,22.0,16.07,22.0,81.0,18.99,1.96,-3.01,44.49,48.06,33.09,44.02,-2.03,0.92,32.2,63.73,-3.01,2.92,43.43,65.17,5423.0,5403.0,2778.0,4535.0,35.57,0.08,296.79,2.07,702.15,3
JPM PRC,JPM,,11.5,10/29/2024,3/1/2024,,0.38,6.0,26.1,24.11,25.07,0.96,-1.03,25.21,25.27,-0.56,-0.79,24.74,25.82,23.87,25.82,66.0,24.97,0.23,-0.85,48.54,28.9,80.65,12.88,-1.13,0.86,22.99,64.27,-0.85,1.1,11.9,81.84,111190.0,115868.0,141160.0,122739.0,81.65,0.06,393.15,2.07,702.15,4
JPM PRD,JPM,,11.5,10/29/2024,12/1/2023,,0.36,5.75,25.75,23.3,24.35,1.05,-1.4,24.8,24.97,-1.8,-2.49,24.02,25.67,22.83,25.67,66.0,24.25,0.23,-1.42,55.8,36.32,80.65,21.1,-1.5,0.95,26.78,63.45,-1.42,1.42,20.22,78.91,97919.0,110743.0,117485.0,108716.0,81.65,0.06,405.63,2.07,702.15,4
JPM PRJ,JPM,,11.5,10/29/2024,,,0.3,4.75,23.74,19.38,19.89,0.51,-3.85,20.7,21.65,-3.93,-8.13,19.65,24.85,19.02,24.85,66.0,19.81,0.16,-5.04,68.27,60.93,82.58,73.28,-3.93,0.43,51.64,68.17,-5.04,0.79,73.07,84.68,71391.0,72451.0,92996.0,78946.0,81.65,0.06,473.56,2.07,702.15,9
JPM PRK,JPM,,11.5,10/29/2024,,,0.28,4.55,21.65,18.67,18.92,0.24,-2.74,19.81,20.68,-4.53,-8.57,18.66,23.04,18.32,23.04,66.0,18.84,0.18,-4.2,71.79,62.85,82.03,61.17,-2.81,0.17,40.18,70.52,-4.2,0.52,60.8,87.16,133440.0,122843.0,179509.0,145264.0,81.65,0.06,485.06,2.07,702.15,9
JPM PRL,JPM,,11.5,10/29/2024,,,0.29,4.63,21.62,18.94,19.35,0.41,-2.27,20.11,21.04,-3.8,-8.03,19.07,23.44,18.71,23.44,66.0,19.27,0.2,-4.17,67.51,60.5,81.48,60.74,-2.35,0.33,35.47,69.07,-4.17,0.56,60.36,86.79,142914.0,125359.0,123660.0,130644.0,81.65,0.06,474.77,2.07,702.15,9
JPM PRM,JPM,,11.5,10/29/2024,,,0.26,4.2,20.7,17.17,17.71,0.54,-2.99,18.44,19.29,-3.93,-8.19,17.44,21.68,16.96,21.68,66.0,17.64,0.2,-4.04,68.27,61.19,81.48,58.86,-3.06,0.47,42.74,67.8,-4.04,0.68,58.47,85.69,180226.0,176375.0,181594.0,179398.0,81.65,0.06,487.11,2.07,702.15,9
JSM,NAVI,BB,7.5,12/13/2024,,,0.38,6.0,23.5,16.7,18.45,1.79,-5.01,18.57,19.35,-0.45,-4.43,16.51,21.29,16.06,21.82,21.0,18.2,1.69,-3.09,47.89,44.78,40.52,45.17,-5.3,1.5,65.65,58.47,-3.62,2.14,52.34,72.31,14455.0,15882.0,12261.0,14199.0,44.29,0.08,329.61,2.07,702.15,1
KEY PRJ,KEY,,10.5,11/27/2024,,,0.35,5.65,25.36,16.17,21.42,5.24,-3.95,21.63,21.86,-1.04,-2.05,19.97,24.18,15.19,24.18,5.0,21.08,1.11,-3.1,51.35,34.4,56.46,45.32,-4.28,4.91,55.22,27.58,-3.1,5.89,44.74,37.95,29226.0,27941.0,23567.0,26911.0,58.89,0.07,325.4,2.07,702.15,8
KEY PRK,KEY,,10.5,11/27/2024,,,0.35,5.63,26.17,16.05,21.07,5.02,-5.1,21.54,21.87,-2.17,-3.68,19.76,24.43,14.99,24.43,5.0,20.74,0.98,-3.69,57.96,41.51,60.03,53.82,-5.43,4.69,66.98,29.57,-3.69,5.75,53.36,39.23,24062.0,20478.0,21276.0,21939.0,58.89,0.07,345.0,2.07,702.15,8
KIM PRL,KIM,,11.5,12/27/2024,,,0.32,5.13,25.42,19.2,19.88,0.68,-5.54,20.62,21.53,-3.6,-7.68,19.39,24.18,18.81,24.18,35.0,19.68,0.29,-4.5,66.34,58.97,79.0,65.5,-5.74,0.48,70.15,67.71,-4.5,0.87,65.18,83.95,12622.0,13366.0,9967.0,11985.0,64.56,0.06,414.57,2.07,702.15,2
KIM PRM,KIM,,11.5,12/27/2024,,,0.33,5.25,25.4,19.83,20.32,0.49,-5.08,21.1,22.08,-3.68,-7.99,19.71,25.16,19.71,25.16,35.0,20.12,0.41,-5.04,66.81,60.32,75.7,73.28,-5.28,0.29,65.45,69.43,-5.04,0.41,73.07,88.17,16570.0,16130.0,15808.0,16170.0,64.56,0.06,422.95,2.07,702.15,2
KREF PRA,KREF,,NR,11/27/2024,4/16/2026,,0.41,6.5,23.37,16.18,19.6,3.42,-3.77,19.4,19.87,1.05,-1.34,17.98,23.66,15.81,23.66,5.0,19.21,1.23,-4.45,39.11,31.3,53.16,64.77,-4.16,3.03,53.99,44.61,-4.45,3.4,64.45,60.77,18053.0,17596.0,14119.0,16589.0,38.27,0.08,304.48,2.07,702.15,5
MBINN,MBIN,,NR,12/13/2024,,,0.38,6.0,24.23,16.5,19.86,3.36,-4.37,20.87,21.43,-4.85,-7.32,18.31,24.34,16.31,24.34,21.0,19.57,1.26,-4.77,73.66,57.4,52.34,69.39,-4.66,3.07,59.1,44.25,-4.77,3.26,69.12,62.05,8079.0,8149.0,11732.0,9320.0,41.6,0.08,358.05,2.07,702.15,8
MET PRE,MET,,12,11/27/2024,,,0.35,5.63,26.5,21.22,23.59,2.37,-2.91,23.82,24.21,-0.96,-2.56,22.66,25.23,21.03,25.23,5.0,23.26,0.6,-1.97,50.88,36.62,70.48,29.03,-3.24,2.04,44.58,53.58,-1.97,2.23,28.25,71.49,53151.0,52719.0,31435.0,45768.0,74.73,0.06,371.7,2.07,702.15,4
MET PRF,MET,,12,11/27/2024,,,0.3,4.75,24.56,18.5,19.71,1.21,-4.85,20.29,20.97,-2.87,-6.02,19.0,23.21,18.33,23.21,5.0,19.43,0.43,-3.78,62.06,51.72,75.15,55.12,-5.13,0.93,63.91,63.64,-3.78,1.1,54.67,81.84,79814.0,83864.0,67596.0,77091.0,74.73,0.06,430.85,2.07,702.15,9
MFA PRB,MFA,,NR,11/27/2024,4/15/2018,,0.47,7.5,21.92,18.34,21.51,3.17,-0.41,21.29,21.54,1.02,-0.15,18.27,23.67,17.01,23.67,5.0,21.07,2.8,-2.6,39.28,26.1,10.0,38.11,-0.85,2.73,20.13,47.33,-2.6,4.06,37.45,54.72,16926.0,16256.0,11554.0,14912.0,20.91,0.09,229.1,2.07,702.15,5
MGR,AMG,BB,12,12/27/2024,,,0.37,5.88,26.29,19.6,20.75,1.15,-5.54,21.83,22.84,-4.93,-9.14,19.91,25.17,19.43,25.17,35.0,20.52,0.61,-4.65,74.13,65.34,70.21,67.66,-5.77,0.92,70.46,63.73,-4.65,1.09,67.37,81.94,17124.0,16580.0,12761.0,15488.0,65.57,0.07,431.33,2.07,702.15,2
MGRB,AMG,BB,12,12/27/2024,,,0.3,4.75,22.01,16.09,16.94,0.85,-5.07,17.84,18.89,-5.04,-10.32,16.13,21.0,15.83,21.0,35.0,16.76,0.63,-4.24,74.77,70.49,69.66,61.75,-5.25,0.67,65.14,65.99,-4.24,0.93,61.39,83.4,16994.0,19894.0,21605.0,19498.0,65.57,0.07,433.41,2.07,702.15,10
MGRD,AMG,BB,12,12/27/2024,,,0.26,4.2,19.5,15.18,15.39,0.21,-4.11,15.83,16.72,-2.78,-7.93,14.62,18.37,14.62,18.37,35.0,15.23,0.61,-3.14,61.54,60.06,70.21,45.89,-4.27,0.05,55.12,71.61,-3.14,0.61,45.33,86.33,9553.0,10249.0,8513.0,9438.0,65.57,0.07,403.9,2.07,702.15,10
MS PRK,MS,,11,12/27/2024,,,0.37,5.85,26.38,21.4,23.14,1.74,-3.24,23.98,24.57,-3.49,-5.83,22.52,26.0,21.16,26.0,35.0,22.91,0.39,-3.09,65.7,50.89,76.25,45.17,-3.47,1.51,46.93,58.38,-3.09,1.75,44.6,75.89,78835.0,84491.0,107495.0,90273.0,77.94,0.06,428.42,2.07,702.15,4
MS PRL,MS,,11,12/27/2024,,,0.3,4.88,24.0,18.32,19.68,1.36,-4.32,20.56,21.98,-4.27,-10.48,19.34,24.49,18.15,24.49,35.0,19.5,0.16,-4.99,70.26,71.19,82.58,72.56,-4.5,1.18,57.47,61.37,-4.99,1.35,72.34,79.55,27580.0,28114.0,30060.0,28585.0,77.94,0.06,459.87,2.07,702.15,2
MS PRO,MS,,11,12/27/2024,,,0.27,4.25,20.77,15.9,17.33,1.43,-3.44,18.07,18.95,-4.1,-8.57,16.82,21.47,15.7,21.47,35.0,17.16,0.34,-4.31,69.27,62.85,77.63,62.76,-3.61,1.26,48.36,60.65,-4.31,1.46,62.41,78.55,127520.0,112307.0,105343.0,115056.0,77.94,0.06,462.5,2.07,702.15,2
NCV PRA,NCV,,NR,12/5/2024,,,0.35,5.63,24.28,20.92,22.02,1.1,-2.26,21.76,22.07,1.2,-0.22,20.72,23.64,20.6,23.64,13.0,21.72,1.0,-1.92,38.23,26.41,59.48,28.31,-2.56,0.8,37.62,64.81,-1.92,1.12,27.52,81.66,5559.0,3498.0,2417.0,3825.0,23.33,0.06,240.39,2.07,702.15,7
NCZ PRA,NCZ,,NR,12/5/2024,,,0.34,5.5,24.28,20.5,20.84,0.34,-3.44,20.96,21.06,-0.58,-1.05,19.92,22.38,19.92,22.38,13.0,20.55,0.63,-1.83,48.65,30.03,69.66,27.01,-3.73,0.05,49.59,71.61,-1.83,0.63,26.2,86.15,9697.0,9728.0,8149.0,9191.0,23.99,0.07,268.46,2.07,702.15,7
NEE PRN,NEE,BB,12,11/27/2024,,,0.35,5.65,26.15,22.13,22.76,0.63,-3.39,23.23,24.21,-2.02,-5.98,22.1,25.55,21.92,25.62,5.0,22.43,0.33,-3.12,57.09,51.55,77.9,45.6,-3.72,0.3,49.49,69.34,-3.19,0.51,46.06,87.25,45087.0,51728.0,38621.0,45145.0,76.88,0.06,420.39,2.07,702.15,4
NRUC,-,BB,13,11/1/2024,,,0.34,5.5,25.22,21.75,23.94,2.19,-1.28,23.46,24.19,2.03,-1.02,22.38,25.75,21.64,25.75,69.0,23.86,1.48,-1.89,33.37,29.9,46.29,27.87,-1.36,2.11,25.35,52.94,-1.89,2.22,27.08,71.58,15049.0,18974.0,14059.0,16027.0,46.35,0.06,276.15,2.07,702.15,4
NSA PRA,NSA,,NR,12/13/2024,,,0.38,6.0,25.3,20.65,23.6,2.95,-1.7,22.28,22.79,5.94,3.54,21.12,25.2,20.16,25.2,21.0,23.31,2.19,-1.89,10.47,10.0,26.77,27.87,-1.99,2.66,31.79,47.96,-1.89,3.15,27.08,63.06,11455.0,10027.0,5869.0,9117.0,45.67,0.06,230.46,2.07,702.15,5
NTRSO,NTRS,,13,12/13/2024,,,0.29,4.7,24.85,18.3,19.66,1.53,-5.02,20.09,21.04,-1.28,-5.73,19.1,24.29,18.1,24.29,21.0,19.61,0.51,-4.68,52.75,50.46,72.96,68.09,-5.24,1.31,65.04,60.19,-4.68,1.51,67.81,78.09,25108.0,27709.0,21721.0,24846.0,70.21,0.06,407.58,2.07,702.15,9
NYMTZ,NYMT,,NR,1/2/2025,,,0.44,7.0,19.78,16.6,18.25,1.59,-1.59,18.81,19.33,-3.31,-5.92,16.75,21.75,15.31,21.75,41.0,17.95,1.2,-3.8,64.64,51.29,53.99,55.41,-1.83,1.35,30.15,59.83,-3.8,2.64,54.96,67.73,4809.0,4132.0,2503.0,3815.0,22.14,0.1,312.64,2.07,702.15,11
OPP PRA,OPP,,16,11/1/2024,,,0.27,4.38,20.87,16.98,17.6,0.62,-3.27,18.29,18.71,-3.79,-5.91,16.54,20.21,16.54,20.21,69.0,17.54,1.0,-2.67,67.45,51.24,59.48,39.12,-3.33,0.56,45.5,66.99,-2.67,1.0,38.47,82.76,4546.0,4249.0,3016.0,3937.0,58.83,0.06,363.95,2.07,702.15,7
OPP PRB,OPP,,16,11/1/2024,2/15/2027,,0.3,4.75,21.43,18.7,19.21,0.51,-2.22,19.86,20.08,-3.29,-4.31,18.34,21.86,18.31,22.31,69.0,19.14,0.8,-2.72,64.52,44.26,64.98,39.84,-2.29,0.44,34.86,68.07,-3.17,0.83,45.77,84.32,2815.0,2208.0,1772.0,2265.0,58.83,0.06,359.36,2.07,702.15,7
OZKAP,OZK,,9,11/1/2024,11/15/2026,,0.29,4.63,20.78,14.61,16.25,1.69,-4.48,16.96,17.09,-3.91,-4.65,15.75,19.88,14.37,19.88,69.0,16.23,0.48,-3.65,68.16,45.74,73.78,53.24,-4.55,1.62,57.98,57.38,-3.65,1.86,52.77,74.88,28785.0,27349.0,40225.0,32120.0,56.7,0.07,379.78,2.07,702.15,8
PEB PRE,PEB,,NR,12/27/2024,,,0.4,6.38,24.71,18.32,18.12,-0.2,-6.59,18.47,20.51,-1.89,-11.65,16.27,23.22,16.27,23.22,35.0,17.88,1.61,-5.34,56.33,76.3,42.71,77.6,-6.83,-0.44,81.3,76.05,-5.34,1.61,77.45,77.17,9528.0,10917.0,6730.0,9058.0,37.23,0.09,385.56,2.07,702.15,11
PEB PRF,PEB,,NR,12/27/2024,,,0.39,6.3,23.52,18.56,18.35,-0.21,-5.17,18.61,20.55,-1.42,-10.69,16.85,23.75,16.85,23.75,35.0,18.11,1.26,-5.64,53.57,72.11,52.34,81.93,-5.41,-0.45,66.78,76.14,-5.64,1.26,81.82,80.38,7596.0,9543.0,4934.0,7358.0,37.23,0.09,384.96,2.07,702.15,5
PEB PRG,PEB,,NR,12/27/2024,,,0.4,6.38,23.4,18.0,18.1,0.1,-5.3,18.65,20.28,-2.97,-10.75,16.6,23.18,16.6,23.18,35.0,17.86,1.26,-5.32,62.65,72.37,52.34,77.32,-5.54,-0.14,68.11,73.33,-5.32,1.26,77.15,80.38,10240.0,10645.0,14082.0,11656.0,37.23,0.09,387.79,2.07,702.15,5
PEB PRH,PEB,,NR,12/27/2024,,,0.36,5.7,21.01,16.38,16.95,0.57,-4.06,17.06,18.38,-0.65,-7.8,15.51,21.12,15.02,21.12,35.0,16.73,1.22,-4.39,49.06,59.49,53.44,63.91,-4.28,0.35,55.22,68.89,-4.39,1.71,63.58,76.25,11479.0,7684.0,4435.0,7866.0,37.23,0.08,345.58,2.07,702.15,5
PFH,PRU,BB,13,11/15/2024,9/1/2025,,0.26,4.13,22.61,17.35,17.14,-0.21,-5.47,17.93,19.13,-4.38,-10.41,16.84,21.59,16.84,21.59,83.0,17.12,0.28,-4.47,70.91,70.88,79.28,65.06,-5.49,-0.23,67.6,74.14,-4.47,0.28,64.74,89.36,29952.0,30035.0,27414.0,29134.0,72.85,0.06,453.18,2.07,702.15,9
PRH,PRU,BB,13,11/15/2024,,,0.37,5.95,,23.79,24.64,0.85,,24.88,25.57,-0.97,-3.64,23.59,26.89,23.17,26.95,83.0,24.61,1.02,-2.28,50.94,41.34,58.93,33.5,,0.82,34.08,64.63,-2.34,1.44,33.65,78.73,18740.0,23830.0,21828.0,21466.0,72.85,0.06,370.23,2.07,702.15,4
PRS,PRU,BB,13,11/1/2024,8/15/2023,,0.35,5.63,26.16,22.52,23.03,0.51,-3.13,23.36,24.23,-1.4,-4.94,22.35,25.42,22.31,25.42,69.0,22.95,0.6,-2.47,53.46,47.01,70.48,36.23,-3.21,0.43,44.27,68.17,-2.47,0.64,35.55,86.06,28435.0,31789.0,26744.0,28990.0,72.85,0.06,390.4,2.07,702.15,4
PSA PRF,PSA,,13.5,12/12/2024,,,0.32,5.15,25.84,20.87,20.92,0.05,-4.92,21.49,22.9,-2.67,-8.66,19.87,25.11,19.87,25.11,20.0,20.67,0.8,-4.44,60.89,63.25,64.98,64.63,-5.17,-0.2,64.32,73.87,-4.44,0.8,64.31,84.59,18536.0,17476.0,11441.0,15818.0,73.05,0.06,429.42,2.07,702.15,2
PSA PRG,PSA,,13.5,12/12/2024,,,0.32,5.05,25.87,21.11,20.85,-0.25,-5.01,21.35,22.71,-2.28,-8.14,19.99,25.0,19.99,25.06,20.0,20.61,0.62,-4.39,58.61,60.98,69.93,63.91,-5.26,-0.5,65.24,76.59,-4.45,0.62,64.45,86.24,16847.0,17527.0,13878.0,16084.0,73.05,0.06,429.34,2.07,702.15,2
PSA PRH,PSA,,13.5,12/12/2024,,,0.35,5.6,26.96,22.76,22.8,0.04,-4.16,23.36,24.39,-2.38,-6.51,20.85,25.7,20.85,26.1,20.0,22.53,1.68,-3.17,59.19,53.86,40.79,46.32,-4.43,-0.23,56.75,74.14,-3.57,1.68,51.61,76.53,19284.0,21737.0,13966.0,18329.0,73.05,0.06,396.63,2.07,702.15,4
PSA PRI,PSA,,13.5,12/12/2024,,,0.3,4.88,25.8,19.44,19.67,0.23,-6.13,20.33,21.65,-3.25,-9.16,19.08,23.72,19.08,23.94,20.0,19.44,0.36,-4.28,64.29,65.43,77.08,62.32,-6.36,0.0,76.5,72.06,-4.5,0.36,65.18,88.63,16988.0,13804.0,8882.0,13225.0,73.05,0.06,439.74,2.07,702.15,2
PSA PRJ,PSA,,13.5,12/12/2024,,,0.29,4.7,25.08,18.25,18.93,0.68,-6.15,19.53,20.74,-3.08,-8.72,18.33,23.21,17.94,23.21,20.0,18.7,0.37,-4.51,63.29,63.51,76.8,65.64,-6.38,0.45,76.7,67.98,-4.51,0.76,65.33,84.96,14638.0,16283.0,7618.0,12846.0,73.05,0.06,435.61,2.07,702.15,2
PSA PRK,PSA,,13.5,12/12/2024,,,0.3,4.75,25.8,18.4,19.31,0.91,-6.49,19.75,20.93,-2.25,-7.74,18.57,23.21,18.16,23.21,20.0,19.08,0.51,-4.13,58.43,59.23,72.96,60.16,-6.72,0.68,80.18,65.9,-4.13,0.92,59.78,83.49,16246.0,17808.0,33947.0,22667.0,73.05,0.06,425.4,2.07,702.15,2
PSA PRL,PSA,,13.5,12/12/2024,,,0.29,4.63,24.84,18.17,18.86,0.69,-5.98,19.31,20.43,-2.35,-7.7,17.52,22.89,17.52,22.89,20.0,18.63,1.11,-4.26,59.02,59.06,56.46,62.04,-6.21,0.46,74.96,67.89,-4.26,1.11,61.68,81.75,30601.0,27957.0,16492.0,25017.0,73.05,0.06,420.74,2.07,702.15,2
PSA PRM,PSA,,13.5,12/12/2024,,,0.26,4.13,22.79,16.05,16.85,0.8,-5.94,17.31,18.41,-2.68,-8.46,16.28,20.79,15.82,20.79,20.0,16.65,0.37,-4.14,60.95,62.37,76.8,60.31,-6.14,0.6,74.25,66.63,-4.14,0.83,59.93,84.32,9362.0,8612.0,6807.0,8260.0,73.05,0.06,427.14,2.07,702.15,2
PSA PRN,PSA,,13.5,12/12/2024,,,0.24,3.88,21.02,15.12,15.76,0.64,-5.26,16.21,17.14,-2.76,-8.08,15.36,19.23,14.9,19.23,20.0,15.57,0.21,-3.66,61.42,60.71,81.2,53.39,-5.45,0.45,67.19,67.98,-3.66,0.67,52.92,85.78,15330.0,18891.0,11771.0,15331.0,73.05,0.06,424.17,2.07,702.15,2
PSA PRO,PSA,,13.5,12/12/2024,11/17/2025,,0.24,3.9,20.29,15.53,15.9,0.37,-4.39,16.29,17.21,-2.42,-7.63,15.4,19.13,15.1,19.14,20.0,15.71,0.31,-3.42,59.43,58.75,78.45,49.93,-4.58,0.18,58.29,70.43,-3.43,0.61,49.56,86.33,14045.0,13820.0,6927.0,11597.0,73.05,0.06,416.4,2.07,702.15,2
PSA PRP,PSA,,13.5,12/12/2024,,,0.25,4.0,20.88,15.54,16.1,0.56,-4.78,16.68,17.71,-3.46,-9.08,15.39,19.99,15.37,19.99,20.0,15.91,0.52,-4.08,65.52,65.08,72.68,59.44,-4.97,0.37,62.28,68.71,-4.08,0.54,59.05,86.98,38651.0,33939.0,34308.0,35633.0,73.05,0.06,436.81,2.07,702.15,2
PSA PRQ,PSA,,13.5,12/12/2024,,,0.25,3.95,20.84,15.31,15.89,0.58,-4.95,16.39,17.41,-3.05,-8.72,15.43,19.47,15.17,19.47,20.0,15.7,0.27,-3.77,63.12,63.51,79.55,54.97,-5.14,0.39,64.02,68.53,-3.77,0.53,54.53,87.07,12144.0,12882.0,10315.0,11781.0,73.05,0.06,427.53,2.07,702.15,2
PSA PRR,PSA,,13.5,12/12/2024,,,0.25,4.0,20.78,15.59,16.12,0.53,-4.66,16.64,17.77,-3.11,-9.26,15.68,20.16,15.38,20.16,20.0,15.93,0.25,-4.23,63.47,65.86,80.1,61.6,-4.85,0.34,61.05,68.98,-4.23,0.55,61.24,86.88,27999.0,27763.0,22875.0,26212.0,73.05,0.06,437.87,2.07,702.15,2
PSA PRS,PSA,,13.5,12/12/2024,,,0.26,4.1,21.15,15.83,16.53,0.71,-4.61,17.04,18.17,-2.95,-9.0,14.18,20.47,14.18,20.47,20.0,16.34,2.16,-4.13,62.53,64.73,27.59,60.16,-4.81,0.51,60.64,67.44,-4.13,2.16,59.78,72.13,16958.0,18837.0,10119.0,15305.0,73.05,0.06,407.4,2.07,702.15,2
PSEC PRA,PSEC,,9,10/16/2024,7/19/2026,,0.33,5.35,19.55,15.21,17.29,2.09,-2.25,16.32,17.67,6.02,-2.09,14.58,21.54,14.04,21.54,53.0,17.16,2.58,-4.38,10.0,34.57,16.05,63.77,-2.39,1.95,35.88,54.39,-4.38,3.12,63.43,63.33,9060.0,9133.0,6375.0,8190.0,40.08,0.08,278.99,2.07,702.15,3
REGCO,REG,,NR,10/16/2024,,,0.37,5.88,,21.85,22.8,0.92,,22.47,22.72,1.33,0.2,21.43,24.7,21.2,24.9,53.0,22.62,1.19,-2.08,37.47,24.58,54.26,30.61,,0.77,34.08,65.08,-2.28,1.42,32.77,78.91,6036.0,5314.0,2595.0,4648.0,61.83,0.06,317.31,2.07,702.15,11
REGCP,REG,,NR,10/16/2024,,,0.39,6.25,,23.1,23.68,0.22,,23.47,23.73,-0.64,-1.74,21.88,25.63,21.88,25.63,53.0,23.16,1.28,-2.47,49.0,33.04,51.79,36.23,,0.06,34.08,71.52,-2.47,1.28,35.55,80.19,5509.0,5609.0,1200.0,4106.0,61.83,0.07,343.44,2.07,702.15,7
REXR PRB,REXR,,NR,12/13/2024,,,0.37,5.88,25.39,21.16,23.03,1.87,-2.36,23.1,22.76,-0.3,1.18,22.21,24.57,20.6,24.57,21.0,22.75,0.54,-1.82,47.01,20.3,72.13,26.86,-2.64,1.59,38.44,57.66,-1.82,2.15,26.06,72.22,5665.0,5222.0,2869.0,4585.0,45.08,0.06,282.63,2.07,702.15,7
REXR PRC,REXR,,NR,11/15/2024,,,0.35,5.63,26.1,20.05,21.85,1.8,-4.25,21.75,21.95,0.44,-0.48,20.13,24.54,19.71,24.54,83.0,21.82,1.69,-2.72,42.68,27.55,40.52,39.84,-4.28,1.77,55.22,56.02,-2.72,2.11,39.2,72.59,8159.0,6092.0,2762.0,5671.0,45.08,0.06,287.47,2.07,702.15,7
RF PRE,RF,,10,11/27/2024,,,0.28,4.45,20.69,15.45,17.41,1.96,-3.28,17.66,18.23,-1.42,-4.5,16.41,19.98,14.16,19.98,5.0,17.15,0.74,-2.83,53.57,45.09,66.63,41.42,-3.54,1.7,47.65,56.66,-2.83,2.99,40.8,64.52,28445.0,28875.0,28322.0,28547.0,61.71,0.06,355.68,2.07,702.15,10
RNR PRF,RNR,,12,11/27/2024,,,0.36,5.75,25.11,20.71,21.11,0.4,-4.0,22.03,23.26,-4.2,-9.26,20.8,25.08,20.43,25.1,5.0,20.77,-0.03,-4.31,69.85,65.86,87.8,62.76,-4.34,0.06,55.83,71.52,-4.33,0.34,62.7,88.81,14682.0,16324.0,18867.0,16624.0,65.1,0.07,434.2,2.07,702.15,2
RNR PRG,RNR,,12,11/27/2024,,,0.26,4.2,20.02,15.35,15.6,0.25,-4.42,16.18,17.43,-3.57,-10.51,14.26,18.97,14.26,19.46,5.0,15.35,1.09,-3.62,66.16,71.32,57.01,52.81,-4.67,0.0,59.21,72.06,-4.11,1.09,59.49,81.94,32448.0,31493.0,44309.0,36084.0,65.1,0.07,424.27,2.07,702.15,9
SCE PRG,EIX,TP,10,12/13/2024,,,0.32,5.1,20.73,17.2,16.95,-0.25,-3.78,17.7,19.62,-4.23,-13.61,16.32,21.69,16.32,21.7,21.0,16.7,0.38,-4.99,70.03,84.85,76.53,72.56,-4.03,-0.5,52.66,76.59,-5.0,0.38,72.48,88.44,17094.0,23475.0,11355.0,17308.0,56.28,0.08,444.18,2.07,702.15,1
SCE PRL,EIX,TP,10,12/13/2024,,,0.31,5.0,20.24,16.94,16.54,-0.4,-3.7,17.32,19.21,-4.51,-13.89,15.98,21.09,15.98,21.32,21.0,16.3,0.32,-4.79,71.67,86.07,78.18,69.68,-3.94,-0.64,51.74,77.86,-5.02,0.32,72.77,88.99,44232.0,56227.0,42255.0,47571.0,56.28,0.08,453.98,2.07,702.15,2
SCHW PRD,SCHW,,12,11/13/2024,,,0.37,5.95,25.94,22.65,24.75,2.1,-1.19,25.05,25.18,-1.21,-1.69,24.25,25.71,22.29,25.71,81.0,24.71,0.46,-1.0,52.34,32.83,74.33,15.05,-1.23,2.06,24.02,53.4,-1.0,2.42,14.09,69.75,40662.0,46914.0,48043.0,45206.0,80.76,0.06,368.62,2.07,702.15,4
SCHW PRJ,SCHW,,12,11/13/2024,,,0.28,4.45,23.4,16.75,19.13,2.38,-4.27,19.47,20.38,-1.75,-6.12,18.33,22.6,16.63,22.6,81.0,19.1,0.77,-3.5,55.51,52.16,65.81,51.08,-4.3,2.35,55.42,50.77,-3.5,2.47,50.58,69.29,52556.0,56441.0,59038.0,56012.0,80.76,0.06,417.47,2.07,702.15,9
SF PRB,SF,,8,12/2/2024,,,0.39,6.25,26.94,22.01,24.3,2.29,-2.64,24.19,24.57,0.44,-1.1,22.22,25.44,21.56,25.73,10.0,23.95,1.73,-1.49,42.68,30.25,39.42,22.11,-2.99,1.94,42.02,54.48,-1.78,2.39,25.47,70.02,6588.0,6762.0,10597.0,7982.0,56.46,0.06,298.75,2.07,702.15,1
SF PRC,SF,,8,12/2/2024,,,0.38,6.13,27.0,22.12,23.67,1.56,-3.32,24.01,24.53,-1.37,-3.45,21.81,26.47,21.27,26.47,10.0,23.34,1.53,-3.13,53.28,40.51,44.91,45.75,-3.66,1.22,48.87,61.01,-3.13,2.07,45.18,72.96,11320.0,10816.0,16025.0,12721.0,56.46,0.06,337.18,2.07,702.15,1
SF PRD,SF,,8,12/2/2024,,,0.28,4.5,20.54,15.64,18.12,2.48,-2.42,17.7,18.62,2.34,-2.7,15.85,21.74,15.0,21.74,10.0,17.87,2.02,-3.87,31.55,37.23,31.44,56.41,-2.67,2.23,38.75,51.86,-3.87,2.87,55.99,65.62,19338.0,15680.0,24017.0,19678.0,56.46,0.06,317.9,2.07,702.15,10
SHO PRH,SHO,,NR,12/27/2024,,,0.38,6.13,23.75,20.4,20.87,0.47,-2.88,20.86,21.73,0.05,-3.96,19.14,24.27,19.14,24.27,35.0,20.64,1.5,-3.63,44.96,42.73,45.74,52.95,-3.11,0.24,43.25,69.89,-3.63,1.5,52.48,78.18,7482.0,9213.0,4212.0,6969.0,44.12,0.07,323.68,2.07,702.15,5
SHO PRI,SHO,,NR,12/27/2024,,,0.36,5.7,22.98,19.43,19.85,0.43,-3.12,19.77,20.47,0.47,-2.98,17.96,22.79,17.96,22.79,35.0,19.64,1.68,-3.15,42.5,38.46,40.79,46.04,-3.34,0.21,45.6,70.16,-3.15,1.68,45.47,76.53,7604.0,8216.0,3548.0,6456.0,44.12,0.07,311.44,2.07,702.15,5
SIGIP,SIGI,,10,11/27/2024,,,0.29,4.6,20.74,15.48,17.2,1.81,-3.45,17.79,18.45,-2.79,-6.31,16.82,20.3,15.17,20.3,5.0,17.02,0.2,-3.28,61.6,52.99,81.48,47.91,-3.72,1.54,49.49,58.11,-3.28,1.85,47.37,74.97,5179.0,5137.0,2252.0,4189.0,57.82,0.07,375.44,2.07,702.15,1
SLG PRI,SLG,,9.5,12/17/2024,,,0.41,6.5,25.67,18.15,22.05,3.9,-3.62,22.66,22.77,-2.7,-3.15,21.09,24.87,15.26,24.87,25.0,21.75,0.66,-3.12,61.07,39.2,68.83,45.6,-3.92,3.6,51.53,39.45,-3.12,6.49,45.04,32.45,14893.0,11820.0,6441.0,11052.0,29.95,0.07,277.11,2.07,702.15,1
SOJC,SO,BB,11.5,11/29/2024,,,0.33,5.25,25.69,20.75,21.59,0.84,-4.1,21.94,23.09,-1.62,-6.51,21.1,25.07,20.35,25.07,7.0,21.29,0.19,-3.78,54.74,53.86,81.75,55.12,-4.4,0.54,56.45,67.17,-3.78,0.94,54.67,83.31,24535.0,24790.0,15262.0,21529.0,79.52,0.06,427.17,2.07,702.15,2
SOJD,SO,BB,11.5,10/29/2024,,,0.31,4.95,23.86,19.45,20.11,0.66,-3.75,20.65,21.84,-2.62,-7.94,19.26,24.55,19.26,24.55,66.0,20.03,0.77,-4.52,60.6,60.1,65.81,65.78,-3.83,0.58,50.61,66.81,-4.52,0.77,65.47,84.87,81202.0,81674.0,69241.0,77372.0,79.52,0.06,451.71,2.07,702.15,9
SOJE,SO,BB,11.5,1/10/2025,,,0.26,4.2,20.96,17.42,17.64,0.19,-3.35,18.27,19.62,-3.61,-10.22,17.28,22.35,17.28,22.35,49.0,17.49,0.21,-4.86,66.4,70.05,81.2,70.68,-3.47,0.07,46.93,71.43,-4.86,0.21,70.44,90.0,54164.0,56350.0,40130.0,50214.0,79.52,0.06,469.21,2.07,702.15,9
SR PRA,SR,,11,10/25/2024,8/15/2024,,0.37,5.9,26.15,21.87,24.09,2.22,-2.06,24.31,24.34,-0.89,-1.02,23.2,25.39,21.36,25.39,62.0,23.97,0.77,-1.42,50.47,29.9,65.81,21.1,-2.18,2.1,33.73,53.04,-1.42,2.61,20.22,68.01,18184.0,17293.0,11891.0,15789.0,62.29,0.06,321.41,2.07,702.15,4
SREA,SRE,BB,11.5,12/13/2024,,,0.36,5.75,25.24,21.16,20.5,-0.66,-4.74,21.97,23.42,-6.69,-12.48,19.6,25.24,19.6,25.47,21.0,20.22,0.62,-5.02,84.44,79.92,69.93,72.99,-5.02,-0.94,62.79,80.58,-5.25,0.62,76.13,86.24,55902.0,62776.0,57957.0,58878.0,71.57,0.07,484.68,2.07,702.15,2
STT PRG,STT,,13,11/27/2024,,,0.33,5.35,26.9,21.63,22.28,0.65,-4.62,23.1,24.0,-3.54,-7.17,21.62,25.16,21.42,25.16,5.0,21.97,0.35,-3.19,65.99,56.74,77.35,46.61,-4.93,0.34,61.87,68.98,-3.19,0.55,46.06,86.88,39771.0,44818.0,30672.0,38420.0,74.21,0.06,425.25,2.07,702.15,4
SYF PRA,SYF,,NR,10/30/2024,11/15/2024,,0.35,5.63,22.14,15.28,17.81,2.53,-4.33,18.46,19.26,-3.54,-7.53,16.19,21.94,14.51,21.94,67.0,17.72,1.53,-4.22,65.99,58.31,44.91,61.46,-4.42,2.44,56.65,49.95,-4.22,3.21,61.09,62.51,54772.0,57123.0,50769.0,54221.0,59.72,0.08,396.43,2.07,702.15,8
T PRA,T,,10,1/7/2025,12/12/2024,,0.31,5.0,23.49,18.31,20.11,1.8,-3.38,20.56,21.21,-2.17,-5.19,19.15,22.78,18.2,22.8,46.0,19.96,0.81,-2.82,57.96,48.1,64.71,41.28,-3.53,1.65,47.54,57.11,-2.84,1.76,40.95,75.8,100893.0,96623.0,97522.0,98346.0,77.71,0.06,415.79,2.07,702.15,9
T PRC,T,,10,1/7/2025,2/18/2025,,0.3,4.75,21.55,17.25,19.13,1.88,-2.42,19.39,20.08,-1.32,-4.71,18.2,21.71,17.02,21.71,46.0,18.98,0.78,-2.73,52.99,46.01,65.53,39.98,-2.57,1.73,37.72,56.39,-2.73,1.96,39.34,73.96,124962.0,134449.0,118579.0,125997.0,77.71,0.06,414.38,2.07,702.15,9
TBB,T,BB,12,10/17/2024,,,0.33,5.35,24.98,20.32,22.08,1.76,-2.9,23.35,23.54,-5.44,-6.22,21.75,24.9,20.26,24.9,54.0,21.95,0.2,-2.95,77.12,52.6,81.48,43.15,-3.03,1.63,42.43,57.29,-2.95,1.69,42.55,76.44,76584.0,64515.0,69405.0,70168.0,79.27,0.06,434.03,2.07,702.15,4
TCBIO,TCBI,,8,12/2/2024,6/15/2026,,0.36,5.75,24.5,16.01,20.03,4.02,-4.47,20.21,20.26,-0.91,-1.12,18.11,22.71,15.52,22.71,10.0,19.71,1.6,-3.0,50.59,30.34,42.99,43.87,-4.79,3.7,60.43,38.54,-3.0,4.19,43.28,53.53,21880.0,18751.0,11873.0,17501.0,51.08,0.07,308.05,2.07,702.15,8
TDS PRU,TDS,,7,12/13/2024,,,0.41,6.63,24.25,14.26,21.02,6.76,-3.23,20.93,20.64,0.44,1.84,18.71,22.88,12.0,22.88,21.0,20.71,2.0,-2.17,42.68,17.42,31.99,31.91,-3.54,6.45,47.65,13.62,-2.17,8.71,31.17,12.11,25566.0,23537.0,13813.0,20972.0,50.21,0.08,257.76,2.07,702.15,6
TDS PRV,TDS,,7,12/13/2024,9/30/2026,,0.38,6.0,22.28,12.88,18.77,5.89,-3.51,18.34,18.31,2.32,2.49,16.25,20.48,10.79,20.48,21.0,18.48,2.23,-2.0,31.67,14.58,25.67,29.46,-3.8,5.6,50.31,21.33,-2.0,7.69,28.69,21.45,44755.0,41217.0,31995.0,39322.0,50.21,0.08,256.14,2.07,702.15,6
TFC PRO,TFC,,11.5,11/8/2024,,,0.33,5.25,25.2,19.78,21.01,1.23,-4.19,21.76,22.53,-3.44,-6.75,19.69,24.83,19.43,24.83,76.0,20.96,1.27,-3.87,65.4,54.91,52.06,56.41,-4.24,1.18,54.81,61.37,-3.87,1.53,55.99,77.9,45869.0,43984.0,43017.0,44290.0,66.71,0.06,399.77,2.07,702.15,9
TFC PRR,TFC,,11.5,11/8/2024,,,0.3,4.75,22.49,17.71,18.84,1.13,-3.65,19.79,20.39,-4.8,-7.6,18.41,22.62,17.29,22.62,76.0,18.79,0.38,-3.83,73.37,58.62,76.53,55.84,-3.7,1.08,49.28,62.28,-3.83,1.5,55.4,78.18,68071.0,70902.0,83382.0,74118.0,66.71,0.06,422.95,2.07,702.15,10
TRTN PRD,-,,NR,12/6/2024,3/15/2025,,0.43,6.88,25.95,21.62,21.42,-0.19,-4.52,22.35,23.41,-4.1,-8.48,19.76,25.67,19.76,25.67,14.0,21.07,1.31,-4.6,69.27,62.46,50.96,66.94,-4.88,-0.55,61.36,77.04,-4.6,1.31,66.64,79.92,9966.0,9231.0,11072.0,10090.0,45.05,0.08,383.66,2.07,702.15,5
TRTN PRE,-,,NR,12/6/2024,,,0.36,5.75,23.79,17.8,18.8,1.0,-4.99,19.18,20.6,-1.99,-8.75,16.9,23.3,16.9,23.3,14.0,18.5,1.6,-4.8,56.91,63.64,42.99,69.82,-5.29,0.7,65.55,65.72,-4.8,1.6,69.56,77.26,7508.0,8132.0,7589.0,7743.0,45.05,0.08,371.89,2.07,702.15,3
TRTX PRC,TRTX,,NR,12/16/2024,6/14/2026,,0.39,6.25,18.83,13.81,18.08,4.26,-0.76,17.79,18.0,1.56,0.4,16.01,20.0,13.0,20.0,24.0,17.78,1.77,-2.22,36.12,23.7,38.32,32.63,-1.05,3.97,22.17,36.09,-2.22,4.78,31.9,48.12,8433.0,7232.0,6223.0,7296.0,42.78,0.09,268.39,2.07,702.15,11
TY PR,TY,,NR,12/5/2024,,,0.31,5.0,50.11,43.5,43.98,0.48,-6.13,44.83,45.84,-1.9,-4.07,43.55,49.16,42.0,49.19,13.0,43.71,0.16,-5.45,56.38,43.21,82.58,79.19,-6.4,0.21,76.91,70.16,-5.48,1.71,79.49,76.25,622.0,590.0,753.0,655.0,51.97,0.03,354.25,2.07,702.15,0
UNMA,UNM,BB,10,11/29/2024,,,0.39,6.25,26.19,21.92,24.56,2.64,-1.63,24.55,24.92,0.04,-1.43,23.13,26.05,21.49,26.05,7.0,24.2,1.07,-1.85,45.02,31.69,57.56,27.3,-1.99,2.28,31.79,51.4,-1.85,2.71,26.5,67.09,12796.0,15484.0,6617.0,11632.0,68.36,0.06,331.5,2.07,702.15,4
USB PRQ,USB,,13.5,12/27/2024,,,0.23,3.75,19.57,13.5,15.42,1.92,-4.15,15.92,16.78,-3.16,-8.09,14.66,18.6,13.32,18.6,35.0,15.28,0.62,-3.32,63.76,60.76,69.93,48.49,-4.29,1.78,55.32,55.93,-3.32,1.96,47.96,73.96,41910.0,37987.0,34377.0,38091.0,73.33,0.06,413.54,2.07,702.15,10
USB PRR,USB,,13.5,12/27/2024,,,0.25,4.0,21.05,14.57,16.4,1.83,-4.65,17.01,17.89,-3.57,-8.35,15.62,20.35,14.24,20.35,35.0,16.25,0.63,-4.1,66.16,61.89,69.66,59.73,-4.8,1.68,60.54,56.84,-4.1,2.01,59.34,73.51,49535.0,48409.0,44966.0,47637.0,73.33,0.06,427.23,2.07,702.15,9
USB PRS,USB,,13.5,12/27/2024,,,0.28,4.5,22.08,16.44,18.71,2.27,-3.37,19.39,20.32,-3.52,-7.91,18.07,22.97,16.22,22.97,35.0,18.54,0.47,-4.43,65.87,59.97,74.05,64.49,-3.54,2.1,47.65,53.04,-4.43,2.32,64.16,70.66,44122.0,40604.0,36887.0,40538.0,73.33,0.06,423.75,2.07,702.15,9
UZD,USM,BB,9.5,11/29/2024,9/1/2025,,0.39,6.25,24.16,16.77,23.84,7.07,-0.32,23.62,23.05,0.95,3.41,22.0,24.2,14.86,24.8,7.0,23.48,1.48,-0.72,39.69,10.57,46.29,11.01,-0.68,6.71,18.39,11.27,-1.32,8.62,18.76,12.93,38350.0,35930.0,18297.0,30859.0,58.62,0.07,250.47,2.07,702.15,8
UZE,USM,BB,9.5,11/29/2024,,,0.34,5.5,21.8,14.93,22.09,7.16,0.29,21.88,21.5,0.96,2.73,20.25,23.22,13.0,23.8,7.0,21.78,1.53,-1.44,39.63,13.54,44.91,21.39,-0.02,6.85,11.64,10.0,-2.02,8.78,28.98,11.47,39467.0,30259.0,26019.0,31915.0,58.62,0.06,250.87,2.07,702.15,6
UZF,USM,BB,9.5,11/29/2024,6/1/2026,,0.34,5.5,21.75,15.44,22.2,6.76,0.45,21.92,21.51,1.28,3.2,20.3,23.5,12.95,23.7,7.0,21.89,1.59,-1.61,37.76,11.48,43.26,23.84,0.14,6.45,10.0,13.62,-1.81,8.94,25.91,10.0,29043.0,23088.0,18002.0,23378.0,58.62,0.06,245.23,2.07,702.15,8
VNO PRL,VNO,,10.5,12/13/2024,,,0.34,5.4,24.16,13.75,17.65,3.9,-6.51,17.57,17.31,0.43,1.97,15.25,19.46,11.36,19.46,21.0,17.39,2.14,-2.07,42.74,16.85,28.14,30.47,-6.77,3.64,80.69,39.08,-2.07,6.03,29.71,36.67,20455.0,17691.0,17232.0,18459.0,59.57,0.08,298.04,2.07,702.15,6
VNO PRM,VNO,,10.5,12/13/2024,,,0.33,5.25,23.4,13.71,17.08,3.37,-6.32,17.14,16.86,-0.37,1.3,14.75,18.99,11.15,18.99,21.0,16.83,2.08,-2.16,47.42,19.78,29.79,31.77,-6.57,3.12,78.64,43.79,-2.16,5.68,31.02,39.87,24557.0,20583.0,13217.0,19452.0,59.57,0.08,307.74,2.07,702.15,6
VNO PRN,VNO,,10.5,12/13/2024,,,0.33,5.25,22.92,13.76,17.0,3.24,-5.92,17.22,16.93,-1.29,0.41,14.81,18.97,11.2,18.97,21.0,16.75,1.94,-2.22,52.81,23.66,33.64,32.63,-6.17,2.99,74.55,44.97,-2.22,5.55,31.9,41.07,18965.0,17990.0,23309.0,20088.0,59.57,0.08,316.75,2.07,702.15,6
VNO PRO,VNO,,10.5,12/13/2024,,,0.28,4.5,19.7,11.6,14.41,2.81,-5.29,14.87,14.85,-3.08,-2.98,12.51,17.34,10.03,17.34,21.0,14.2,1.69,-3.14,63.29,38.46,40.52,45.89,-5.5,2.6,67.7,48.51,-3.14,4.17,45.33,53.71,22641.0,22759.0,17165.0,20855.0,59.57,0.08,353.56,2.07,702.15,6
WAFDP,WAFD,,10,12/27/2024,4/15/2026,,0.3,4.88,22.2,12.6,16.48,3.95,-5.65,16.5,16.87,0.29,-1.9,15.44,19.75,12.02,19.75,35.0,16.37,0.93,-3.38,43.56,33.74,61.41,49.35,-5.83,3.77,71.07,37.9,-3.38,4.35,48.83,52.06,18422.0,19114.0,20874.0,19470.0,51.95,0.07,320.53,2.07,702.15,8
WBS PRF,WBS,,10,12/2/2024,,,0.33,5.25,24.4,15.52,19.31,3.78,-5.1,19.63,20.32,-1.67,-5.01,18.02,22.54,15.1,22.54,10.0,19.01,0.99,-3.53,55.04,47.32,59.76,51.51,-5.39,3.49,66.57,40.44,-3.53,3.91,51.02,56.09,6954.0,7228.0,3740.0,5974.0,59.39,0.07,354.35,2.07,702.15,8
WFC PRA,WFC,,11,11/27/2024,12/15/2025,,0.29,4.7,21.54,17.53,18.68,1.15,-2.86,19.49,20.35,-4.17,-8.19,18.16,22.21,17.36,22.21,5.0,18.41,0.25,-3.8,69.68,61.19,80.1,55.41,-3.13,0.88,43.45,64.09,-3.8,1.05,54.96,82.3,74488.0,65364.0,72287.0,70713.0,78.78,0.06,449.42,2.07,702.15,2
WFC PRC,WFC,,11,11/27/2024,,,0.27,4.38,20.19,16.05,17.5,1.45,-2.69,18.28,19.19,-4.29,-8.82,16.92,21.18,15.89,21.18,5.0,17.25,0.33,-3.93,70.38,63.94,77.9,57.28,-2.94,1.2,41.51,61.19,-3.93,1.36,56.86,79.46,71783.0,60842.0,45457.0,59361.0,78.78,0.06,447.56,2.07,702.15,2
WFC PRD,WFC,,11,11/27/2024,,,0.27,4.25,19.89,15.56,17.06,1.5,-2.83,17.81,18.7,-4.21,-8.79,16.53,20.8,15.47,20.8,5.0,16.8,0.27,-4.0,69.91,63.81,79.55,58.29,-3.09,1.24,43.04,60.83,-4.0,1.33,57.88,79.74,87632.0,82292.0,87871.0,85932.0,78.78,0.06,455.36,2.07,702.15,9
WFC PRY,WFC,,11,11/27/2024,,,0.35,5.63,25.36,21.19,23.02,1.83,-2.34,23.63,24.08,-2.58,-4.41,22.0,25.36,21.08,25.36,5.0,22.69,0.69,-2.67,60.37,44.7,68.01,39.12,-2.67,1.5,38.75,58.47,-2.67,1.61,38.47,77.17,46935.0,38849.0,29591.0,38458.0,78.78,0.06,400.43,2.07,702.15,4
WFC PRZ,WFC,,11,11/27/2024,,,0.3,4.75,21.8,17.49,18.98,1.49,-2.82,19.78,20.47,-4.04,-7.3,18.45,22.29,17.33,22.29,5.0,18.7,0.25,-3.59,68.92,57.31,80.1,52.38,-3.1,1.21,43.15,61.1,-3.59,1.37,51.9,79.37,162798.0,138047.0,140938.0,147261.0,78.78,0.06,460.23,2.07,702.15,9
WRB PRE,WRB,BB,11.5,12/13/2024,,,0.36,5.7,25.59,21.77,21.67,-0.1,-3.92,22.39,23.79,-3.23,-8.92,20.43,25.62,20.43,25.68,21.0,21.39,0.96,-4.23,64.17,64.38,60.58,61.6,-4.2,-0.38,54.4,75.5,-4.29,0.96,62.12,83.13,9073.0,12399.0,11435.0,10969.0,73.47,0.07,433.9,2.07,702.15,2
WRB PRF,WRB,BB,11.5,12/13/2024,,,0.32,5.1,24.51,18.93,19.4,0.47,-5.11,20.22,21.49,-4.03,-9.72,19.0,24.54,18.79,24.54,21.0,19.15,0.15,-5.39,68.86,67.87,82.85,78.32,-5.36,0.22,66.27,70.07,-5.39,0.36,78.18,88.63,19806.0,22803.0,18314.0,20308.0,73.47,0.07,464.08,2.07,702.15,2
WRB PRG,WRB,BB,11.5,12/13/2024,,,0.27,4.25,21.25,17.35,16.37,-0.98,-4.88,17.24,18.67,-5.07,-12.32,15.95,21.1,15.95,22.29,21.0,16.16,0.21,-4.94,74.95,79.22,81.2,71.84,-5.09,-1.19,63.5,82.84,-6.13,0.21,88.98,90.0,7005.0,7621.0,6995.0,7207.0,73.47,0.06,472.82,2.07,702.15,2
WRB PRH,WRB,BB,11.5,12/13/2024,,,0.26,4.13,20.85,15.6,15.97,0.37,-4.88,16.98,18.24,-5.96,-12.44,15.55,21.15,15.4,21.15,21.0,15.77,0.22,-5.38,80.16,79.74,80.93,78.18,-5.08,0.17,63.4,70.52,-5.38,0.37,78.03,88.53,11033.0,11602.0,16861.0,13165.0,73.47,0.06,471.56,2.07,702.15,10
