PREF IBKR,CMON,BOND_,CRDT SCORE_,EX-DIV DATE,CALL DATE,MATUR DATE,DIV AMOUNT,COUPON,Aug2022_Price,Oct19_Price,Last Price,Oct19_diff,Aug2022_diff,SMA88,SMA268,SMA88 chg,SMA268 chg,6M Low,6M High,1Y Low,1Y High,TIME TO DIV,Div adj.price,6M_Low_diff,6M_High_diff,SMA88_chg_norm,SMA268_chg_norm,6M_Low_diff_norm,6M_High_diff_norm,Aug4_chg,Oct19_chg,Aug4_chg_norm,Oct19_chg_norm,1Y_High_diff,1Y_Low_diff,1Y_High_diff_norm,1Y_Low_diff_norm,ADV_6M,ADV_3M,ADV_15D,AVG_ADV
ACGLN,ACGL,,12,12/13/2024,,,0.28,4.55%,21.7,16.62,17.06,0.44,-4.64,17.86,19.12,-4.5,-10.76,16.44,20.99,16.44,21.22,21.0,16.85,0.41,-4.14,71.610542,72.411348,75.704467,60.306306,-4.85,0.23,61.048593,69.97735,-4.37,0.41,63.284672,88.167239,32399,32984,23855,29746
ACGLO,ACGL,,11.5,12/13/2024,,,0.34,5.45%,24.93,19.34,20.64,1.3,-4.29,21.14,22.28,-2.35,-7.37,19.99,23.93,19.2,24.5,21.0,20.38,0.39,-3.55,59.019034,57.61593,76.254296,51.801802,-4.55,1.04,57.97954,62.638732,-4.12,1.18,59.635036,81.111111,19624,20535,16211,18790
ACP PRA,ACP,,15,12/16/2024,,,0.33,5.25%,24.61,21.47,21.46,-0.01,-3.15,21.71,23.24,-1.15,-7.66,20.21,25.0,19.65,26.33,24.0,21.22,1.01,-3.78,51.991215,58.881615,59.209622,55.117117,-3.39,-0.25,46.112532,74.326161,-5.11,1.57,74.087591,77.537228,1931,2372,1235,1846
ADC PRA,ADC,,11,10/22/2024,,,0.27,4.25%,20.92,15.83,17.54,1.71,-3.38,17.61,18.44,-0.39,-4.89,16.96,21.94,15.71,21.94,59.0,17.45,0.49,-4.49,47.540264,46.792144,73.505155,65.351351,-3.47,1.62,46.930946,57.383918,-4.49,1.74,65.036496,75.979381,15926,14548,7493,12656
AEFC,AEG,BB,12.5,11/29/2024,12/15/2024,,0.32,5.10%,24.32,18.56,20.18,1.62,-4.14,20.39,21.2,-1.01,-4.83,18.61,22.9,18.24,22.9,7.0,19.88,1.27,-3.02,51.171303,46.530278,52.061856,44.162162,-4.44,1.32,56.85422,60.101925,-3.02,1.64,43.576642,76.895762,36193,41122,32602,36639
AFGB,AFG,BB,11.5,12/13/2024,,,0.37,5.88%,26.83,21.4,21.27,-0.13,-5.56,22.09,23.42,-3.7,-9.17,20.68,25.27,20.68,25.27,21.0,20.99,0.31,-4.28,66.925329,65.471904,78.453608,62.324324,-5.84,-0.41,71.176471,75.775764,-4.28,0.31,61.970803,89.08362,7336,9212,7827,8125
AFGC,AFG,BB,11.5,11/29/2024,,,0.32,5.13%,26.22,18.46,18.84,0.38,-7.38,19.63,20.95,-4.04,-10.08,18.2,23.42,18.2,23.42,7.0,18.54,0.34,-4.88,68.916545,69.443535,77.628866,70.972973,-7.68,0.08,90.0,71.336353,-4.88,0.34,70.729927,88.808706,5934,6797,4585,5772
AFGD,AFG,BB,11.5,11/15/2024,,,0.35,5.63%,25.56,20.36,20.1,-0.26,-5.46,21.31,22.97,-5.7,-12.5,18.19,25.61,18.19,25.61,83.0,20.07,1.88,-5.54,78.63836,80.005456,35.292096,80.486486,-5.49,-0.29,67.595908,74.688562,-5.54,1.88,80.364964,74.696449,7466,8454,5798,7240
AFGE,AFG,BB,11.5,11/29/2024,,,0.28,4.50%,22.31,16.58,16.68,0.1,-5.63,17.43,18.8,-4.3,-11.29,16.26,21.21,16.2,21.78,7.0,16.42,0.16,-4.79,70.439239,74.724495,82.57732,69.675676,-5.89,-0.16,71.68798,73.510759,-5.36,0.22,77.737226,89.908362,9557,7434,6420,7804
AGM PRD,AGM,,NR,12/27/2024,,,0.36,5.70%,25.28,21.04,21.91,0.87,-3.37,22.24,23.0,-1.5,-4.73,21.35,24.86,20.26,25.7,35.0,21.69,0.34,-3.17,54.040996,46.093835,77.628866,46.324324,-3.59,0.65,48.158568,66.17214,-4.01,1.43,58.029197,78.82016,4090,4602,2657,3783
AGM PRE,AGM,,NR,12/27/2024,,,0.36,5.75%,24.9,21.55,21.72,0.17,-3.18,22.39,23.15,-2.99,-6.19,21.42,24.74,20.31,24.93,35.0,21.5,0.08,-3.24,62.767204,52.465903,84.776632,47.333333,-3.4,-0.05,46.214834,72.514156,-3.43,1.19,49.562044,81.019473,4402,2068,2103,2858
AGM PRF,AGM,,NR,12/27/2024,,,0.33,5.25%,22.5,19.9,20.21,0.31,-2.29,20.67,21.33,-2.22,-5.26,19.81,23.39,17.82,23.99,35.0,20.01,0.2,-3.38,58.257687,48.406983,81.477663,49.351351,-2.49,0.11,36.905371,71.064553,-3.98,2.19,57.591241,71.85567,9715,9096,7245,8685
AGM PRG,AGM,,NR,12/27/2024,,,0.3,4.88%,21.8,18.2,18.91,0.71,-2.89,19.24,19.92,-1.72,-5.08,18.37,22.37,17.16,22.37,35.0,18.73,0.36,-3.64,55.329429,47.621386,77.079038,53.099099,-3.07,0.53,42.838875,67.259343,-3.64,1.57,52.627737,77.537228,9655,8194,6257,8036
AHH PRA,AHH,,NR,1/2/2025,,,0.42,6.75%,26.43,20.5,21.9,1.4,-4.53,21.92,22.49,-0.08,-2.63,19.88,25.76,19.52,25.76,41.0,21.67,1.79,-4.09,45.724744,36.928532,37.766323,59.585586,-4.76,1.17,60.127877,61.460929,-4.09,2.15,59.19708,72.222222,8144,8042,3451,6545
AIZN,AIZ,BB,10,12/27/2024,,,0.33,5.25%,24.0,17.74,20.58,2.84,-3.42,19.87,21.03,3.58,-2.12,18.01,23.14,17.7,23.14,35.0,20.38,2.37,-2.76,24.289898,34.702673,21.821306,40.414414,-3.62,2.64,48.465473,48.142695,-2.76,2.68,39.781022,67.365407,11478,13545,12460,12494
ALL PRH,ALL,,12,12/27/2024,,,0.32,5.10%,24.78,18.74,20.84,2.1,-3.94,21.5,22.34,-3.08,-6.7,19.37,24.97,18.38,24.97,35.0,20.64,1.27,-4.33,63.29429,54.691762,52.061856,63.045045,-4.14,1.9,53.785166,54.847112,-4.33,2.26,62.70073,71.214204,86726,76527,66349,76534
ALL PRI,ALL,,12,12/27/2024,,,0.3,4.75%,24.92,17.85,19.32,1.47,-5.6,19.98,21.06,-3.29,-8.28,18.56,24.49,17.5,24.49,35.0,19.14,0.58,-5.35,64.524158,61.587561,71.030928,77.747748,-5.78,1.29,70.56266,60.373726,-5.35,1.64,77.591241,76.895762,22799,20748,21818,21788
AMH PRG,AMH,,9,12/13/2024,,,0.37,5.88%,25.47,21.43,23.52,2.09,-1.95,23.1,23.36,1.81,0.67,21.76,25.34,21.1,25.34,21.0,23.24,1.48,-2.1,34.65593,22.525914,46.28866,30.900901,-2.23,1.81,34.245524,55.662514,-2.1,2.14,30.145985,72.31386,7724,8444,9298,8489
AMH PRH,AMH,,9,12/13/2024,,,0.39,6.25%,25.85,22.38,24.93,2.55,-0.92,24.17,24.27,3.14,2.72,22.7,26.25,21.74,26.25,21.0,24.63,1.93,-1.62,26.866764,13.578833,33.917526,23.981982,-1.22,2.25,23.913043,51.676104,-1.62,2.89,23.138686,65.441008,8594,7763,8787,8382
ASB PRE,ASB,,10,12/2/2024,,,0.37,5.88%,25.1,16.77,20.57,3.8,-4.53,21.0,21.4,-2.05,-3.87,19.25,23.75,15.75,23.75,10.0,20.24,0.99,-3.51,57.262079,42.340426,59.75945,51.225225,-4.86,3.47,61.150895,40.622877,-3.51,4.49,50.729927,50.778923,3734,3083,3127,3315
ASB PRF,ASB,,10,12/2/2024,,,0.35,5.63%,25.25,16.4,19.7,3.3,-5.55,20.08,20.46,-1.88,-3.73,18.51,22.91,14.91,22.91,10.0,19.39,0.88,-3.52,56.266471,41.729405,62.783505,51.369369,-5.86,2.99,71.381074,44.971687,-3.52,4.48,50.875912,50.870561,6295,4931,4945,5390
ATH PRB,-,,11,12/13/2024,,,0.35,5.63%,25.26,18.0,19.73,1.73,-5.53,20.11,21.26,-1.89,-7.2,18.34,23.53,16.66,23.53,21.0,19.46,1.12,-4.07,56.325037,56.873977,56.185567,59.297297,-5.8,1.46,70.767263,58.833522,-4.07,2.8,58.905109,66.26575,21471,22616,19294,21127
ATH PRD,-,,11,12/13/2024,,,0.3,4.88%,21.69,15.24,17.03,1.79,-4.66,17.4,18.46,-2.12,-7.76,15.86,20.61,15.19,20.61,21.0,16.8,0.94,-3.81,57.672035,59.318058,61.134021,55.54955,-4.89,1.56,61.457801,57.92752,-3.81,1.61,55.109489,77.170676,46068,46278,30146,40830
AXS PRE,AXS,,11.5,12/26/2024,,,0.34,5.50%,24.04,19.26,20.05,0.79,-3.99,20.74,21.56,-3.33,-6.99,19.45,23.66,18.77,23.66,34.0,19.84,0.39,-3.82,64.758419,55.957447,76.254296,55.693694,-4.2,0.58,54.398977,66.806342,-3.82,1.07,55.255474,82.119129,31476,33290,33492,32752
BAC PRB,BAC,,11,10/29/2024,6/16/2023,,0.38,6.00%,25.69,23.02,24.51,1.49,-1.18,24.96,25.1,-1.79,-2.36,24.15,25.63,22.3,25.63,66.0,24.41,0.26,-1.22,55.739385,35.750136,79.828179,18.216216,-1.28,1.39,24.526854,59.467724,-1.22,2.11,17.29927,72.588774,68613,82424,91353,80796
BAC PRK,BAC,,11,1/2/2025,,,0.37,5.88%,25.68,22.0,23.98,1.98,-1.7,24.57,24.84,-2.4,-3.45,23.45,25.43,21.51,25.43,41.0,23.78,0.33,-1.65,59.311859,40.507365,77.90378,24.414414,-1.9,1.78,30.869565,55.934315,-1.65,2.27,23.576642,71.122566,49154,50140,49263,49519
BAC PRM,BAC,,11,12/2/2024,,,0.34,5.38%,25.18,20.7,21.77,1.07,-3.41,22.66,23.29,-3.93,-6.55,21.44,24.88,20.54,24.88,10.0,21.47,0.03,-3.41,68.272328,54.037098,86.151203,49.783784,-3.71,0.77,49.386189,65.084938,-3.41,0.93,49.270073,83.402062,89186,73988,64489,75888
BAC PRN,BAC,,11,12/2/2024,,,0.31,5.00%,23.9,19.25,20.16,0.91,-3.74,21.03,21.9,-4.12,-7.94,19.5,24.04,19.0,24.04,10.0,19.88,0.38,-4.16,69.385066,60.103655,76.52921,60.594595,-4.02,0.63,52.557545,66.353341,-4.16,0.88,60.218978,83.860252,99213,85077,86781,90357
BAC PRO,BAC,,11,10/15/2024,11/3/2025,,0.27,4.38%,21.39,16.54,17.6,1.06,-3.79,18.51,19.39,-4.92,-9.22,17.3,21.54,16.35,21.54,52.0,17.49,0.19,-4.05,74.070278,65.690125,81.752577,59.009009,-3.9,0.95,51.329923,63.454134,-4.05,1.14,58.613139,81.477663,75049,69666,78359,74358
BAC PRP,BAC,,11,10/15/2024,,,0.26,4.12%,20.8,15.57,16.57,1.0,-4.23,17.5,18.32,-5.29,-9.57,16.26,20.58,15.4,20.58,52.0,16.46,0.2,-4.12,76.237189,67.217676,81.477663,60.018018,-4.34,0.89,55.831202,63.997735,-4.12,1.06,59.635036,82.210767,64676,56863,54211,58584
BAC PRQ,BAC,,11,11/1/2024,,,0.27,4.25%,20.46,16.11,16.97,0.86,-3.49,17.94,18.74,-5.38,-9.46,16.74,21.0,15.98,21.0,69.0,16.91,0.17,-4.09,76.764275,66.737589,82.302405,59.585586,-3.55,0.8,47.749361,64.813137,-4.09,0.93,59.19708,83.402062,98613,94976,100299,97963
BAC PRS,BAC,,11,11/1/2024,,,0.3,4.75%,22.49,18.24,19.1,0.86,-3.39,20.08,20.95,-4.87,-8.84,18.78,23.44,17.82,23.44,69.0,19.03,0.25,-4.41,73.777452,64.031642,80.103093,64.198198,-3.46,0.79,46.828645,64.903737,-4.41,1.21,63.868613,80.836197,47670,36646,41386,41901
BCV PRA,BCV,,16,12/16/2024,,,0.34,5.39%,24.69,22.15,22.17,0.03,-2.51,22.41,22.97,-1.04,-3.45,21.51,24.71,21.51,25.26,24.0,21.93,0.42,-2.78,51.346999,40.507365,75.429553,40.702703,-2.76,-0.22,39.667519,74.05436,-3.33,0.42,48.10219,88.075601,1910,1714,1659,1761
BFS PRD,BFS,,NR,12/27/2024,,,0.38,6.13%,24.15,19.3,21.25,1.95,-2.9,21.0,21.42,1.21,-0.81,19.3,23.77,19.01,23.95,35.0,21.02,1.72,-2.75,38.169839,28.98527,39.690722,40.27027,-3.13,1.72,43.452685,56.477916,-2.93,2.01,42.262774,73.505155,4132,3316,861,2770
BFS PRE,BFS,,NR,12/27/2024,,,0.38,6.00%,24.6,18.93,20.85,1.92,-3.75,20.82,21.37,0.15,-2.45,18.34,24.06,18.34,24.49,35.0,20.62,2.28,-3.44,44.377745,36.142935,24.295533,50.216216,-3.98,1.69,52.148338,56.749717,-3.87,2.28,55.985401,71.030928,4833,4518,2934,4095
BHFAL,BHF,BB,10.5,12/2/2024,9/15/2023,,0.39,6.25%,26.35,20.69,20.22,-0.39,-6.05,21.24,22.81,-4.42,-10.99,19.26,25.47,19.1,25.47,10.0,19.95,0.69,-5.52,71.14202,73.415166,68.006873,80.198198,-6.4,-0.74,76.905371,78.765572,-5.52,0.85,80.072993,84.135166,20085,21360,13436,18294
BHFAM,BHF,,10.5,12/6/2024,,,0.29,4.63%,21.13,13.35,14.91,1.56,-6.22,14.81,16.2,0.65,-7.97,13.28,18.95,13.03,18.95,14.0,14.67,1.39,-4.28,41.449488,60.234588,48.762887,62.324324,-6.46,1.32,77.519182,60.101925,-4.28,1.64,61.970803,76.895762,34139,35564,26902,32202
BHFAN,BHF,,10,12/6/2024,,,0.34,5.38%,22.69,15.27,16.25,1.06,-6.36,16.46,18.49,-0.77,-11.67,14.54,21.63,14.54,21.63,14.0,16.04,1.5,-5.59,49.765739,76.382979,45.738832,81.207207,-6.65,0.77,79.462916,65.084938,-5.59,1.5,81.094891,78.178694,62753,68287,57737,62926
BHFAO,BHF,,10,12/6/2024,6/25/2025,,0.42,6.75%,26.51,21.17,20.15,-1.02,-6.36,21.1,23.43,-4.52,-14.01,18.53,26.0,18.53,26.0,14.0,19.8,1.27,-6.2,71.727672,86.595745,52.061856,90.0,-6.71,-1.37,80.076726,84.473386,-6.2,1.27,90.0,80.286369,32342,41254,37178,36925
BHFAP,BHF,,10,12/6/2024,,,0.41,6.60%,26.1,20.01,19.69,-0.32,-6.41,20.68,22.68,-4.77,-13.19,18.38,25.51,18.38,25.51,14.0,19.34,0.96,-6.17,73.191801,83.016912,60.584192,89.567568,-6.76,-0.67,80.588235,78.13137,-6.17,0.96,89.562044,83.127148,31097,36176,33633,33635
BOH PRA,BOH,,12,10/17/2024,8/1/2026,,0.27,4.38%,20.44,13.05,15.47,2.41,-4.98,15.89,16.6,-2.71,-6.85,14.51,19.24,12.86,19.24,54.0,15.35,0.84,-3.89,61.127379,55.346427,63.883162,56.702703,-5.09,2.3,63.503836,51.223103,-3.89,2.49,56.277372,69.106529,8906,6306,4007,6406
BWBBP,BWB,,NR,11/11/2024,8/17/2026,,0.37,5.88%,23.52,16.57,18.7834,2.24,-4.71,19.14,19.06,-1.73,-1.33,18.1,22.0,14.48,22.0,79.0,18.76,0.66,-3.24,55.387994,31.254774,68.831615,47.333333,-4.76,2.19,60.127877,52.219706,-3.24,4.28,46.788321,52.703322,3211,2213,1308,2244
CADE PRA,CADE,,NR,11/1/2024,11/20/2024,,0.34,5.50%,24.16,16.69,20.88,4.19,-3.28,21.16,21.18,-1.34,-1.43,19.6,23.49,16.13,23.49,69.0,20.8,1.2,-2.69,53.103953,31.691217,53.986254,39.405405,-3.36,4.11,45.805627,34.824462,-2.69,4.67,38.759124,49.129439,9639,11241,13238,11373
CFG PRE,CFG,,10,12/18/2024,,,0.31,5.00%,22.34,16.2,19.2,3.0,-3.14,19.61,20.38,-2.09,-5.81,17.99,23.38,15.17,23.38,26.0,18.98,0.99,-4.4,57.49634,50.80742,59.75945,64.054054,-3.36,2.78,45.805627,46.874292,-4.4,3.81,63.722628,57.010309,32336,35357,27936,31876
CFR PRB,CFR,,11.5,11/27/2024,,,0.28,4.45%,21.8,15.89,17.73,1.84,-4.07,17.72,18.78,0.05,-5.58,16.34,22.15,15.6,22.15,5.0,17.47,1.13,-4.68,44.963397,49.803601,55.910653,68.09009,-4.33,1.58,55.7289,57.746319,-4.68,1.87,67.810219,74.788087,9407,10277,8416,9367
CIM PRA,CIM,,NR,12/11/2024,10/21/2021,,0.5,8.00%,22.82,18.15,22.32,4.17,-0.5,21.96,22.52,1.62,-0.87,19.85,24.56,17.33,24.56,19.0,21.93,2.08,-2.63,35.768668,29.247136,29.793814,38.540541,-0.89,3.78,20.537084,37.81427,-2.63,4.6,37.883212,49.770905,9499,10303,6691,8831
CIO PRA,CIO,,NR,1/8/2025,9/15/2021,,0.41,6.63%,24.0,15.06,19.22,4.17,-4.77,18.53,18.58,3.75,3.51,16.86,21.06,14.16,21.79,47.0,19.03,2.17,-2.03,23.29429,10.130933,27.319588,29.891892,-4.97,3.97,62.276215,36.092865,-2.76,4.87,39.781022,47.296678,12294,5522,3307,7041
CLDT PRA,CLDT,,NR,12/27/2024,,,0.41,6.63%,24.33,19.64,20.61,0.97,-3.72,20.54,21.54,0.36,-4.33,18.18,24.49,18.18,24.49,35.0,20.36,2.18,-4.13,43.147877,44.348063,27.044674,60.162162,-3.97,0.72,52.046036,65.537939,-4.13,2.18,59.781022,71.947308,5394,5812,4932,5379
CMS PRC,CMS,,10.5,1/2/2025,,,0.26,4.20%,20.81,17.98,16.95,-1.03,-3.86,17.51,18.63,-3.2,-9.03,16.06,20.92,16.06,21.68,41.0,16.81,0.75,-4.11,63.997072,64.860884,66.357388,59.873874,-4.0,-1.17,52.352941,82.661382,-4.87,0.75,70.583942,85.051546,18811,16055,12225,15697
CMSA,CMS,BB,11.5,11/29/2024,3/15/2023,,0.35,5.63%,26.19,21.25,,0.17,-4.77,22.15,23.57,-3.28,-9.11,20.66,25.53,20.66,25.53,7.0,21.1,0.44,-4.43,64.465593,65.210038,74.879725,64.486486,-5.09,-0.15,63.503836,73.420159,-4.43,0.44,64.160584,87.892325,10497,12133,13140,11924
CMSC,CMS,BB,11.5,12/27/2024,10/15/2023,,0.37,5.88%,25.19,21.74,22.16,0.42,-3.03,22.84,23.92,-2.97,-7.37,21.28,25.36,21.28,25.36,35.0,21.93,0.65,-3.43,62.650073,57.61593,69.106529,50.072072,-3.26,0.19,44.782609,70.339751,-3.43,0.65,49.562044,85.967927,22098,28668,39328,30031
CMSD,CMS,BB,11.5,11/15/2024,,,0.37,5.88%,25.59,21.91,22.17,0.26,-3.42,23.05,24.01,-3.83,-7.66,21.72,25.3,21.72,25.31,83.0,22.14,0.42,-3.16,67.686676,58.881615,75.429553,46.18018,-3.45,0.23,46.726343,69.97735,-3.17,0.42,45.766423,88.075601,43405,42685,45777,43956
CNO PRA,CNO,BB,NR,11/15/2024,11/25/2025,,0.32,5.13%,22.08,14.95,17.54,2.59,-4.54,18.99,20.03,-7.64,-12.45,16.54,22.22,14.56,22.53,83.0,17.52,0.98,-4.7,90.0,79.787234,60.034364,68.378378,-4.56,2.57,58.081841,48.776897,-5.01,2.96,72.627737,64.799542,1523,1688,1302,1504
COF PRI,COF,,10,11/13/2024,,,0.31,5.00%,23.21,16.12,19.05,2.93,-4.16,19.37,20.03,-1.67,-4.88,17.75,22.04,15.65,22.04,81.0,19.02,1.27,-3.02,55.036603,46.7485,52.061856,44.162162,-4.19,2.9,54.296675,45.787089,-3.02,3.37,43.576642,61.042383,104414,100232,88069,97571
COF PRJ,COF,,10,11/13/2024,,,0.3,4.80%,21.9,15.54,18.14,2.6,-3.76,18.53,19.11,-2.08,-5.08,16.97,20.85,15.05,20.85,81.0,18.11,1.14,-2.74,57.437775,47.621386,55.635739,40.126126,-3.79,2.57,50.204604,48.776897,-2.74,3.06,39.489051,63.883162,100094,98177,65506,87926
COF PRK,COF,,10,11/13/2024,,,0.29,4.63%,22.17,14.99,17.66,2.67,-4.51,17.93,18.84,-1.48,-6.29,16.46,21.07,14.64,21.07,81.0,17.63,1.17,-3.44,53.923865,52.902346,54.810997,50.216216,-4.54,2.64,57.877238,48.142695,-3.44,2.99,49.708029,64.524628,8615,9703,6031,8116
COF PRL,COF,,10,11/13/2024,,,0.27,4.38%,20.06,13.84,16.7,2.86,-3.36,16.95,17.81,-1.46,-6.24,15.42,20.16,13.57,20.16,81.0,16.67,1.25,-3.49,53.806735,52.684124,52.611684,50.936937,-3.39,2.83,46.112532,46.421291,-3.49,3.1,50.437956,63.516609,47085,44641,36536,42754
COF PRN,COF,,10,11/13/2024,,,0.27,4.25%,19.94,13.68,16.54,2.86,-3.4,16.6,17.33,-0.37,-4.55,15.15,19.81,13.26,19.81,81.0,16.51,1.36,-3.3,47.423133,45.308238,49.587629,48.198198,-3.43,2.83,46.521739,46.421291,-3.3,3.25,47.664234,62.142039,33194,30051,21749,28331
CUBB,CUBI,BB,NR,12/13/2024,,,0.34,5.38%,23.56,18.75,20.36,1.61,-3.2,19.81,19.92,2.75,2.2,18.3,21.85,16.5,22.0,21.0,20.1,1.8,-1.75,29.150805,15.848336,37.491409,25.855856,-3.46,1.35,46.828645,59.830125,-1.9,3.6,27.226277,58.934708,2288,2837,2262,2462
DCOMP,DCOM,,8,11/5/2024,2/15/2025,,0.34,5.50%,22.38,14.51,18.89,4.37,-3.5,19.31,18.99,-2.21,-0.56,17.51,21.44,13.3,21.44,73.0,18.82,1.31,-2.62,58.199122,27.894163,50.962199,38.396396,-3.56,4.31,47.851662,33.012458,-2.62,5.52,37.737226,41.340206,6032,4343,4083,4819
DLR PRJ,DLR,,10.5,12/13/2024,,,0.33,5.25%,25.38,19.55,21.37,1.82,-4.01,21.31,22.23,0.3,-3.86,20.02,24.63,19.06,24.63,21.0,21.12,1.1,-3.51,43.499268,42.296781,56.735395,51.225225,-4.26,1.57,55.012788,57.83692,-3.51,2.06,50.729927,73.046964,12968,13618,10308,12298
DLR PRK,DLR,,10.5,12/13/2024,,,0.37,5.88%,26.4,22.0,23.22,1.22,-3.18,23.54,24.17,-1.35,-3.92,22.1,25.61,21.4,25.61,21.0,22.94,0.84,-2.67,53.162518,42.558647,63.883162,39.117117,-3.46,0.94,46.828645,63.544734,-2.67,1.54,38.467153,77.812142,13726,15636,26698,18687
DLR PRL,DLR,,10.5,12/13/2024,,,0.33,5.20%,25.37,19.32,20.56,1.24,-4.81,20.78,21.89,-1.05,-6.07,19.61,24.45,19.01,24.45,21.0,20.31,0.7,-4.14,51.405564,51.942171,67.731959,60.306306,-5.06,0.99,63.196931,63.091733,-4.14,1.3,59.927007,80.011455,18512,23131,17889,19844
DTB,DTE,BB,11.5,12/27/2024,,,0.27,4.38%,22.29,17.3,17.39,0.09,-4.9,18.14,19.36,-4.11,-10.16,16.98,21.9,16.98,22.86,35.0,17.23,0.25,-4.67,69.326501,69.79269,80.103093,67.945946,-5.06,-0.07,63.196931,72.695357,-5.63,0.25,81.678832,89.633448,14381,12277,11516,12725
DTG,DTE,BB,11.5,11/15/2024,,,0.27,4.38%,20.89,17.32,17.33,0.01,-3.56,18.13,19.43,-4.39,-10.8,16.88,22.05,16.88,22.25,83.0,17.31,0.43,-4.74,70.966325,72.585925,75.154639,68.954955,-3.58,-0.01,48.056266,72.151755,-4.94,0.43,71.605839,87.983963,21796,23542,16612,20650
DTW,DTE,BB,11.5,11/15/2024,12/1/2022,,0.33,5.25%,25.42,20.88,21.37,0.48,-4.06,22.01,23.02,-2.97,-7.22,20.55,25.11,20.42,25.17,83.0,21.33,0.78,-3.78,62.650073,56.961266,65.532646,55.117117,-4.09,0.45,53.273657,67.984145,-3.84,0.91,55.547445,83.585338,22355,19050,15083,18829
DUK PRA,DUK,,11,11/15/2024,,,0.36,5.75%,26.49,22.91,24.78,1.87,-1.71,24.9,25.0,-0.46,-0.86,24.06,25.66,22.71,25.73,83.0,24.75,0.69,-0.91,47.95022,29.203492,68.006873,13.747748,-1.74,1.84,29.232737,55.390713,-0.98,2.04,13.79562,73.230241,57602,62023,51006,56877
DUKB,DUK,BB,12,12/13/2024,,,0.35,5.63%,26.08,21.93,24.92,2.99,-1.16,24.51,24.69,1.66,0.93,23.3,25.47,21.8,25.59,21.0,24.65,1.35,-0.82,35.534407,21.391162,49.862543,12.45045,-1.43,2.72,26.061381,47.417894,-0.94,2.85,13.211679,65.80756,25702,29362,27142,27402
ECF PRA,ECF,,16,12/16/2024,,,0.33,5.25%,24.84,21.83,21.57,-0.26,-3.27,22.05,22.52,-2.17,-4.22,20.21,24.43,20.21,24.43,24.0,21.33,1.12,-3.1,57.964861,43.867976,56.185567,45.315315,-3.51,-0.5,47.340153,76.591166,-3.1,1.12,44.744526,81.660939,1841,1006,977,1275
EFSCP,EFSC,,NR,11/27/2024,,,0.31,5.00%,21.75,15.4,19.11,3.75,-2.6,18.96,19.63,0.98,-2.44,17.2,22.22,13.68,22.22,5.0,18.86,1.66,-3.36,39.516837,36.099291,41.340206,49.063063,-2.89,3.46,40.997442,40.713477,-3.36,5.18,48.540146,44.455899,2603,2453,2304,2453
ELC,ETR,BB,15,11/29/2024,,,0.3,4.88%,25.3,20.02,20.5,0.48,-4.8,20.93,21.74,-2.05,-5.72,19.93,23.43,19.86,23.59,7.0,20.22,0.29,-3.21,57.262079,50.414621,79.003436,46.900901,-5.08,0.2,63.401535,70.249151,-3.37,0.36,48.686131,88.62543,13611,10793,9926,11444
EMP,ETR,BB,14.5,12/27/2024,,,0.31,4.90%,25.3,20.07,20.57,0.5,-4.73,21.01,21.97,-2.11,-6.38,20.01,23.61,19.9,24.23,35.0,20.38,0.37,-3.23,57.61347,53.295145,76.804124,47.189189,-4.92,0.31,61.764706,69.252548,-3.85,0.48,55.693431,87.525773,12317,11458,13314,12363
ENJ,ETR,BB,14.5,11/29/2024,12/1/2017,,0.31,5.00%,24.79,19.49,20.52,1.03,-4.27,21.02,21.8,-2.39,-5.87,20.02,24.59,19.31,24.59,7.0,20.23,0.21,-4.36,59.253294,51.069285,81.202749,63.477477,-4.56,0.74,58.081841,65.356738,-4.36,0.92,63.138686,83.4937,1724,1596,869,1396
ENO,ETR,BB,13,12/27/2024,,,0.34,5.50%,25.4,20.75,22.27,1.52,-3.13,22.21,23.14,0.29,-3.74,21.21,25.32,20.5,25.32,35.0,22.06,0.85,-3.26,43.557833,41.77305,63.608247,47.621622,-3.34,1.31,45.601023,60.192525,-3.26,1.56,47.080292,77.628866,7679,9277,5497,7484
EQH PRA,EQH,,10.5,11/29/2024,,,0.33,5.25%,23.77,17.79,20.13,2.34,-3.64,20.77,21.79,-3.1,-7.64,18.41,23.89,17.26,23.89,7.0,19.83,1.42,-4.06,63.41142,58.794326,47.938144,59.153153,-3.94,2.04,51.73913,53.578709,-4.06,2.57,58.759124,68.373425,45386,46900,52007,48098
EQH PRC,EQH,,10.5,11/29/2024,,,0.27,4.30%,21.08,13.95,16.5,2.55,-4.58,17.41,18.3,-5.23,-9.83,15.83,20.69,13.35,20.69,7.0,16.25,0.42,-4.44,75.885798,68.352428,75.429553,64.630631,-4.83,2.3,60.84399,51.223103,-4.44,2.9,64.306569,65.34937,21647,25175,20576,22466
ETI PR,ETR,,10,12/30/2024,,,0.34,5.38%,25.5,21.75,22.92,1.17,-2.58,23.76,23.75,-3.55,-3.5,22.71,25.23,21.39,25.43,38.0,22.72,0.01,-2.51,66.046852,40.725586,86.701031,36.810811,-2.78,0.97,39.872123,63.272933,-2.71,1.33,39.051095,79.736541,2054,1542,1913,1836
F PRB,F,BB,9.5,11/12/2024,6/1/2024,,0.39,6.20%,26.79,20.83,20.44,-0.39,-6.35,22.12,23.59,-7.58,-13.35,19.9,25.39,19.9,25.64,80.0,20.4,0.5,-4.99,89.648609,83.715221,73.230241,72.558559,-6.39,-0.43,76.803069,75.956965,-5.24,0.5,75.985401,87.342497,41036,43836,41555,42143
F PRC,F,BB,9,11/12/2024,12/1/2024,,0.38,6.00%,25.99,20.49,20.25,-0.24,-5.74,21.56,23.2,-6.08,-12.73,19.2,25.35,19.2,25.38,80.0,20.21,1.01,-5.14,80.863836,81.009274,59.209622,74.720721,-5.78,-0.28,70.56266,74.597961,-5.17,1.01,74.963504,82.668958,47936,46897,43275,46036
FBRT PRE,FBRT,,NR,12/27/2024,,,0.47,7.50%,21.68,18.2,20.42,2.22,-1.26,20.8,21.45,-1.83,-4.81,19.05,23.65,18.03,23.65,35.0,20.13,1.08,-3.52,55.973646,46.44299,57.285223,51.369369,-1.55,1.93,27.289003,54.575311,-3.52,2.1,50.875912,72.680412,14012,13585,11234,12944
FCNCO,FCNCA,,9.5,11/27/2024,,,0.35,5.63%,24.08,19.4,22.71,3.34,-1.34,22.44,22.94,1.34,-0.88,20.57,24.83,18.91,24.83,5.0,22.41,1.84,-2.42,37.408492,29.29078,36.391753,35.513514,-1.67,3.01,28.516624,44.790487,-2.42,3.5,34.817518,59.851088,13053,12312,13033,12799
FCNCP,FCNCA,,9.5,11/27/2024,,,0.34,5.38%,23.66,18.85,21.2,2.39,-2.42,21.72,22.36,-2.22,-5.03,19.3,24.42,18.69,24.42,5.0,20.92,1.62,-3.5,58.257687,47.403164,42.439863,51.081081,-2.74,2.07,39.462916,53.306908,-3.5,2.23,50.583942,71.489118,14527,17733,15314,15858
FHN PRF,FHN,,8.5,12/20/2024,,,0.29,4.70%,,,17.7,,,17.77,18.37,-0.39,-3.64,16.41,21.48,13.13,21.48,28.0,17.5,1.09,-3.98,47.540264,41.336607,57.010309,58.0,,,,,-3.98,4.37,57.591241,51.87858,6442,5900,3943,5428
FITBO,FITB,,10.5,12/26/2024,,,0.31,4.95%,25.79,17.93,21.61,3.68,-4.18,21.8,21.83,-0.89,-1.01,19.52,24.15,17.58,24.15,34.0,21.42,1.9,-2.73,50.468521,29.858156,34.742268,39.981982,-4.37,3.49,56.138107,40.441676,-2.73,3.84,39.343066,56.735395,19171,19739,24708,21206
FITBP,FITB,,NR,12/26/2024,,,0.38,6.00%,25.6,22.13,24.4,2.37,-1.1,24.54,24.42,-0.17,0.32,23.04,25.9,21.01,25.9,34.0,24.26,1.22,-1.64,46.25183,24.053464,53.436426,24.27027,-1.34,2.13,25.140665,52.763307,-1.64,3.25,23.430657,62.142039,8723,9049,10249,9340
FRT PRC,FRT,,12.5,1/2/2025,,,0.31,5.00%,25.75,19.64,20.32,0.68,-5.43,20.92,21.45,-2.88,-5.28,19.41,23.27,18.57,23.9,41.0,20.15,0.74,-3.12,62.122987,48.494272,66.632302,45.603604,-5.6,0.51,68.721228,67.440544,-3.75,1.58,54.233577,77.44559,6414,5950,5346,5904
FULTP,FULT,,11,12/2/2024,,,0.32,5.13%,23.1,15.09,18.9,3.85,-4.16,19.52,19.31,-2.97,-1.9,17.25,21.22,14.56,21.22,10.0,18.66,1.41,-2.56,62.650073,33.742499,48.213058,37.531532,-4.44,3.57,56.85422,39.716874,-2.56,4.1,36.861314,54.352806,9295,6598,2630,6175
GAB PRG,GAB,,16,12/16/2024,,,0.31,5.00%,24.5,21.0,21.05,0.05,-3.45,21.24,21.86,-0.88,-3.7,20.17,24.2,20.17,24.2,24.0,20.82,0.65,-3.38,50.409956,41.598472,69.106529,49.351351,-3.68,-0.18,49.079284,73.691959,-3.38,0.65,48.832117,85.967927,4042,5020,2833,3965
GAB PRH,GAB,,16,12/16/2024,,,0.31,5.00%,23.89,20.98,21.02,0.04,-2.87,21.25,21.9,-1.09,-4.02,20.4,24.24,20.4,24.24,24.0,20.79,0.39,-3.45,51.639824,42.99509,76.254296,50.36036,-3.1,-0.19,43.14578,73.782559,-3.45,0.39,49.854015,88.350515,8656,9242,3986,7295
GAB PRK,GAB,,16,12/16/2024,,,0.31,5.00%,24.4,21.23,21.17,-0.07,-3.24,21.28,21.91,-0.59,-3.44,20.5,24.25,20.5,24.25,24.0,20.93,0.43,-3.32,48.711567,40.463721,75.154639,48.486486,-3.47,-0.3,46.930946,74.779162,-3.32,0.43,47.956204,87.983963,7293,7754,4518,6522
GDV PRH,GDV,,17,12/16/2024,,,0.34,5.38%,25.85,22.55,23.08,0.53,-2.77,23.37,23.71,-1.25,-2.64,22.51,25.34,22.0,25.34,24.0,22.83,0.32,-2.51,52.576867,36.972177,78.178694,36.810811,-3.02,0.28,42.327366,69.524349,-2.51,0.83,36.131387,84.318442,3133,2832,2006,2657
GDV PRK,GDV,,17,12/13/2024,,,0.27,4.25%,20.82,17.65,18.41,0.76,-2.41,18.69,19.15,-1.5,-3.86,17.97,21.49,16.96,21.49,21.0,18.2,0.23,-3.29,54.040996,42.296781,80.652921,48.054054,-2.62,0.55,38.235294,67.078143,-3.29,1.24,47.518248,80.561283,9262,8869,4943,7691
GGN PRB,GGN,,15,12/16/2024,5/7/2018,,0.31,5.00%,23.67,21.38,20.74,-0.64,-2.93,20.84,21.45,-0.49,-3.3,19.84,24.15,19.84,24.15,24.0,20.51,0.67,-3.64,48.125915,39.8527,68.556701,53.099099,-3.16,-0.87,43.759591,79.943375,-3.64,0.67,52.627737,85.784651,8244,10135,6352,8244
GGT PRE,GGT,,15,12/16/2024,,,0.32,5.13%,24.85,22.98,22.68,-0.3,-2.17,22.9,22.97,-0.97,-1.25,22.5,24.7,21.41,24.7,24.0,22.45,-0.05,-2.25,50.937042,30.905619,88.350515,33.063063,-2.4,-0.53,35.984655,76.862967,-2.25,1.04,32.335766,82.394044,875,649,214,579
GGT PRG,GGT,,15,12/16/2024,12/20/2024,,0.32,5.13%,24.59,22.95,22.8,-0.15,-1.79,22.78,22.94,0.1,-0.6,22.32,24.47,21.87,24.47,24.0,22.57,0.25,-1.9,44.670571,28.06874,80.103093,28.018018,-2.02,-0.38,32.097187,75.503964,-1.9,0.7,27.226277,85.509737,974,1021,480,825
GNT PRA,GNT,,15,11/15/2024,,,0.33,5.20%,24.55,21.53,21.52,-0.01,-3.03,21.74,22.22,-1.03,-3.17,21.33,24.3,21.17,24.3,83.0,21.49,0.16,-2.81,51.288433,39.285325,82.57732,41.135135,-3.06,-0.04,42.736573,72.423556,-2.81,0.32,40.510949,88.991982,1062,817,486,788
GPJA,SO,BB,11.5,12/27/2024,,,0.31,5.00%,25.62,20.82,,1.72,-3.08,22.53,23.5,0.03,-4.07,21.0,25.41,20.58,25.66,35.0,22.35,1.35,-3.06,45.080527,43.213312,49.862543,44.738739,-3.27,1.53,44.88491,58.19932,-3.31,1.77,47.810219,75.704467,15440,16474,8543,13486
GRBK PRA,GRBK,,NR,11/25/2024,,,0.36,5.75%,22.08,17.93,,4.07,-0.08,22.96,23.06,-4.17,-4.61,21.06,25.0,17.15,25.0,3.0,21.65,0.59,-3.35,69.677892,45.570104,70.756014,48.918919,-0.43,3.72,15.831202,38.357871,-3.35,4.5,48.394161,50.687285,4012,3125,2401,3180
GUT PRC,GUT,,16,12/16/2024,,,0.34,5.38%,25.39,23.02,,0.27,-2.1,24.26,24.32,-4.01,-4.24,23.15,25.22,22.33,25.56,24.0,23.04,-0.11,-2.18,68.740849,43.955265,90.0,32.054054,-2.35,0.02,35.473146,71.879955,-2.52,0.71,36.277372,85.418099,1211,1312,1783,1435
HBANM,HBAN,,9,11/15/2024,12/1/2022,,0.36,5.70%,25.47,17.8,,4.68,-2.99,22.77,23.03,-1.29,-2.41,21.45,25.39,17.68,25.39,83.0,22.45,1.0,-2.94,52.811127,35.968358,59.484536,43.009009,-3.02,4.65,42.327366,29.93205,-2.94,4.77,42.408759,48.213058,11479,11770,6164,9804
HBANP,HBAN,,10,1/2/2025,,,0.28,4.50%,20.81,14.07,17.68,3.58,-3.16,17.79,18.4,-0.78,-4.09,16.22,20.74,13.71,20.74,41.0,17.5,1.28,-3.24,49.824305,43.3006,51.786942,47.333333,-3.31,3.43,45.294118,40.985277,-3.24,3.79,46.788321,57.193585,37372,40168,58993,45511
HFRO PRA,HFRO,,16,12/20/2024,,,0.34,5.38%,23.45,17.01,15.26,-1.75,-8.19,16.11,17.91,-5.28,-14.79,14.5,21.09,14.5,21.09,28.0,15.03,0.53,-6.06,76.178624,90.0,72.405498,87.981982,-8.42,-1.98,,90.0,-6.06,0.53,87.956204,87.067583,19296,18925,7955,15392
HIG PRG,HIG,,11,11/1/2024,11/15/2023,,0.38,6.00%,26.6,22.89,24.97,2.08,-1.63,24.99,25.05,-0.09,-0.3,23.99,25.53,22.76,25.6,69.0,24.88,0.89,-0.65,45.783309,26.759411,62.508591,10.0,-1.72,1.99,29.028133,54.03171,-0.72,2.12,10.0,72.497136,17336,19033,13739,16703
HWCPZ,HWC,BB,11,11/27/2024,6/15/2025,,0.39,6.25%,26.56,22.45,24.11,1.83,-2.28,23.79,24.03,2.05,1.03,22.21,26.19,19.75,26.19,5.0,23.91,1.7,-2.28,33.250366,20.954719,40.24055,33.495495,-2.65,1.46,38.542199,58.833522,-2.28,4.16,32.773723,53.802978,7831,8739,5976,7515
INN PRE,INN,,NR,11/13/2024,11/13/2022,,0.39,6.25%,21.22,18.14,19.0,0.86,-2.22,19.87,20.59,-4.39,-7.71,17.3,21.77,17.03,22.48,81.0,18.96,1.66,-2.81,70.966325,59.099836,41.340206,41.135135,-2.26,0.82,34.55243,64.631937,-3.52,1.93,50.875912,74.238259,10725,7235,3314,7091
INN PRF,INN,,NR,11/13/2024,8/12/2026,,0.37,5.88%,21.02,18.07,19.03,0.96,-1.99,19.01,20.07,0.13,-5.18,17.03,22.0,16.07,22.0,81.0,18.99,1.96,-3.01,44.494876,48.057829,33.092784,44.018018,-2.03,0.92,32.199488,63.725934,-3.01,2.92,43.430657,65.166094,5423,5403,2778,4535
JPM PRC,JPM,,11.5,10/29/2024,3/1/2024,,0.38,6.00%,26.1,24.11,25.07,0.96,-1.03,25.21,25.27,-0.56,-0.79,24.74,25.82,23.87,25.82,66.0,24.97,0.23,-0.85,48.535871,28.897981,80.652921,12.882883,-1.13,0.86,22.992327,64.269536,-0.85,1.1,11.89781,81.844215,111190,115868,141160,122739
JPM PRD,JPM,,11.5,10/29/2024,12/1/2023,,0.36,5.75%,25.75,23.3,24.35,1.05,-1.4,24.8,24.97,-1.8,-2.49,24.02,25.67,22.83,25.67,66.0,24.25,0.23,-1.42,55.79795,36.317512,80.652921,21.099099,-1.5,0.95,26.777494,63.454134,-1.42,1.42,20.218978,78.911798,97919,110743,117485,108716
JPM PRJ,JPM,,11.5,10/29/2024,,,0.3,4.75%,23.74,19.38,19.89,0.51,-3.85,20.7,21.65,-3.93,-8.13,19.65,24.85,19.02,24.85,66.0,19.81,0.16,-5.04,68.272328,60.932897,82.57732,73.279279,-3.93,0.43,51.636829,68.165345,-5.04,0.79,73.065693,84.684994,71391,72451,92996,78946
JPM PRK,JPM,,11.5,10/29/2024,,,0.28,4.55%,21.65,18.67,18.92,0.24,-2.74,19.81,20.68,-4.53,-8.57,18.66,23.04,18.32,23.04,66.0,18.84,0.18,-4.2,71.786237,62.853246,82.027491,61.171171,-2.81,0.17,40.179028,70.520951,-4.2,0.52,60.80292,87.159221,133440,122843,179509,145264
JPM PRL,JPM,,11.5,10/29/2024,,,0.29,4.63%,21.62,18.94,19.35,0.41,-2.27,20.11,21.04,-3.8,-8.03,19.07,23.44,18.71,23.44,66.0,19.27,0.2,-4.17,67.510981,60.496454,81.477663,60.738739,-2.35,0.33,35.473146,69.071348,-4.17,0.56,60.364964,86.792669,142914,125359,123660,130644
JPM PRM,JPM,,11.5,10/29/2024,,,0.26,4.20%,20.7,17.17,17.71,0.54,-2.99,18.44,19.29,-3.93,-8.19,17.44,21.68,16.96,21.68,66.0,17.64,0.2,-4.04,68.272328,61.194763,81.477663,58.864865,-3.06,0.47,42.736573,67.802945,-4.04,0.68,58.467153,85.693013,180226,176375,181594,179398
JSM,NAVI,BB,7.5,12/13/2024,,,0.38,6.00%,23.5,16.7,18.45,1.79,-5.01,18.57,19.35,-0.45,-4.43,16.51,21.29,16.06,21.82,21.0,18.2,1.69,-3.09,47.891654,44.784506,40.515464,45.171171,-5.3,1.5,65.652174,58.471121,-3.62,2.14,52.335766,72.31386,14455,15882,12261,14199
KEY PRJ,KEY,,10.5,11/27/2024,,,0.35,5.65%,25.36,16.17,21.42,5.24,-3.95,21.63,21.86,-1.04,-2.05,19.97,24.18,15.19,24.18,5.0,21.08,1.11,-3.1,51.346999,34.397163,56.460481,45.315315,-4.28,4.91,55.217391,27.576444,-3.1,5.89,44.744526,37.949599,29226,27941,23567,26911
KEY PRK,KEY,,10.5,11/27/2024,,,0.35,5.63%,26.17,16.05,21.07,5.02,-5.1,21.54,21.87,-2.17,-3.68,19.76,24.43,14.99,24.43,5.0,20.74,0.98,-3.69,57.964861,41.511184,60.034364,53.81982,-5.43,4.69,66.982097,29.569649,-3.69,5.75,53.357664,39.232532,24062,20478,21276,21939
KIM PRL,KIM,,11.5,12/27/2024,,,0.32,5.13%,25.42,19.2,19.88,0.68,-5.54,20.62,21.53,-3.6,-7.68,19.39,24.18,18.81,24.18,35.0,19.68,0.29,-4.5,66.339678,58.968903,79.003436,65.495495,-5.74,0.48,70.153453,67.712344,-4.5,0.87,65.182482,83.95189,12622,13366,9967,11985
KIM PRM,KIM,,11.5,12/27/2024,,,0.33,5.25%,25.4,19.83,20.32,0.49,-5.08,21.1,22.08,-3.68,-7.99,19.71,25.16,19.71,25.16,35.0,20.12,0.41,-5.04,66.808199,60.321877,75.704467,73.279279,-5.28,0.29,65.44757,69.433749,-5.04,0.41,73.065693,88.167239,16570,16130,15808,16170
KREF PRA,KREF,,NR,11/27/2024,4/16/2026,,0.41,6.50%,23.37,16.18,19.6,3.42,-3.77,19.4,19.87,1.05,-1.34,17.98,23.66,15.81,23.66,5.0,19.21,1.23,-4.45,39.106881,31.298418,53.161512,64.774775,-4.16,3.03,53.98977,44.609287,-4.45,3.4,64.452555,60.767468,18053,17596,14119,16589
MBINN,MBIN,,NR,12/13/2024,,,0.38,6.00%,24.23,16.5,19.86,3.36,-4.37,20.87,21.43,-4.85,-7.32,18.31,24.34,16.31,24.34,21.0,19.57,1.26,-4.77,73.660322,57.397709,52.33677,69.387387,-4.66,3.07,59.104859,44.246886,-4.77,3.26,69.124088,62.050401,8079,8149,11732,9320
MET PRE,MET,,12,11/27/2024,,,0.35,5.63%,26.5,21.22,23.59,2.37,-2.91,23.82,24.21,-0.96,-2.56,22.66,25.23,21.03,25.23,5.0,23.26,0.6,-1.97,50.878477,36.623022,70.4811,29.027027,-3.24,2.04,44.578005,53.578709,-1.97,2.23,28.248175,71.489118,53151,52719,31435,45768
MET PRF,MET,,12,11/27/2024,,,0.3,4.75%,24.56,18.5,19.71,1.21,-4.85,20.29,20.97,-2.87,-6.02,19.0,23.21,18.33,23.21,5.0,19.43,0.43,-3.78,62.064422,51.72395,75.154639,55.117117,-5.13,0.93,63.913043,63.635334,-3.78,1.1,54.671533,81.844215,79814,83864,67596,77091
MFA PRB,MFA,,NR,11/27/2024,4/15/2018,,0.47,7.50%,21.92,18.34,21.51,3.17,-0.41,21.29,21.54,1.02,-0.15,18.27,23.67,17.01,23.67,5.0,21.07,2.8,-2.6,39.282577,26.104746,10.0,38.108108,-0.85,2.73,20.127877,47.327293,-2.6,4.06,37.445255,54.719359,16926,16256,11554,14912
MGR,AMG,BB,12,12/27/2024,,,0.37,5.88%,26.29,19.6,20.75,1.15,-5.54,21.83,22.84,-4.93,-9.14,19.91,25.17,19.43,25.17,35.0,20.52,0.61,-4.65,74.128843,65.340971,70.206186,67.657658,-5.77,0.92,70.460358,63.725934,-4.65,1.09,67.372263,81.935853,17124,16580,12761,15488
MGRB,AMG,BB,12,12/27/2024,,,0.3,4.75%,22.01,16.09,16.94,0.85,-5.07,17.84,18.89,-5.04,-10.32,16.13,21.0,15.83,21.0,35.0,16.76,0.63,-4.24,74.77306,70.490998,69.656357,61.747748,-5.25,0.67,65.140665,65.99094,-4.24,0.93,61.386861,83.402062,16994,19894,21605,19498
MGRD,AMG,BB,12,12/27/2024,,,0.26,4.20%,19.5,15.18,15.39,0.21,-4.11,15.83,16.72,-2.78,-7.93,14.62,18.37,14.62,18.37,35.0,15.23,0.61,-3.14,61.537335,60.060011,70.206186,45.891892,-4.27,0.05,55.11509,71.608154,-3.14,0.61,45.328467,86.334479,9553,10249,8513,9438
MS PRK,MS,,11,12/27/2024,,,0.37,5.85%,26.38,21.4,23.14,1.74,-3.24,23.98,24.57,-3.49,-5.83,22.52,26.0,21.16,26.0,35.0,22.91,0.39,-3.09,65.695461,50.894708,76.254296,45.171171,-3.47,1.51,46.930946,58.380521,-3.09,1.75,44.59854,75.887743,78835,84491,107495,90273
MS PRL,MS,,11,12/27/2024,,,0.3,4.88%,24.0,18.32,19.68,1.36,-4.32,20.56,21.98,-4.27,-10.48,19.34,24.49,18.15,24.49,35.0,19.5,0.16,-4.99,70.263543,71.189307,82.57732,72.558559,-4.5,1.18,57.468031,61.370328,-4.99,1.35,72.335766,79.553265,27580,28114,30060,28585
MS PRO,MS,,11,12/27/2024,,,0.27,4.25%,20.77,15.9,17.33,1.43,-3.44,18.07,18.95,-4.1,-8.57,16.82,21.47,15.7,21.47,35.0,17.16,0.34,-4.31,69.267936,62.853246,77.628866,62.756757,-3.61,1.26,48.363171,60.645527,-4.31,1.46,62.408759,78.545246,127520,112307,105343,115056
NCV PRA,NCV,,NR,12/5/2024,,,0.35,5.63%,24.28,20.92,22.02,1.1,-2.26,21.76,22.07,1.2,-0.22,20.72,23.64,20.6,23.64,13.0,21.72,1.0,-1.92,38.228404,26.410256,59.484536,28.306306,-2.56,0.8,37.621483,64.813137,-1.92,1.12,27.518248,81.660939,5559,3498,2417,3825
NCZ PRA,NCZ,,NR,12/5/2024,,,0.34,5.50%,24.28,20.5,20.84,0.34,-3.44,20.96,21.06,-0.58,-1.05,19.92,22.38,19.92,22.38,13.0,20.55,0.63,-1.83,48.653001,30.032733,69.656357,27.009009,-3.73,0.05,49.590793,71.608154,-1.83,0.63,26.20438,86.151203,9697,9728,8149,9191
NEE PRN,NEE,BB,12,11/27/2024,,,0.35,5.65%,26.15,22.13,22.76,0.63,-3.39,23.23,24.21,-2.02,-5.98,22.1,25.55,21.92,25.62,5.0,22.43,0.33,-3.12,57.086384,51.549373,77.90378,45.603604,-3.72,0.3,49.488491,69.343148,-3.19,0.51,46.058394,87.250859,45087,51728,38621,45145
NRUC,-,BB,13,11/1/2024,,,0.34,5.50%,25.22,21.75,23.94,2.19,-1.28,23.46,24.19,2.03,-1.02,22.38,25.75,21.64,25.75,69.0,23.86,1.48,-1.89,33.367496,29.9018,46.28866,27.873874,-1.36,2.11,25.345269,52.944507,-1.89,2.22,27.080292,71.580756,15049,18974,14059,16027
NSA PRA,NSA,,NR,12/13/2024,,,0.38,6.00%,25.3,20.65,23.6,2.95,-1.7,22.28,22.79,5.94,3.54,21.12,25.2,20.16,25.2,21.0,23.31,2.19,-1.89,10.468521,10.0,26.769759,27.873874,-1.99,2.66,31.790281,47.961495,-1.89,3.15,27.080292,63.058419,11455,10027,5869,9117
NTRSO,NTRS,,13,12/13/2024,,,0.29,4.70%,24.85,18.3,19.66,1.53,-5.02,20.09,21.04,-1.28,-5.73,19.1,24.29,18.1,24.29,21.0,19.61,0.51,-4.68,52.752562,50.458265,72.955326,68.09009,-5.24,1.31,65.038363,60.192525,-4.68,1.51,67.810219,78.087056,25108,27709,21721,24846
NYMTZ,NYMT,,NR,1/2/2025,,,0.44,7.00%,19.78,16.6,18.25,1.59,-1.59,18.81,19.33,-3.31,-5.92,16.75,21.75,15.31,21.75,41.0,17.95,1.2,-3.8,64.641288,51.287507,53.986254,55.405405,-1.83,1.35,30.153453,59.830125,-3.8,2.64,54.963504,67.731959,4809,4132,2503,3815
OPP PRA,OPP,,16,11/1/2024,,,0.27,4.38%,20.87,16.98,17.6,0.62,-3.27,18.29,18.71,-3.79,-5.91,16.54,20.21,16.54,20.21,69.0,17.54,1.0,-2.67,67.452416,51.243863,59.484536,39.117117,-3.33,0.56,45.498721,66.987542,-2.67,1.0,38.467153,82.760596,4546,4249,3016,3937
OPP PRB,OPP,,16,11/1/2024,2/15/2027,,0.3,4.75%,21.43,18.7,19.21,0.51,-2.22,19.86,20.08,-3.29,-4.31,18.34,21.86,18.31,22.31,69.0,19.14,0.8,-2.72,64.524158,44.260775,64.982818,39.837838,-2.29,0.44,34.859335,68.074745,-3.17,0.83,45.766423,84.318442,2815,2208,1772,2265
OZKAP,OZK,,9,11/1/2024,11/15/2026,,0.29,4.63%,20.78,14.61,16.25,1.69,-4.48,16.96,17.09,-3.91,-4.65,15.75,19.88,14.37,19.88,69.0,16.23,0.48,-3.65,68.155198,45.744681,73.780069,53.243243,-4.55,1.62,57.97954,57.383918,-3.65,1.86,52.773723,74.879725,28785,27349,40225,32120
PEB PRE,PEB,,NR,12/27/2024,,,0.4,6.38%,24.71,18.32,18.12,-0.2,-6.59,18.47,20.51,-1.89,-11.65,16.27,23.22,16.27,23.22,35.0,17.88,1.61,-5.34,56.325037,76.29569,42.714777,77.603604,-6.83,-0.44,81.304348,76.047565,-5.34,1.61,77.445255,77.170676,9528,10917,6730,9058
PEB PRF,PEB,,NR,12/27/2024,,,0.39,6.30%,23.52,18.56,18.35,-0.21,-5.17,18.61,20.55,-1.42,-10.69,16.85,23.75,16.85,23.75,35.0,18.11,1.26,-5.64,53.572474,72.105837,52.33677,81.927928,-5.41,-0.45,66.777494,76.138165,-5.64,1.26,81.824818,80.378007,7596,9543,4934,7358
PEB PRG,PEB,,NR,12/27/2024,,,0.4,6.38%,23.4,18.0,18.1,0.1,-5.3,18.65,20.28,-2.97,-10.75,16.6,23.18,16.6,23.18,35.0,17.86,1.26,-5.32,62.650073,72.367703,52.33677,77.315315,-5.54,-0.14,68.107417,73.329558,-5.32,1.26,77.153285,80.378007,10240,10645,14082,11656
PEB PRH,PEB,,NR,12/27/2024,,,0.36,5.70%,21.01,16.38,16.95,0.57,-4.06,17.06,18.38,-0.65,-7.8,15.51,21.12,15.02,21.12,35.0,16.73,1.22,-4.39,49.062958,59.492635,53.436426,63.90991,-4.28,0.35,55.217391,68.890147,-4.39,1.71,63.576642,76.254296,11479,7684,4435,7866
PFH,PRU,BB,13,11/15/2024,9/1/2025,,0.26,4.13%,22.61,17.35,17.14,-0.21,-5.47,17.93,19.13,-4.38,-10.41,16.84,21.59,16.84,21.59,83.0,17.12,0.28,-4.47,70.90776,70.883797,79.278351,65.063063,-5.49,-0.23,67.595908,74.14496,-4.47,0.28,64.744526,89.358534,29952,30035,27414,29134
PRH,PRU,BB,13,11/15/2024,,,0.37,5.95%,,23.79,24.64,0.85,,24.88,25.57,-0.97,-3.64,23.59,26.89,23.17,26.95,83.0,24.61,1.02,-2.28,50.937042,41.336607,58.934708,33.495495,,0.82,,64.631937,-2.34,1.44,33.649635,78.728522,18740,23830,21828,21466
PRS,PRU,BB,13,11/1/2024,8/15/2023,,0.35,5.63%,26.16,22.52,23.03,0.51,-3.13,23.36,24.23,-1.4,-4.94,22.35,25.42,22.31,25.42,69.0,22.95,0.6,-2.47,53.455344,47.010366,70.4811,36.234234,-3.21,0.43,44.2711,68.165345,-2.47,0.64,35.547445,86.059565,28435,31789,26744,28990
PSA PRF,PSA,,13.5,12/12/2024,,,0.32,5.15%,25.84,20.87,20.92,0.05,-4.92,21.49,22.9,-2.67,-8.66,19.87,25.11,19.87,25.11,20.0,20.67,0.8,-4.44,60.893119,63.246045,64.982818,64.630631,-5.17,-0.2,64.322251,73.87316,-4.44,0.8,64.306569,84.593356,18536,17476,11441,15818
PSA PRG,PSA,,13.5,12/12/2024,,,0.32,5.05%,25.87,21.11,20.85,-0.25,-5.01,21.35,22.71,-2.28,-8.14,19.99,25.0,19.99,25.06,20.0,20.61,0.62,-4.39,58.609078,60.976541,69.931271,63.90991,-5.26,-0.5,65.242967,76.591166,-4.45,0.62,64.452555,86.242841,16847,17527,13878,16084
PSA PRH,PSA,,13.5,12/12/2024,,,0.35,5.60%,26.96,22.76,22.8,0.04,-4.16,23.36,24.39,-2.38,-6.51,20.85,25.7,20.85,26.1,20.0,22.53,1.68,-3.17,59.194729,53.86252,40.790378,46.324324,-4.43,-0.23,56.751918,74.14496,-3.57,1.68,51.605839,76.52921,19284,21737,13966,18329
PSA PRI,PSA,,13.5,12/12/2024,,,0.3,4.88%,25.8,19.44,19.67,0.23,-6.13,20.33,21.65,-3.25,-9.16,19.08,23.72,19.08,23.94,20.0,19.44,0.36,-4.28,64.289898,65.42826,77.079038,62.324324,-6.36,0.0,76.496164,72.061155,-4.5,0.36,65.182482,88.62543,16988,13804,8882,13225
PSA PRJ,PSA,,13.5,12/12/2024,,,0.29,4.70%,25.08,18.25,18.93,0.68,-6.15,19.53,20.74,-3.08,-8.72,18.33,23.21,17.94,23.21,20.0,18.7,0.37,-4.51,63.29429,63.507911,76.804124,65.63964,-6.38,0.45,76.700767,67.984145,-4.51,0.76,65.328467,84.959908,14638,16283,7618,12846
PSA PRK,PSA,,13.5,12/12/2024,,,0.3,4.75%,25.8,18.4,19.31,0.91,-6.49,19.75,20.93,-2.25,-7.74,18.57,23.21,18.16,23.21,20.0,19.08,0.51,-4.13,58.433382,59.230769,72.955326,60.162162,-6.72,0.68,80.179028,65.90034,-4.13,0.92,59.781022,83.4937,16246,17808,33947,22667
PSA PRL,PSA,,13.5,12/12/2024,,,0.29,4.63%,24.84,18.17,18.86,0.69,-5.98,19.31,20.43,-2.35,-7.7,17.52,22.89,17.52,22.89,20.0,18.63,1.11,-4.26,59.019034,59.056192,56.460481,62.036036,-6.21,0.46,74.961637,67.893545,-4.26,1.11,61.678832,81.752577,30601,27957,16492,25017
PSA PRM,PSA,,13.5,12/12/2024,,,0.26,4.13%,22.79,16.05,16.85,0.8,-5.94,17.31,18.41,-2.68,-8.46,16.28,20.79,15.82,20.79,20.0,16.65,0.37,-4.14,60.951684,62.373159,76.804124,60.306306,-6.14,0.6,74.245524,66.625142,-4.14,0.83,59.927007,84.318442,9362,8612,6807,8260
PSA PRN,PSA,,13.5,12/12/2024,,,0.24,3.88%,21.02,15.12,15.76,0.64,-5.26,16.21,17.14,-2.76,-8.08,15.36,19.23,14.9,19.23,20.0,15.57,0.21,-3.66,61.420205,60.714675,81.202749,53.387387,-5.45,0.45,67.186701,67.984145,-3.66,0.67,52.919708,85.784651,15330,18891,11771,15331
PSA PRO,PSA,,13.5,12/12/2024,11/17/2025,,0.24,3.90%,20.29,15.53,15.9,0.37,-4.39,16.29,17.21,-2.42,-7.63,15.4,19.13,15.1,19.14,20.0,15.71,0.31,-3.42,59.42899,58.750682,78.453608,49.927928,-4.58,0.18,58.286445,70.430351,-3.43,0.61,49.562044,86.334479,14045,13820,6927,11597
PSA PRP,PSA,,13.5,12/12/2024,,,0.25,4.00%,20.88,15.54,16.1,0.56,-4.78,16.68,17.71,-3.46,-9.08,15.39,19.99,15.37,19.99,20.0,15.91,0.52,-4.08,65.519766,65.079105,72.680412,59.441441,-4.97,0.37,62.276215,68.708947,-4.08,0.54,59.051095,86.975945,38651,33939,34308,35633
PSA PRQ,PSA,,13.5,12/12/2024,,,0.25,3.95%,20.84,15.31,15.89,0.58,-4.95,16.39,17.41,-3.05,-8.72,15.43,19.47,15.17,19.47,20.0,15.7,0.27,-3.77,63.118594,63.507911,79.553265,54.972973,-5.14,0.39,64.015345,68.527746,-3.77,0.53,54.525547,87.067583,12144,12882,10315,11781
PSA PRR,PSA,,13.5,12/12/2024,,,0.25,4.00%,20.78,15.59,16.12,0.53,-4.66,16.64,17.77,-3.11,-9.26,15.68,20.16,15.38,20.16,20.0,15.93,0.25,-4.23,63.469985,65.864703,80.103093,61.603604,-4.85,0.34,61.048593,68.980747,-4.23,0.55,61.240876,86.884307,27999,27763,22875,26212
PSA PRS,PSA,,13.5,12/12/2024,,,0.26,4.10%,21.15,15.83,16.53,0.71,-4.61,17.04,18.17,-2.95,-9.0,14.18,20.47,14.18,20.47,20.0,16.34,2.16,-4.13,62.532943,64.729951,27.594502,60.162162,-4.81,0.51,60.639386,67.440544,-4.13,2.16,59.781022,72.130584,16958,18837,10119,15305
PSEC PRA,PSEC,,9,10/16/2024,7/19/2026,,0.33,5.35%,19.55,15.21,17.29,2.09,-2.25,16.32,17.67,6.02,-2.09,14.58,21.54,14.04,21.54,53.0,17.16,2.58,-4.38,10.0,34.57174,16.04811,63.765766,-2.39,1.95,35.882353,54.394111,-4.38,3.12,63.430657,63.333333,9060,9133,6375,8190
REGCO,REG,,NR,10/16/2024,,,0.37,5.88%,,21.85,22.8,0.92,,22.47,22.72,1.33,0.2,21.43,24.7,21.2,24.9,53.0,22.62,1.19,-2.08,37.467057,24.577196,54.261168,30.612613,,0.77,,65.084938,-2.28,1.42,32.773723,78.911798,6036,5314,2595,4648
REGCP,REG,,NR,10/16/2024,,,0.39,6.25%,,23.1,23.68,0.22,,23.47,23.73,-0.64,-1.74,21.88,25.63,21.88,25.63,53.0,23.16,1.28,-2.47,49.004392,33.04419,51.786942,36.234234,,0.06,,71.517554,-2.47,1.28,35.547445,80.194731,5509,5609,1200,4106
REXR PRB,REXR,,NR,12/13/2024,,,0.37,5.88%,25.39,21.16,23.03,1.87,-2.36,23.1,22.76,-0.3,1.18,22.21,24.57,20.6,24.57,21.0,22.75,0.54,-1.82,47.013177,20.300055,72.130584,26.864865,-2.64,1.59,38.439898,57.655719,-1.82,2.15,26.058394,72.222222,5665,5222,2869,4585
REXR PRC,REXR,,NR,11/15/2024,,,0.35,5.63%,26.1,20.05,21.85,1.8,-4.25,21.75,21.95,0.44,-0.48,20.13,24.54,19.71,24.54,83.0,21.82,1.69,-2.72,42.679356,27.545008,40.515464,39.837838,-4.28,1.77,55.217391,56.024915,-2.72,2.11,39.19708,72.588774,8159,6092,2762,5671
RF PRE,RF,,10,11/27/2024,,,0.28,4.45%,20.69,15.45,17.41,1.96,-3.28,17.66,18.23,-1.42,-4.5,16.41,19.98,14.16,19.98,5.0,17.15,0.74,-2.83,53.572474,45.090016,66.632302,41.423423,-3.54,1.7,47.647059,56.659117,-2.83,2.99,40.80292,64.524628,28445,28875,28322,28547
RNR PRF,RNR,,12,11/27/2024,,,0.36,5.75%,25.11,20.71,21.11,0.4,-4.0,22.03,23.26,-4.2,-9.26,20.8,25.08,20.43,25.1,5.0,20.77,-0.03,-4.31,69.853587,65.864703,87.800687,62.756757,-4.34,0.06,55.831202,71.517554,-4.33,0.34,62.70073,88.808706,14682,16324,18867,16624
RNR PRG,RNR,,12,11/27/2024,,,0.26,4.20%,20.02,15.35,15.6,0.25,-4.42,16.18,17.43,-3.57,-10.51,14.26,18.97,14.26,19.46,5.0,15.35,1.09,-3.62,66.163982,71.32024,57.010309,52.810811,-4.67,0.0,59.207161,72.061155,-4.11,1.09,59.489051,81.935853,32448,31493,44309,36084
SCE PRG,EIX,TP,10,12/13/2024,,,0.32,5.10%,20.73,17.2,16.95,-0.25,-3.78,17.7,19.62,-4.23,-13.61,16.32,21.69,16.32,21.7,21.0,16.7,0.38,-4.99,70.029283,84.849973,76.52921,72.558559,-4.03,-0.5,52.659847,76.591166,-5.0,0.38,72.481752,88.442153,17094,23475,11355,17308
SCE PRL,EIX,TP,10,12/13/2024,,,0.31,5.00%,20.24,16.94,16.54,-0.4,-3.7,17.32,19.21,-4.51,-13.89,15.98,21.09,15.98,21.32,21.0,16.3,0.32,-4.79,71.669107,86.072013,78.178694,69.675676,-3.94,-0.64,51.73913,77.85957,-5.02,0.32,72.773723,88.991982,44232,56227,42255,47571
SCHW PRD,SCHW,,12,11/13/2024,,,0.37,5.95%,25.94,22.65,24.75,2.1,-1.19,25.05,25.18,-1.21,-1.69,24.25,25.71,22.29,25.71,81.0,24.71,0.46,-1.0,52.342606,32.825968,74.329897,15.045045,-1.23,2.06,24.015345,53.397508,-1.0,2.42,14.087591,69.747995,40662,46914,48043,45206
SCHW PRJ,SCHW,,12,11/13/2024,,,0.28,4.45%,23.4,16.75,19.13,2.38,-4.27,19.47,20.38,-1.75,-6.12,18.33,22.6,16.63,22.6,81.0,19.1,0.77,-3.5,55.505124,52.160393,65.80756,51.081081,-4.3,2.35,55.421995,50.770102,-3.5,2.47,50.583942,69.289805,52556,56441,59038,56012
SF PRB,SF,,8,12/2/2024,,,0.39,6.25%,26.94,22.01,24.3,2.29,-2.64,24.19,24.57,0.44,-1.1,22.22,25.44,21.56,25.73,10.0,23.95,1.73,-1.49,42.679356,30.250955,39.415808,22.108108,-2.99,1.94,42.02046,54.484711,-1.78,2.39,25.474453,70.02291,6588,6762,10597,7982
SF PRC,SF,,8,12/2/2024,,,0.38,6.13%,27.0,22.12,23.67,1.56,-3.32,24.01,24.53,-1.37,-3.45,21.81,26.47,21.27,26.47,10.0,23.34,1.53,-3.13,53.279649,40.507365,44.914089,45.747748,-3.66,1.22,48.87468,61.007928,-3.13,2.07,45.182482,72.955326,11320,10816,16025,12721
SF PRD,SF,,8,12/2/2024,,,0.28,4.50%,20.54,15.64,18.12,2.48,-2.42,17.7,18.62,2.34,-2.7,15.85,21.74,15.0,21.74,10.0,17.87,2.02,-3.87,31.551977,37.234043,31.443299,56.414414,-2.67,2.23,38.746803,51.857305,-3.87,2.87,55.985401,65.624284,19338,15680,24017,19678
SHO PRH,SHO,,NR,12/27/2024,,,0.38,6.13%,23.75,20.4,20.87,0.47,-2.88,20.86,21.73,0.05,-3.96,19.14,24.27,19.14,24.27,35.0,20.64,1.5,-3.63,44.963397,42.733224,45.738832,52.954955,-3.11,0.24,43.248082,69.88675,-3.63,1.5,52.481752,78.178694,7482,9213,4212,6969
SHO PRI,SHO,,NR,12/27/2024,,,0.36,5.70%,22.98,19.43,19.85,0.43,-3.12,19.77,20.47,0.47,-2.98,17.96,22.79,17.96,22.79,35.0,19.64,1.68,-3.15,42.50366,38.456083,40.790378,46.036036,-3.34,0.21,45.601023,70.15855,-3.15,1.68,45.474453,76.52921,7604,8216,3548,6456
SIGIP,SIGI,,10,11/27/2024,,,0.29,4.60%,20.74,15.48,17.2,1.81,-3.45,17.79,18.45,-2.79,-6.31,16.82,20.3,15.17,20.3,5.0,17.02,0.2,-3.28,61.5959,52.989634,81.477663,47.90991,-3.72,1.54,49.488491,58.10872,-3.28,1.85,47.372263,74.971363,5179,5137,2252,4189
SLG PRI,SLG,,9.5,12/17/2024,,,0.41,6.50%,25.67,18.15,22.05,3.9,-3.62,22.66,22.77,-2.7,-3.15,21.09,24.87,15.26,24.87,25.0,21.75,0.66,-3.12,61.068814,39.198036,68.831615,45.603604,-3.92,3.6,51.534527,39.445074,-3.12,6.49,45.036496,32.451317,14893,11820,6441,11052
SOJC,SO,BB,11.5,11/29/2024,,,0.33,5.25%,25.69,20.75,21.59,0.84,-4.1,21.94,23.09,-1.62,-6.51,21.1,25.07,20.35,25.07,7.0,21.29,0.19,-3.78,54.743777,53.86252,81.752577,55.117117,-4.4,0.54,56.445013,67.168743,-3.78,0.94,54.671533,83.310424,24535,24790,15262,21529
SOJD,SO,BB,11.5,10/29/2024,,,0.31,4.95%,23.86,19.45,20.11,0.66,-3.75,20.65,21.84,-2.62,-7.94,19.26,24.55,19.26,24.55,66.0,20.03,0.77,-4.52,60.600293,60.103655,65.80756,65.783784,-3.83,0.58,50.613811,66.806342,-4.52,0.77,65.474453,84.86827,81202,81674,69241,77372
SOJE,SO,BB,11.5,1/10/2025,,,0.26,4.20%,20.96,17.42,17.64,0.19,-3.35,18.27,19.62,-3.61,-10.22,17.28,22.35,17.28,22.35,49.0,17.49,0.21,-4.86,66.398243,70.054555,81.202749,70.684685,-3.47,0.07,46.930946,71.426954,-4.86,0.21,70.437956,90.0,54164,56350,40130,50214
SR PRA,SR,,11,10/25/2024,8/15/2024,,0.37,5.90%,26.15,21.87,24.09,2.22,-2.06,24.31,24.34,-0.89,-1.02,23.2,25.39,21.36,25.39,62.0,23.97,0.77,-1.42,50.468521,29.9018,65.80756,21.099099,-2.18,2.1,33.734015,53.035108,-1.42,2.61,20.218978,68.006873,18184,17293,11891,15789
SREA,SRE,BB,11.5,12/13/2024,,,0.36,5.75%,25.24,21.16,20.5,-0.66,-4.74,21.97,23.42,-6.69,-12.48,19.6,25.24,19.6,25.47,21.0,20.22,0.62,-5.02,84.43631,79.918167,69.931271,72.990991,-5.02,-0.94,62.787724,80.577576,-5.25,0.62,76.131387,86.242841,55902,62776,57957,58878
STT PRG,STT,,13,11/27/2024,,,0.33,5.35%,26.9,21.63,22.28,0.65,-4.62,23.1,24.0,-3.54,-7.17,21.62,25.16,21.42,25.16,5.0,21.97,0.35,-3.19,65.988287,56.743044,77.353952,46.612613,-4.93,0.34,61.867008,68.980747,-3.19,0.55,46.058394,86.884307,39771,44818,30672,38420
SYF PRA,SYF,,NR,10/30/2024,11/15/2024,,0.35,5.63%,22.14,15.28,17.81,2.53,-4.33,18.46,19.26,-3.54,-7.53,16.19,21.94,14.51,21.94,67.0,17.72,1.53,-4.22,65.988287,58.314239,44.914089,61.459459,-4.42,2.44,56.649616,49.9547,-4.22,3.21,61.094891,62.508591,54772,57123,50769,54221
T PRA,T,,10,1/7/2025,12/12/2024,,0.31,5.00%,23.49,18.31,20.11,1.8,-3.38,20.56,21.21,-2.17,-5.19,19.15,22.78,18.2,22.8,46.0,19.96,0.81,-2.82,57.964861,48.101473,64.707904,41.279279,-3.53,1.65,47.544757,57.112118,-2.84,1.76,40.948905,75.796105,100893,96623,97522,98346
T PRC,T,,10,1/7/2025,2/18/2025,,0.3,4.75%,21.55,17.25,19.13,1.88,-2.42,19.39,20.08,-1.32,-4.71,18.2,21.71,17.02,21.71,46.0,18.98,0.78,-2.73,52.986823,46.006547,65.532646,39.981982,-2.57,1.73,37.723785,56.387316,-2.73,1.96,39.343066,73.963345,124962,134449,118579,125997
TBB,T,BB,12,10/17/2024,,,0.33,5.35%,24.98,20.32,22.08,1.76,-2.9,23.35,23.54,-5.44,-6.22,21.75,24.9,20.26,24.9,54.0,21.95,0.2,-2.95,77.115666,52.596836,81.477663,43.153153,-3.03,1.63,42.429668,57.293318,-2.95,1.69,42.554745,76.437572,76584,64515,69405,70168
TBC,T,BB,12,10/17/2024,8/1/2023,,0.35,5.63%,,,,,,,,,,,,,,,,,,,,,,,,,,,,,,,,,
TCBIO,TCBI,,8,12/2/2024,6/15/2026,,0.36,5.75%,24.5,16.01,20.03,4.02,-4.47,20.21,20.26,-0.91,-1.12,18.11,22.71,15.52,22.71,10.0,19.71,1.6,-3.0,50.585652,30.338243,42.989691,43.873874,-4.79,3.7,60.434783,38.539071,-3.0,4.19,43.284672,53.528064,21880,18751,11873,17501
TDS PRU,TDS,,7,12/13/2024,,,0.41,6.63%,24.25,14.26,21.02,6.76,-3.23,20.93,20.64,0.44,1.84,18.71,22.88,12.0,22.88,21.0,20.71,2.0,-2.17,42.679356,17.419531,31.993127,31.90991,-3.54,6.45,47.647059,13.624009,-2.17,8.71,31.167883,12.107675,25566,23537,13813,20972
TDS PRV,TDS,,7,12/13/2024,9/30/2026,,0.38,6.00%,22.28,12.88,18.77,5.89,-3.51,18.34,18.31,2.32,2.49,16.25,20.48,10.79,20.48,21.0,18.48,2.23,-2.0,31.669107,14.582651,25.670103,29.459459,-3.8,5.6,50.306905,21.325028,-2.0,7.69,28.686131,21.454754,44755,41217,31995,39322
TFC PRO,TFC,,11.5,11/8/2024,,,0.33,5.25%,25.2,19.78,21.01,1.23,-4.19,21.76,22.53,-3.44,-6.75,19.69,24.83,19.43,24.83,76.0,20.96,1.27,-3.87,65.402635,54.909984,52.061856,56.414414,-4.24,1.18,54.808184,61.370328,-3.87,1.53,55.985401,77.90378,45869,43984,43017,44290
TFC PRR,TFC,,11.5,11/8/2024,,,0.3,4.75%,22.49,17.71,18.84,1.13,-3.65,19.79,20.39,-4.8,-7.6,18.41,22.62,17.29,22.62,76.0,18.79,0.38,-3.83,73.367496,58.619749,76.52921,55.837838,-3.7,1.08,49.283887,62.276331,-3.83,1.5,55.40146,78.178694,68071,70902,83382,74118
TRTN PRD,-,,NR,12/6/2024,3/15/2025,,0.43,6.88%,25.95,21.62,21.42,-0.19,-4.52,22.35,23.41,-4.1,-8.48,19.76,25.67,19.76,25.67,14.0,21.07,1.31,-4.6,69.267936,62.460447,50.962199,66.936937,-4.88,-0.55,61.355499,77.044168,-4.6,1.31,66.642336,79.919817,9966,9231,11072,10090
TRTN PRE,-,,NR,12/6/2024,,,0.36,5.75%,23.79,17.8,18.8,1.0,-4.99,19.18,20.6,-1.99,-8.75,16.9,23.3,16.9,23.3,14.0,18.5,1.6,-4.8,56.910688,63.638843,42.989691,69.81982,-5.29,0.7,65.549872,65.719139,-4.8,1.6,69.562044,77.262314,7508,8132,7589,7743
TRTX PRC,TRTX,,NR,12/16/2024,6/14/2026,,0.39,6.25%,18.83,13.81,18.08,4.26,-0.76,17.79,18.0,1.56,0.4,16.01,20.0,13.0,20.0,24.0,17.78,1.77,-2.22,36.120059,23.70431,38.316151,32.630631,-1.05,3.97,22.173913,36.092865,-2.22,4.78,31.89781,48.12142,8433,7232,6223,7296
TY PR,TY,,NR,12/5/2024,,,0.31,5.00%,50.11,43.5,43.98,0.48,-6.13,44.83,45.84,-1.9,-4.07,43.55,49.16,42.0,49.19,13.0,43.71,0.16,-5.45,56.383602,43.213312,82.57732,79.189189,-6.4,0.21,76.905371,70.15855,-5.48,1.71,79.489051,76.254296,622,590,753,655
UNMA,UNM,BB,10,11/29/2024,,,0.39,6.25%,26.19,21.92,24.56,2.64,-1.63,24.55,24.92,0.04,-1.43,23.13,26.05,21.49,26.05,7.0,24.2,1.07,-1.85,45.021962,31.691217,57.560137,27.297297,-1.99,2.28,31.790281,51.404304,-1.85,2.71,26.49635,67.090493,12796,15484,6617,11632
USB PRP,USB,,13.5,12/30/2024,,,0.34,5.50%,25.25,19.75,,3.01,-2.49,23.25,23.96,-2.12,-4.99,21.46,25.43,19.0,25.43,38.0,22.56,1.1,-2.87,57.672035,47.228587,56.735395,42.0,-2.69,2.81,38.951407,46.602492,-2.87,3.56,41.386861,59.30126,34515,36358,36118,35664
USB PRQ,USB,,13.5,12/27/2024,,,0.23,3.75%,19.57,13.5,15.42,1.92,-4.15,15.92,16.78,-3.16,-8.09,14.66,18.6,13.32,18.6,35.0,15.28,0.62,-3.32,63.762811,60.75832,69.931271,48.486486,-4.29,1.78,55.319693,55.934315,-3.32,1.96,47.956204,73.963345,41910,37987,34377,38091
USB PRR,USB,,13.5,12/27/2024,,,0.25,4.00%,21.05,14.57,16.4,1.83,-4.65,17.01,17.89,-3.57,-8.35,15.62,20.35,14.24,20.35,35.0,16.25,0.63,-4.1,66.163982,61.893071,69.656357,59.72973,-4.8,1.68,60.537084,56.840317,-4.1,2.01,59.343066,73.505155,49535,48409,44966,47637
USB PRS,USB,,13.5,12/27/2024,,,0.28,4.50%,22.08,16.44,18.71,2.27,-3.37,19.39,20.32,-3.52,-7.91,18.07,22.97,16.22,22.97,35.0,18.54,0.47,-4.43,65.871157,59.972722,74.054983,64.486486,-3.54,2.1,47.647059,53.035108,-4.43,2.32,64.160584,70.664376,44122,40604,36887,40538
UZD,USM,BB,9.5,11/29/2024,9/1/2025,,0.39,6.25%,24.16,16.77,23.84,7.07,-0.32,23.62,23.05,0.95,3.41,22.0,24.2,14.86,24.8,7.0,23.48,1.48,-0.72,39.692533,10.567376,46.28866,11.009009,-0.68,6.71,18.388747,11.268403,-1.32,8.62,18.759124,12.932417,38350,35930,18297,30859
UZE,USM,BB,9.5,11/29/2024,,,0.34,5.50%,21.8,14.93,22.09,7.16,0.29,21.88,21.5,0.96,2.73,20.25,23.22,13.0,23.8,7.0,21.78,1.53,-1.44,39.633968,13.535188,44.914089,21.387387,-0.02,6.85,11.636829,10.0,-2.02,8.78,28.978102,11.466208,39467,30259,26019,31915
UZF,USM,BB,9.5,11/29/2024,6/1/2026,,0.34,5.50%,21.75,15.44,22.2,6.76,0.45,21.92,21.51,1.28,3.2,20.3,23.5,12.95,23.7,7.0,21.89,1.59,-1.61,37.759883,11.483906,43.264605,23.837838,0.14,6.45,10.0,13.624009,-1.81,8.94,25.912409,10.0,29043,23088,18002,23378
VNO PRL,VNO,,10.5,12/13/2024,,,0.34,5.40%,24.16,13.75,17.65,3.9,-6.51,17.57,17.31,0.43,1.97,15.25,19.46,11.36,19.46,21.0,17.39,2.14,-2.07,42.737921,16.852155,28.14433,30.468468,-6.77,3.64,80.690537,39.082673,-2.07,6.03,29.708029,36.666667,20455,17691,17232,18459
VNO PRM,VNO,,10.5,12/13/2024,,,0.33,5.25%,23.4,13.71,17.08,3.37,-6.32,17.14,16.86,-0.37,1.3,14.75,18.99,11.15,18.99,21.0,16.83,2.08,-2.16,47.423133,19.776323,29.793814,31.765766,-6.57,3.12,78.644501,43.793884,-2.16,5.68,31.021898,39.873998,24557,20583,13217,19452
VNO PRN,VNO,,10.5,12/13/2024,,,0.33,5.25%,22.92,13.76,17.0,3.24,-5.92,17.22,16.93,-1.29,0.41,14.81,18.97,11.2,18.97,21.0,16.75,1.94,-2.22,52.811127,23.660666,33.642612,32.630631,-6.17,2.99,74.55243,44.971687,-2.22,5.55,31.89781,41.065292,18965,17990,23309,20088
VNO PRO,VNO,,10.5,12/13/2024,,,0.28,4.50%,19.7,11.6,14.41,2.81,-5.29,14.87,14.85,-3.08,-2.98,12.51,17.34,10.03,17.34,21.0,14.2,1.69,-3.14,63.29429,38.456083,40.515464,45.891892,-5.5,2.6,67.69821,48.505096,-3.14,4.17,45.328467,53.71134,22641,22759,17165,20855
WAFDP,WAFD,,10,12/27/2024,4/15/2026,,0.3,4.88%,22.2,12.6,16.48,3.95,-5.65,16.5,16.87,0.29,-1.9,15.44,19.75,12.02,19.75,35.0,16.37,0.93,-3.38,43.557833,33.742499,61.408935,49.351351,-5.83,3.77,71.074169,37.90487,-3.38,4.35,48.832117,52.061856,18422,19114,20874,19470
WBS PRF,WBS,,10,12/2/2024,,,0.33,5.25%,24.4,15.52,19.31,3.78,-5.1,19.63,20.32,-1.67,-5.01,18.02,22.54,15.1,22.54,10.0,19.01,0.99,-3.53,55.036603,47.315876,59.75945,51.513514,-5.39,3.49,66.57289,40.441676,-3.53,3.91,51.021898,56.093929,6954,7228,3740,5974
WFC PRA,WFC,,11,11/27/2024,12/15/2025,,0.29,4.70%,21.54,17.53,18.68,1.15,-2.86,19.49,20.35,-4.17,-8.19,18.16,22.21,17.36,22.21,5.0,18.41,0.25,-3.8,69.677892,61.194763,80.103093,55.405405,-3.13,0.88,43.452685,64.088335,-3.8,1.05,54.963504,82.302405,74488,65364,72287,70713
WFC PRC,WFC,,11,11/27/2024,,,0.27,4.38%,20.19,16.05,17.5,1.45,-2.69,18.28,19.19,-4.29,-8.82,16.92,21.18,15.89,21.18,5.0,17.25,0.33,-3.93,70.380673,63.944354,77.90378,57.279279,-2.94,1.2,41.508951,61.189128,-3.93,1.36,56.861314,79.461627,71783,60842,45457,59361
WFC PRD,WFC,,11,11/27/2024,,,0.27,4.25%,19.89,15.56,17.06,1.5,-2.83,17.81,18.7,-4.21,-8.79,16.53,20.8,15.47,20.8,5.0,16.8,0.27,-4.0,69.912152,63.813421,79.553265,58.288288,-3.09,1.24,43.043478,60.826727,-4.0,1.33,57.883212,79.736541,87632,82292,87871,85932
WFC PRY,WFC,,11,11/27/2024,,,0.35,5.63%,25.36,21.19,23.02,1.83,-2.34,23.63,24.08,-2.58,-4.41,22.0,25.36,21.08,25.36,5.0,22.69,0.69,-2.67,60.366032,44.697218,68.006873,39.117117,-2.67,1.5,38.746803,58.471121,-2.67,1.61,38.467153,77.170676,46935,38849,29591,38458
WFC PRZ,WFC,,11,11/27/2024,,,0.3,4.75%,21.8,17.49,18.98,1.49,-2.82,19.78,20.47,-4.04,-7.3,18.45,22.29,17.33,22.29,5.0,18.7,0.25,-3.59,68.916545,57.31042,80.103093,52.378378,-3.1,1.21,43.14578,61.098528,-3.59,1.37,51.89781,79.369989,162798,138047,140938,147261
WRB PRE,WRB,BB,11.5,12/13/2024,,,0.36,5.70%,25.59,21.77,21.67,-0.1,-3.92,22.39,23.79,-3.23,-8.92,20.43,25.62,20.43,25.68,21.0,21.39,0.96,-4.23,64.172767,64.380797,60.584192,61.603604,-4.2,-0.38,54.398977,75.503964,-4.29,0.96,62.116788,83.127148,9073,12399,11435,10969
WRB PRF,WRB,BB,11.5,12/13/2024,,,0.32,5.10%,24.51,18.93,19.4,0.47,-5.11,20.22,21.49,-4.03,-9.72,19.0,24.54,18.79,24.54,21.0,19.15,0.15,-5.39,68.85798,67.87234,82.852234,78.324324,-5.36,0.22,66.265985,70.06795,-5.39,0.36,78.175182,88.62543,19806,22803,18314,20308
WRB PRG,WRB,BB,11.5,12/13/2024,,,0.27,4.25%,21.25,17.35,16.37,-0.98,-4.88,17.24,18.67,-5.07,-12.32,15.95,21.1,15.95,22.29,21.0,16.16,0.21,-4.94,74.948755,79.219858,81.202749,71.837838,-5.09,-1.19,63.503836,82.842582,-6.13,0.21,88.978102,90.0,7005,7621,6995,7207
WRB PRH,WRB,BB,11.5,12/13/2024,,,0.26,4.13%,20.85,15.6,15.97,0.37,-4.88,16.98,18.24,-5.96,-12.44,15.55,21.15,15.4,21.15,21.0,15.77,0.22,-5.38,80.161054,79.74359,80.927835,78.18018,-5.08,0.17,63.401535,70.520951,-5.38,0.37,78.029197,88.533792,11033,11602,16861,13165
