PREF IBKR,PREF YF,CMON,FF-FR_,BOND_,CRDT SCORE_,EX-DIV DATE,CALL DATE,MATUR DATE,DIV AMOUNT,COUPON,Aug2022_Price,Oct19_Price,CMON OUTS SHARES,CMON SECTOR,LAST PRICE,TIME TO DIV,DIV ADJ.PRICE,Unnamed: 18,Unnamed: 19,Unnamed: 20,Unnamed: 21,Last Price,Oct19_diff,Aug2022_diff,SMA88,SMA268,SMA88 chg,SMA268 chg,6M Low,6M High,1Y Low,1Y High,Div adj.price,6M_Low_diff,6M_High_diff,SMA88_chg_norm,SMA268_chg_norm,6M_Low_diff_norm,6M_High_diff_norm,1Y_High_diff,1Y_Low_diff,1Y_High_diff_norm,1Y_Low_diff_norm,ADV_6M,ADV_3M,ADV_15D,AVG_ADV
ABLLL,ABLLL,ABL,,BB,8.0,05/13/2025,2/15/2027,11/15/2028,0.62,9.88%,,,95.62,Insurance,,82.0,,,,,,25.49,,,26.12,26.23,-2.44,-2.86,24.09,38.5,24.09,38.5,25.42,1.33,-13.08,59.818622,56.858662,59.797753,,-13.08,1.33,,80.4,10200,13469,7763,10477
ABR PRD,ABR-D,ABR,,,8.0,06/17/2025,6/2/2026,NONE,0.4,6.38%,21.35,16.6,192.08,Reit,,27.0,,,,,,17.16,0.56,-4.19,17.81,18.37,-3.66,-6.59,16.75,19.98,15.9,19.98,16.88,0.13,-3.1,65.719468,70.079752,81.370787,50.137931,-3.1,0.98,44.694486,82.4,15971,14433,12136,14180
ABR PRE,ABR-E,ABR,,,8.0,06/17/2025,8/11/2026,NONE,0.39,6.25%,21.35,16.6,192.08,Reit,,27.0,,,,,,16.43,-0.17,-4.92,17.43,18.17,-5.72,-9.56,16.42,20.6,16.0,20.94,16.16,-0.26,-4.44,75.683192,80.607,88.382022,68.62069,-4.78,0.16,64.724292,87.085714,7954,9004,11560,9506
ABR PRF,ABR-F,ABR,,,8.0,07/11/2025,10/30/2026,NONE,0.39,6.25%,,,192.08,Reit,,51.0,,,,,,20.6,,,21.71,20.52,-5.12,0.37,18.4,23.3,17.15,23.3,20.43,2.03,-2.87,72.781137,45.409836,47.213483,46.965517,-2.87,3.28,41.95231,69.257143,21631,18065,9363,16353
ACR PRC,ACR-C,ACR,FF,,8.0,07/01/2025,7/30/2024,NONE,0.64,8.63%,,,7.39,Reit,,41.0,,,,,,24.84,,,24.79,24.82,0.22,0.07,22.61,25.53,19.75,25.53,24.49,1.88,-1.04,46.952842,46.473195,49.910112,21.724138,-1.04,4.74,20.134128,60.914286,8410,7710,6361,7494
ACR PRD,ACR-D,ACR,,,8.0,07/01/2025,5/21/2026,NONE,0.49,7.88%,20.5,18.57,7.39,Reit,,41.0,,,,,,20.78,2.21,0.28,21.46,22.1,-3.15,-5.97,18.12,23.64,16.75,24.49,20.51,2.39,-3.13,63.252721,67.882144,40.741573,50.551724,-3.98,3.76,55.186289,66.514286,6469,8111,6213,6931
AGNCL,AGNCL,AGNC,FF,,8.0,07/01/2025,10/15/2027,NONE,0.48,7.75%,,,1020.48,Reit,,41.0,,,,,,25.28,,,24.86,24.56,1.67,2.92,22.84,26.59,19.78,26.59,25.02,2.18,-1.57,39.939541,36.371289,44.516854,29.034483,-1.57,5.24,26.453055,58.057143,16823,15618,8920,13787
AGNCM,AGNCM,AGNC,FF,,8.0,07/01/2025,4/15/2024,NONE,0.56,6.88%,,,1020.48,Reit,,41.0,,,,,,24.71,,,24.92,25.08,-0.85,-1.49,23.01,25.63,20.47,25.85,24.41,1.4,-1.22,52.128174,52.002658,58.539326,24.206897,-1.44,3.94,24.90313,65.485714,14451,15540,7669,12553
AGNCN,AGNCN,AGNC,FF,,8.0,07/01/2025,10/15/2022,NONE,0.61,7.00%,,,1020.48,Reit,,41.0,,,,,,25.68,,,25.67,25.7,0.03,-0.07,23.63,26.59,23.63,26.59,25.35,1.72,-1.24,47.871826,46.969428,52.786517,24.482759,-1.24,1.72,22.518629,78.171429,22620,26489,9252,19454
AGNCO,AGNCO,AGNC,FF,,8.0,07/01/2025,10/15/2024,NONE,0.6,6.50%,,,1020.48,Reit,,41.0,,,,,,25.48,,,25.31,25.15,0.68,1.32,23.68,25.95,20.85,25.95,25.15,1.47,-0.8,44.727932,42.042534,57.280899,18.413793,-0.8,4.3,17.272727,63.428571,34306,32773,21619,29566
AGNCP,AGNCP,AGNC,NFF,,8.0,07/01/2025,4/15/2025,NONE,0.38,6.13%,,,1020.48,Reit,,41.0,,,,,,25.0,,,24.88,24.52,0.5,1.97,23.37,25.48,19.61,25.48,24.79,1.42,-0.69,45.598549,39.738591,58.179775,16.896552,-0.69,5.18,15.961252,58.4,36489,39823,20675,32329
AHL PRF,AHL-F,-,,,10.0,06/12/2025,11/30/2029,NONE,0.61,7.00%,,,-,-,,22.0,,,,,,25.21,,,,,,,21.28,26.21,21.28,26.21,24.75,3.47,-1.46,,,21.325843,27.517241,-1.46,3.47,25.14158,68.171429,33017,20448,14696,22720
ALL PRB,ALL-B,ALL,FF,,12.5,06/27/2025,1/15/2023,1/15/2053,0.48,5.10%,,,264.67,Insurance,,37.0,,,,,,25.72,,,26.0,26.0,-1.09,-1.08,25.01,27.0,25.01,27.0,25.44,0.43,-1.56,53.288996,50.549402,75.977528,28.896552,-1.56,0.43,26.33383,85.542857,27718,31809,31497,30341
ALL PRJ,ALL-J,ALL,,,12.0,06/27/2025,7/15/2028,NONE,0.46,7.38%,,25.29,264.67,Insurance,,37.0,,,,,,26.45,1.16,,26.66,27.01,-0.79,-2.07,25.56,28.22,25.15,28.22,26.18,0.62,-2.04,51.837969,54.058485,72.561798,35.517241,-2.04,1.03,32.056632,82.114286,38350,36839,37136,37442
ALTG PRA,ALTG-A,ALTG,,,8.0,07/11/2025,12/22/2025,NONE,0.63,10.00%,26.75,25.75,33.19,Rental&leasingservices,,51.0,,,,,,24.4,-1.35,-2.35,25.07,25.5,-2.67,-4.33,23.05,26.25,23.05,27.0,24.13,1.08,-2.12,60.931076,62.069118,64.292135,36.62069,-2.87,1.08,41.95231,81.828571,2415,2616,2946,2659
ANG PRB,ANG-B,-,FF,,9.0,05/16/2025,9/1/2025,NONE,0.41,6.63%,,,-,-,,85.0,,,,,,24.9,,,25.11,25.0,-0.82,-0.39,24.55,25.9,22.0,25.9,24.88,0.33,-1.02,51.983071,48.103677,77.775281,21.448276,-1.02,2.88,19.895678,71.542857,42941,60864,46380,50061
ANG PRD,ANG-D,-,,,9.0,06/30/2025,1/15/2030,,0.49,7.38%,,,-,-,,40.0,,,,,,25.61,,,,,,,23.54,26.54,23.54,26.54,25.34,1.8,-1.2,,,51.348315,23.931034,-1.2,1.8,22.041729,77.714286,46621,46621,13809,35683
AOMN,AOMN,AOMR,,BB,8.0,07/14/2025,7/30/2026,7/30/2029,0.59,9.50%,,,23.50,Reit,,54.0,,,,,,24.96,,,,,,,23.6,26.1,23.6,26.1,24.72,1.12,-1.38,,,63.573034,26.413793,-1.38,1.12,24.187779,81.6,8759,7653,6610,7674
APOS,APOS,APO,NFF,,13.0,05/30/2025,12/15/2028,9/15/2053,0.48,7.63%,,,571.72,Assetmanagement,,9.0,,,,,,26.47,,,26.51,26.75,-0.13,-1.06,24.89,27.74,24.89,27.77,26.04,1.15,-1.7,48.645707,50.478511,63.033708,30.827586,-1.73,1.15,28.360656,81.428571,28838,32435,39042,33438
AQNB,AQNB,AQN,FF,,9.0,06/13/2025,7/1/2024,7/1/2079,0.55,6.20%,,,789.65,Utilities,,23.0,,,,,,25.53,,,25.41,25.44,0.49,0.34,24.59,26.5,22.71,26.5,25.12,0.53,-1.38,45.646917,45.516172,74.179775,26.413793,-1.38,2.41,24.187779,74.228571,22389,22614,27813,24272
ARGD,ARGD,-,,BB,9.5,05/30/2025,9/15/2017,9/15/2042,0.41,6.50%,24.35,21.31,-,-,,9.0,,,,,,20.2,-1.11,-4.15,21.08,21.8,-4.18,-7.32,19.19,22.85,19.19,24.24,19.83,0.64,-3.02,68.234583,72.667257,72.202247,49.034483,-4.41,0.64,60.312966,84.342857,8085,7536,7342,7654
ARGO PRA,ARGO-A,-,NFF,,8.5,05/27/2025,9/15/2025,NONE,0.44,7.00%,,,-,-,,6.0,,,,,,25.21,,,25.06,24.89,0.58,1.27,24.27,25.36,20.76,25.49,24.8,0.53,-0.56,45.211608,42.219761,74.179775,15.103448,-0.69,4.04,15.961252,64.914286,17994,18923,15081,17333
ARR PRC,ARR-C,ARR,,,8.0,05/15/2025,1/28/2025,,0.15,7.00%,22.6,18.06,81.90,Reit,,84.0,,,,,,20.6,2.54,-2.0,21.26,21.64,-3.12,-4.79,19.27,23.58,17.85,23.58,20.59,1.32,-2.99,63.107618,63.699601,59.977528,48.62069,-2.99,2.74,43.38301,72.342857,10999,10576,9895,10490
ASBA,ASBA,ASB,NFF,,11.0,05/15/2025,3/1/2028,3/1/2033,0.41,6.63%,,,165.95,Regionalbank,,84.0,,,,,,24.21,,,24.4,24.03,-0.76,0.73,22.99,25.3,18.82,25.3,24.18,1.19,-1.12,51.692866,44.133806,62.314607,22.827586,-1.12,5.36,21.087928,57.371429,18574,16227,14883,16561
ATCO PRD,ATCO-D,-,,,8.0,07/25/2025,1/30/2018,NONE,0.5,7.95%,25.27,23.86,-,-,,65.0,,,,,,25.09,1.23,-0.18,25.06,25.03,0.12,0.23,24.14,25.98,22.0,25.98,24.95,0.81,-1.03,47.436518,45.90607,69.146067,21.586207,-1.03,2.95,20.014903,71.142857,3922,4633,5822,4792
ATCO PRH,ATCO-H,-,,,8.0,07/25/2025,8/11/2021,NONE,0.49,7.88%,24.95,22.38,-,-,,65.0,,,,,,24.97,2.59,0.02,24.87,24.86,0.42,0.46,23.78,25.49,21.28,25.49,24.83,1.05,-0.66,45.98549,45.090829,64.831461,16.482759,-0.66,3.55,15.603577,67.714286,9303,10191,17783,12426
ATCOL,ATCOL,-,,,8.0,07/15/2025,5/13/2023,10/30/2027,0.45,7.13%,,,-,-,,55.0,,,,,,25.06,,,24.94,24.94,0.5,0.46,22.45,25.45,22.45,25.9,24.88,2.43,-0.57,45.598549,45.090829,40.022472,15.241379,-1.02,2.43,19.895678,74.114286,1803,2357,4993,3051
ATH PRA,ATH-A,-,NFF,,11.5,06/13/2025,6/30/2029,NONE,0.4,6.35%,,,-,-,,23.0,,,,,,24.13,,,24.35,24.54,-0.91,-1.66,22.0,25.71,19.81,25.71,23.83,1.83,-1.88,52.41838,52.605228,50.808989,33.310345,-1.88,4.02,30.149031,65.028571,35584,38420,21300,31768
ATH PRC,ATH-C,-,NFF,,11.5,06/13/2025,9/30/2025,NONE,0.4,6.38%,,,-,-,,23.0,,,,,,25.15,,,25.1,25.09,0.22,0.24,24.24,25.46,22.05,25.64,24.85,0.61,-0.61,46.952842,45.870625,72.741573,15.793103,-0.79,2.8,17.153502,72.0,55286,56408,31428,47708
ATH PRE,ATH-E,-,NFF,,11.5,06/13/2025,12/30/2027,NONE,0.48,7.75%,,,-,-,,23.0,,,,,,25.7,,,25.79,26.25,-0.36,-2.1,24.17,27.5,23.61,27.5,25.34,1.17,-2.16,49.758162,54.164821,62.674157,37.172414,-2.16,1.73,33.487332,78.114286,21293,20456,24631,22126
ATHS,ATHS,-,NFF,,12.0,06/12/2025,3/30/2029,3/30/2064,0.45,7.25%,,,-,-,,22.0,,,,,,24.89,,,25.21,25.34,-1.27,-1.78,24.01,26.25,24.01,26.25,24.55,0.54,-1.7,54.159613,53.030572,74.0,30.827586,-1.7,0.54,28.002981,84.914286,47773,47891,23804,39823
ATLCL,ATLCL,ATLC,,,8.0,07/11/2025,10/2/2026,12/31/2026,0.38,6.13%,24.52,21.61,15.11,Creditservices,,51.0,,,,,,24.15,2.54,-0.37,24.05,23.5,0.4,2.78,22.9,24.76,20.62,24.76,23.99,1.09,-0.77,46.082225,36.867523,64.11236,18.0,-0.77,3.37,16.915052,68.742857,5239,6322,8386,6649
ATLCP,ATLCP,ATLC,,,8.0,05/30/2025,6/11/2026,NONE,0.48,7.63%,24.15,20.61,15.11,Creditservices,,9.0,,,,,,23.21,2.6,-0.94,23.24,23.04,-0.14,0.72,21.66,24.5,17.99,24.8,22.78,1.12,-1.72,48.694075,44.169251,63.573034,31.103448,-2.02,4.79,31.818182,60.628571,3966,3787,4386,4046
ATLCZ,ATLCZ,ATLC,,BB,8.0,07/01/2025,1/31/2028,1/31/2029,0.58,9.25%,,,15.11,Creditservices,,41.0,,,,,,25.21,,,24.98,24.97,0.9,0.98,23.4,25.5,23.4,25.5,24.89,1.49,-0.61,43.663845,43.247674,56.921348,15.793103,-0.61,1.49,15.007452,79.485714,27400,22935,14377,21571
AUB PRA,AUB-A,AUB,,,8.0,05/16/2025,9/1/2025,NONE,0.43,6.88%,26.14,19.25,142.37,Regionalbank,,85.0,,,,,,24.45,5.2,-1.69,24.61,24.2,-0.64,1.01,22.86,25.93,19.21,25.93,24.43,1.57,-1.5,51.112455,43.141338,55.483146,28.068966,-1.5,5.22,25.61848,58.171429,13976,11837,10727,12180
BAC PRE,BAC-E,BAC,FLR,,11.0,07/25/2025,11/15/2011,NONE,0.31,4.00%,,,7537.21,Bank,,65.0,,,,,,22.03,,,22.85,23.64,-3.59,-6.82,20.81,25.5,19.52,25.5,21.94,1.13,-3.56,65.380895,70.894993,63.393258,56.482759,-3.56,2.42,50.178838,74.171429,16697,20911,13169,16926
BANC PRF,BANC-F,BANC,NFF,,8.0,05/19/2025,9/1/2027,NONE,0.49,7.75%,,,169.33,Regionalbank,,88.0,,,,,,24.72,,,24.85,24.28,-0.53,1.8,23.39,25.6,20.94,25.6,24.71,1.32,-0.89,50.580411,40.341161,59.977528,19.655172,-0.89,3.77,18.345753,66.457143,51211,38839,23373,37808
BANFP,BANFP,BANF,,TP,8.0,06/27/2025,3/21/2009,3/31/2034,0.45,7.20%,27.53,27.0,33.23,Regionalbank,,37.0,,,,,,26.24,-0.76,-1.29,26.06,25.82,0.68,1.62,25.43,29.45,24.7,29.45,25.97,0.54,-3.48,44.727932,40.979176,74.0,55.37931,-3.48,1.27,49.225037,80.742857,767,550,337,551
BC PRA,BC-A,BC,,BB,11.5,06/29/2025,10/15/2023,10/15/2048,0.4,6.50%,26.22,22.5,65.69,Consumercyclical,,39.0,,,,,,23.15,0.65,-3.07,24.12,24.52,-4.04,-5.58,22.58,25.43,22.09,26.39,22.92,0.34,-2.51,67.557437,66.499778,77.595506,42.0,-3.47,0.83,49.105812,83.257143,7666,7838,11216,8907
BC PRC,BC-C,BC,,BB,11.5,06/29/2025,4/15/2024,4/15/2049,0.39,6.38%,25.99,22.33,65.69,Consumercyclical,,39.0,,,,,,22.88,0.55,-3.11,23.83,24.4,-4.0,-6.22,22.0,25.5,21.76,25.99,22.66,0.66,-2.84,67.363966,68.768276,71.842697,46.551724,-3.33,0.9,47.436662,82.857143,12433,13734,18951,15039
BK PRK,BK-K,BK,NFF,,12.5,06/05/2025,3/20/2030,NONE,0.41,6.15%,,,715.58,Bank,,15.0,,,,,,25.51,,,,,,,24.54,25.83,24.54,25.83,25.17,0.63,-0.66,,,72.382022,16.482759,-0.66,0.63,15.603577,84.4,277559,277559,98673,217930
BML PRG,BML-G,BAC,FLR,,11.0,05/15/2025,11/28/2009,NONE,0.33,3.00%,,,7537.21,Bank,,84.0,,,,,,20.75,,,22.22,22.52,-6.62,-7.86,20.25,23.5,19.49,23.68,20.73,0.48,-2.77,80.036276,74.581303,75.078652,45.586207,-2.95,1.24,42.90611,80.914286,5942,4098,2465,4168
BML PRH,BML-H,BAC,FLR,,11.0,05/15/2025,11/28/2009,NONE,0.32,3.00%,,,7537.21,Bank,,84.0,,,,,,20.8,,,22.13,22.37,-6.01,-7.0,20.09,23.45,18.95,23.45,20.78,0.69,-2.67,77.085852,71.533008,71.303371,44.206897,-2.67,1.83,39.567809,77.542857,15116,14791,13684,14530
BML PRJ,BML-J,BAC,FLR,,11.0,05/15/2025,11/21/2010,NONE,0.33,4.00%,,,7537.21,Bank,,84.0,,,,,,22.05,,,22.91,23.2,-3.75,-4.95,20.7,24.69,20.0,24.69,22.03,1.33,-2.66,66.154776,64.266726,59.797753,44.068966,-2.66,2.03,39.448584,76.4,17375,18180,14003,16520
BML PRL,BML-L,BAC,FLR,,11.0,07/01/2025,5/21/2010,NONE,0.32,4.00%,,,7537.21,Bank,,41.0,,,,,,21.06,,,22.65,23.02,-7.01,-8.52,19.8,24.77,19.31,24.77,20.89,1.09,-3.88,81.922612,76.920691,64.11236,60.896552,-3.88,1.58,53.994039,78.971429,21954,18337,13940,18077
BOH PRB,BOH-B,BOH,,,9.5,07/14/2025,8/1/2029,NONE,0.5,8.00%,,,39.66,Regionalbank,,54.0,,,,,,25.62,,,,,,,24.81,27.13,24.81,27.13,25.42,0.61,-1.71,,,72.741573,30.965517,-1.71,0.61,28.122206,84.514286,20907,22552,17952,20471
BPOPM,BPOPM,BPOP,,TP,7.0,05/15/2025,12/1/2009,12/1/2034,0.13,6.13%,27.2,24.51,69.37,Regionalbank,,84.0,,,,,,25.6,1.08,-1.61,25.52,25.52,0.29,0.28,24.89,26.11,24.38,26.25,25.58,0.69,-0.53,46.614268,45.728844,71.303371,14.689655,-0.67,1.2,15.722802,81.142857,1743,1959,805,1502
C PRN,C-N,C,,,10.0,07/25/2025,10/30/2015,10/30/2040,0.68,7.88%,,,1868.19,Bank,,65.0,,,,,,29.9,,,30.15,29.94,-0.83,-0.13,29.11,31.34,27.82,31.34,29.71,0.6,-1.63,52.031439,47.1821,72.921348,29.862069,-1.63,1.89,27.168405,77.2,95421,98494,87344,93753
CCIA,CCIA,CCIF,,Term,8.0,05/19/2025,10/31/2025,10/31/2028,0.18,8.75%,,,15.39,Cef,,88.0,,,,,,25.49,,,25.82,25.81,-1.29,-1.24,25.0,27.79,24.1,27.79,25.49,0.49,-2.3,54.256348,51.116526,74.898876,39.103448,-2.3,1.39,35.156483,80.057143,3807,4939,6088,4945
CFG PRH,CFG-H,CFG,,,10.5,06/20/2025,7/6/2029,NONE,0.46,7.38%,,,433.40,Regionalbank,,30.0,,,,,,26.37,,,,,,,24.95,27.69,24.95,27.69,26.06,1.11,-1.63,,,63.752809,29.862069,-1.63,1.11,27.168405,81.657143,32149,25556,30566,29424
CGBDL,CGBDL,CGBD,,,8.0,05/15/2025,,,0.51,,,,72.90,Assetmanagement,,84.0,,,,,,25.28,,,25.73,25.66,-1.74,-1.49,25.05,26.66,25.05,26.66,25.25,0.2,-1.41,56.43289,52.002658,80.11236,26.827586,-1.41,0.2,24.545455,86.857143,8504,9765,6241,8170
CHMI PRA,CHMI-A,CHMI,,,8.0,06/27/2025,8/17/2022,NONE,0.51,8.20%,22.65,19.6,32.66,Reit,,37.0,,,,,,21.26,1.66,-1.39,21.84,22.73,-2.66,-6.46,19.2,24.4,17.75,25.0,20.96,1.76,-3.44,60.882709,69.618963,52.067416,54.827586,-4.04,3.21,55.901639,69.657143,2838,2609,1750,2399
CHMI PRB,CHMI-B,CHMI,FF,,8.0,06/27/2025,4/5/2024,NONE,0.64,8.25%,,,32.66,Reit,,37.0,,,,,,24.23,,,24.15,24.63,0.31,-1.62,22.23,25.38,20.2,25.6,23.85,1.62,-1.53,46.517533,52.463447,54.58427,28.482759,-1.75,3.65,28.599106,67.142857,4746,3807,1934,3496
CHSCL,CHSCL,-,,,8.0,06/13/2025,1/21/2025,NONE,0.47,7.50%,27.3,25.07,-,-,,23.0,,,,,,26.03,0.96,-1.27,25.77,25.87,1.0,0.6,25.31,26.42,24.92,26.75,25.68,0.37,-0.74,43.180169,44.594595,77.05618,17.586207,-1.07,0.76,20.491803,83.657143,23408,24464,14431,20768
CHSCM,CHSCM,-,,,8.0,06/13/2025,9/30/2024,NONE,0.42,6.75%,26.4,24.05,-,-,,23.0,,,,,,24.9,0.85,-1.5,24.89,25.17,0.04,-1.06,23.8,26.19,23.51,26.19,24.59,0.79,-1.6,47.823458,50.478511,69.505618,29.448276,-1.6,1.08,26.81073,81.828571,18296,18651,14023,16990
CHSCN,CHSCN,-,,,8.0,06/13/2025,3/31/2024,NONE,0.44,7.10%,26.3,24.62,-,-,,23.0,,,,,,25.52,0.9,-0.78,25.33,25.59,0.76,-0.27,24.48,26.59,24.41,26.9,25.19,0.71,-1.4,44.340992,47.678334,70.94382,26.689655,-1.71,0.78,28.122206,83.542857,13343,13795,11246,12795
CHSCO,CHSCO,-,,,8.0,06/13/2025,9/26/2023,NONE,0.49,7.88%,28.31,25.64,-,-,,23.0,,,,,,26.28,0.65,-2.02,26.41,26.7,-0.47,-1.52,25.6,27.44,25.46,27.73,25.93,0.33,-1.51,50.290206,52.108994,77.775281,28.206897,-1.8,0.47,29.195231,85.314286,15863,18969,10987,15273
CICB,CICB,CION,,,8.0,06/12/2025,12/30/2026,12/30/2029,0.47,7.50%,,,52.69,Assetmanagement,,22.0,,,,,,24.86,,,,,,,24.32,163.1,24.32,163.1,24.5,0.18,-138.6,,,80.47191,,-138.6,0.18,,86.971429,18921,13487,6502,12970
CIM PRB,CIM-B,CIM,FF,,8.0,06/02/2025,3/30/2024,NONE,0.65,8.00%,,,80.92,Reit,,12.0,,,,,,25.06,,,24.47,24.76,2.41,1.2,21.6,25.59,18.83,25.59,24.5,2.9,-1.09,36.360339,42.467878,31.573034,22.413793,-1.09,5.67,20.730253,55.6,26600,32643,28683,29309
CIM PRC,CIM-C,CIM,NFF,,8.0,06/02/2025,9/30/2025,NONE,0.48,7.75%,,,80.92,Reit,,12.0,,,,,,22.88,,,22.86,22.75,0.11,0.56,20.26,24.6,17.11,24.6,22.46,2.2,-2.14,47.484885,44.736376,44.157303,36.896552,-2.14,5.35,33.248882,57.428571,18821,17160,12155,16045
CIM PRD,CIM-D,CIM,FF,,8.0,06/02/2025,3/30/2024,NONE,0.64,8.00%,,,80.92,Reit,,12.0,,,,,,24.85,,,24.23,24.49,2.54,1.48,20.77,25.21,18.76,25.25,24.3,3.53,-0.91,35.73156,41.47541,20.247191,19.931034,-0.95,5.54,19.061103,56.342857,22182,18891,20276,20450
CIMN,CIMN,CIM,,BB,8.0,07/30/2025,5/15/2026,5/15/2029,0.56,9.00%,,,80.92,Reit,,70.0,,,,,,24.65,,,,,,,23.62,25.85,23.62,25.85,24.53,0.91,-1.32,,,67.348315,25.586207,-1.32,0.91,23.472429,82.8,10965,10087,9418,10157
CIMO,CIMO,CIM,,,8.0,07/30/2025,8/15/2026,8/15/2029,0.58,9.25%,,,80.92,Reit,,70.0,,,,,,25.09,,,,,,,24.12,26.25,24.12,26.25,24.96,0.84,-1.29,,,68.606742,25.172414,-1.29,0.84,23.114754,83.2,16467,13147,8409,12674
CMRE PRB,CMRE-B,CMRE,,,8.0,07/10/2025,8/6/2018,NONE,0.48,7.63%,25.18,24.82,119.96,Marineshipping,,50.0,,,,,,24.97,0.15,-0.21,25.45,25.69,-1.89,-2.81,24.02,26.34,22.13,28.16,24.76,0.74,-1.58,57.158404,56.681436,70.404494,29.172414,-3.4,2.63,48.271237,72.971429,1565,2224,3090,2293
CMRE PRC,CMRE-C,CMRE,,,8.0,07/10/2025,1/21/2019,NONE,0.53,8.50%,25.32,25.17,119.96,Marineshipping,,50.0,,,,,,25.5,0.33,0.18,25.98,26.09,-1.84,-2.27,25.05,27.19,23.61,27.19,25.26,0.21,-1.93,56.916566,54.76739,79.932584,34.0,-1.93,1.65,30.745156,78.571429,3258,3984,5382,4208
CMRE PRD,CMRE-D,CMRE,,,8.0,07/10/2025,5/13/2020,NONE,0.55,8.75%,25.83,25.07,119.96,Marineshipping,,50.0,,,,,,26.2,1.13,0.37,26.32,26.29,-0.44,-0.35,24.54,27.29,24.54,27.29,25.96,1.42,-1.33,50.145103,47.961896,58.179775,25.724138,-1.33,1.42,23.591654,79.885714,3181,3231,2365,2925
CNOBP,CNOBP,CNOB,NFF,,8.0,05/15/2025,9/1/2026,NONE,0.33,5.25%,,,38.47,Regionalbank,,84.0,,,,,,22.45,,,22.63,21.51,-0.78,4.37,20.29,23.42,14.63,23.42,22.43,2.14,-0.99,51.789601,31.231724,45.235955,21.034483,-0.99,7.8,19.538003,43.428571,5264,6300,13225,8263
CODI PRA,CODI-A,CODI,,,8.0,06/17/2025,7/30/2022,NONE,0.45,7.25%,25.08,22.03,75.24,Conglomerates,,27.0,,,,,,12.99,-9.04,-12.09,21.97,23.44,-40.88,-44.59,12.85,25.11,12.85,26.06,12.68,-0.17,-12.43,,,86.764045,,-13.38,-0.17,,88.971429,10310,11412,27134,16285
CODI PRB,CODI-B,CODI,,FF,8.0,06/17/2025,4/30/2028,NONE,0.49,7.88%,26.85,23.5,75.24,Conglomerates,,27.0,,,,,,15.22,-8.28,-11.63,22.4,23.79,-32.07,-36.02,15.15,25.08,15.15,26.5,14.88,-0.27,-10.2,,,88.561798,,-11.62,-0.27,,89.542857,40547,49132,73827,54502
CODI PRC,CODI-C,CODI,,,8.0,06/17/2025,1/30/2025,NONE,0.49,7.88%,25.79,23.89,75.24,Conglomerates,,27.0,,,,,,,-8.76,-10.66,22.55,23.84,-32.9,-36.54,15.13,25.18,15.13,25.91,14.79,-0.34,-10.39,,,89.820225,,-11.12,-0.34,,89.942857,39463,47044,73125,53211
CRBD,CRBD,CRBG,,,11.0,05/30/2025,12/15/2029,12/15/2064,0.4,6.38%,,,550.13,Assetmanagement,,9.0,,,,,,,,,,,,,19.76,31.75,19.76,31.75,23.44,3.68,-8.31,,,17.550562,,-8.31,3.68,,66.971429,115508,64239,45144,74963
CSWCZ,CSWCZ,CSWC,,BB,8.0,07/15/2025,8/1/2025,8/1/2028,0.48,7.75%,,25.05,50.37,Assetmanagement,,55.0,,,,,,,0.45,,25.58,25.73,-0.31,-0.88,25.03,26.25,24.79,26.48,25.31,0.28,-0.94,49.516324,49.840496,78.674157,20.344828,-1.17,0.52,21.684054,85.028571,3627,3876,3309,3604
CUBI PRE,CUBI-E,CUBI,FF,,8.0,05/30/2025,6/15/2021,NONE,0.61,6.45%,,,31.54,Regionalbank,,9.0,,,,,,,,,25.74,25.64,-0.57,-0.19,24.38,26.44,22.04,26.44,25.04,0.66,-1.4,50.773881,47.394772,71.842697,26.689655,-1.4,3.0,24.42623,70.857143,4040,4828,9785,6218
CUBI PRF,CUBI-F,CUBI,FF,,8.0,05/30/2025,12/14/2021,NONE,0.59,6.00%,,,31.54,Regionalbank,,9.0,,,,,,,,,25.44,25.39,1.24,1.44,23.9,25.99,21.0,25.99,25.23,1.33,-0.76,42.019347,41.617191,59.797753,17.862069,-0.76,4.23,16.795827,63.828571,4390,4537,4138,4355
DBRG PRH,DBRG-H,DBRG,,,8.0,07/10/2025,4/15/2020,NONE,0.45,7.13%,24.5,21.28,176.33,Assetmanagement,,50.0,,,,,,,1.02,-2.2,23.55,23.9,-5.29,-6.69,20.74,25.8,17.91,25.8,22.1,1.36,-3.7,73.603386,70.434205,59.258427,58.413793,-3.7,4.19,51.847988,64.057143,10678,12224,34711,19204
DBRG PRI,DBRG-I,DBRG,,,8.0,07/10/2025,6/5/2022,NONE,0.45,7.15%,24.3,20.8,176.33,Assetmanagement,,50.0,,,,,,,1.56,-1.94,23.54,23.91,-5.01,-6.47,21.01,25.86,17.82,25.86,22.16,1.15,-3.7,72.249093,69.654409,63.033708,58.413793,-3.7,4.34,51.847988,63.2,15487,19657,45049,26731
DBRG PRJ,DBRG-J,DBRG,,,8.0,07/10/2025,9/22/2022,NONE,0.45,7.13%,24.72,21.0,176.33,Assetmanagement,,50.0,,,,,,,1.35,-2.37,23.42,23.78,-4.56,-5.99,20.47,25.66,17.64,25.66,22.15,1.68,-3.51,70.072551,67.953035,53.505618,55.793103,-3.51,4.51,49.582712,62.228571,17345,20907,58600,32284
DCOMG,DCOMG,DCOM,NFF,,10.0,06/30/2025,7/15/2029,7/15/2034,0.56,9.00%,,,43.64,Regionalbank,,40.0,,,,,,,,,,,,,24.25,27.64,24.25,27.64,26.09,1.84,-1.55,,,50.629213,28.758621,-1.55,1.84,26.214605,77.485714,7146,8363,13947,9819
DDT,DDT,DDS,,TP,10.5,07/11/2025,8/12/2003,8/1/2038,0.47,7.50%,27.0,25.4,15.68,Departmentstores,,51.0,,,,,,,0.67,-0.93,25.9,25.87,0.66,0.78,24.39,26.55,24.39,26.59,25.87,1.48,-0.68,44.824667,43.95658,57.101124,16.758621,-0.72,1.48,16.318927,79.542857,7158,8693,7557,7803
DRH PRA,DRH-A,DRH,,,8.0,06/20/2025,8/31/2025,NONE,0.52,8.25%,27.0,24.87,205.53,Reit,,30.0,,,,,,,0.26,-1.87,25.09,25.39,0.15,-1.03,23.51,26.26,23.51,27.54,24.78,1.27,-1.48,47.291415,50.372175,60.876404,27.793103,-2.76,1.27,40.640835,80.742857,9405,10726,5032,8387
DSX PRB,DSX-B,DSX,,,8.0,07/10/2025,3/14/2019,NONE,0.56,8.88%,25.8,25.16,115.77,Marineshipping,,50.0,,,,,,,1.29,0.65,26.15,26.27,1.15,0.7,23.88,27.75,23.88,27.75,26.2,2.32,-1.55,42.454655,44.240142,42.0,28.758621,-1.55,2.32,26.214605,74.742857,1742,1908,1973,1874
DX PRC,DX-C,DX,NFF,,8.0,06/27/2025,4/25/2025,NONE,0.43,6.90%,,,107.00,Reit,,37.0,,,,,,,,,25.38,25.14,0.41,1.37,24.56,25.74,21.12,25.74,25.23,0.67,-0.51,46.033857,41.865308,71.662921,14.413793,-0.51,4.11,13.815201,64.514286,10410,14180,10069,11553
ECC PRD,ECC-D,ECC,,,8.0,05/12/2025,11/29/2026,NONE,0.14,6.75%,23.19,19.6,120.18,Cef,,81.0,,,,,,,-0.84,-4.43,19.54,19.61,-3.99,-4.34,18.08,20.42,18.08,21.45,18.75,0.67,-1.67,67.315599,62.104564,71.662921,30.413793,-2.7,0.67,39.925484,84.171429,33167,18906,18213,23429
ECCC,ECCC,ECC,,,8.0,05/12/2025,6/16/2024,6/30/2031,0.14,6.50%,24.15,20.52,120.18,Cef,,81.0,,,,,,,1.81,-1.82,22.84,22.86,-2.25,-2.34,21.87,24.89,20.24,24.89,22.32,0.45,-2.57,58.899637,55.015507,75.617978,42.827586,-2.57,2.08,38.375559,76.114286,3347,3567,5667,4194
ECCF,ECCF,ECC,,Term,8.0,05/12/2025,1/18/2026,1/31/2029,0.17,8.00%,,,120.18,Cef,,81.0,,,,,,,,,24.91,24.92,0.03,0.02,24.03,25.55,24.03,25.55,24.9,0.87,-0.65,47.871826,46.650421,68.067416,16.344828,-0.65,0.87,15.484352,83.028571,6188,4737,3278,4734
ECCU,ECCU,ECC,,,8.0,05/12/2025,6/30/2027,4/30/2030,0.15,7.75%,,,120.18,Cef,,81.0,,,,,,,,,,,,,23.89,25.45,23.89,25.45,24.59,0.7,-0.86,,,71.123596,19.241379,-0.86,0.7,17.988077,84.0,19609,21296,17090,19332
ECCV,ECCV,ECC,,BB,8.0,06/13/2025,1/31/2025,1/31/2029,0.34,5.38%,22.84,21.11,120.18,Cef,,23.0,,,,,,,1.88,0.15,22.91,22.84,0.35,0.64,21.94,23.53,21.03,23.53,22.74,0.8,-0.79,46.324063,44.452813,69.325843,18.275862,-0.79,1.71,17.153502,78.228571,3414,3690,2364,3156
ECCW,ECCW,ECC,,BB,8.0,06/13/2025,3/29/2024,3/31/2031,0.42,6.75%,24.5,21.9,120.18,Cef,,23.0,,,,,,,1.42,-1.18,23.67,24.17,-1.49,-3.5,22.28,25.21,21.44,25.21,23.01,0.73,-2.2,55.2237,59.12716,70.58427,37.724138,-2.2,1.57,33.964232,79.028571,2376,2998,6908,4094
ECCX,ECCX,ECC,,BB,8.0,06/12/2025,4/30/2021,4/30/2028,0.42,6.69%,24.91,23.24,120.18,Cef,,22.0,,,,,,,1.37,-0.3,24.8,24.69,-0.77,-0.34,23.85,26.95,22.7,26.95,24.29,0.44,-2.66,51.741233,47.926451,75.797753,44.068966,-2.66,1.59,39.448584,78.914286,2916,3389,2354,2886
EFC PRA,EFC-A,EFC,FF,,8.0,06/27/2025,10/30/2024,NONE,0.61,6.75%,,,94.36,Reit,,37.0,,,,,,,,,24.99,24.91,0.18,0.53,21.5,25.54,20.06,25.54,24.68,3.18,-0.86,47.146312,44.842712,26.539326,19.241379,-0.86,4.62,17.988077,61.6,12429,13913,5136,10493
EFC PRB,EFC-B,EFC,NFF,,8.0,06/27/2025,1/30/2027,NONE,0.39,6.25%,,,94.36,Reit,,37.0,,,,,,,,,22.83,22.26,0.33,2.87,20.29,23.75,18.24,23.75,22.67,2.38,-1.08,46.420798,36.548516,40.921348,22.275862,-1.08,4.43,20.611028,62.685714,5716,5690,3505,4970
EFC PRC,EFC-C,EFC,NFF,,8.0,06/27/2025,4/30/2028,,0.54,8.63%,,,94.36,Reit,,37.0,,,,,,,,,24.99,24.95,0.83,1.01,22.68,26.25,20.95,26.25,24.88,2.2,-1.37,44.002418,43.141338,44.157303,26.275862,-1.37,3.93,24.068554,65.542857,2019,2215,1225,1820
EFC PRD,EFC-D,EFC,,,8.0,06/18/2025,5/12/2022,NONE,0.44,7.00%,,,94.36,Reit,,28.0,,,,,,,,,23.32,22.91,-1.36,0.39,21.25,27.0,20.24,27.0,22.7,1.45,-4.3,54.594921,45.338946,57.640449,66.689655,-4.3,2.46,59.00149,73.942857,826,923,641,797
EICA,EICA,EIC,,Term,8.0,05/12/2025,10/31/2023,10/30/2026,0.1,5.00%,23.25,22.68,21.14,Cef,,81.0,,,,,,,1.5,0.93,24.15,23.78,0.13,1.7,23.51,24.6,22.29,24.6,24.17,0.66,-0.43,47.38815,40.695614,71.842697,13.310345,-0.43,1.88,12.861401,77.257143,3271,4304,5437,4337
EICB,EICB,EIC,,Term,8.0,05/12/2025,7/31/2025,7/31/2028,0.16,7.75%,,24.42,21.14,Cef,,81.0,,,,,,,0.47,,24.9,24.9,-0.04,-0.04,23.63,25.46,23.63,25.5,24.87,1.24,-0.59,48.210399,46.863093,61.41573,15.517241,-0.63,1.24,15.245902,80.914286,5828,6530,4925,5761
EICC,EICC,EIC,,Term,8.0,05/12/2025,4/3/2026,4/30/2029,0.17,8.00%,,,21.14,Cef,,81.0,,,,,,,,,25.01,25.02,-0.25,-0.27,23.75,25.25,23.75,25.45,24.93,1.18,-0.32,49.226119,47.678334,62.494382,11.793103,-0.52,1.18,13.934426,81.257143,17522,21665,18541,19243
EIIA,EIIA,-,,,9.0,05/12/2025,10/31/2026,10/31/2029,0.17,8.13%,,,-,-,,81.0,,,,,,,,,,,,,24.37,25.37,24.37,25.37,24.67,0.3,-0.7,,,78.314607,17.034483,-0.7,0.3,16.080477,86.285714,9759,8065,8891,8905
ESGRO,ESGRO,-,,,9.0,05/15/2025,3/1/2024,NONE,0.44,7.00%,25.62,22.5,-,-,,84.0,,,,,,,-2.35,-5.47,20.3,21.41,-0.76,-5.91,18.9,21.3,18.59,25.47,20.12,1.22,-1.18,51.692866,67.669473,61.775281,23.655172,-5.35,1.53,71.520119,79.257143,14058,9478,8718,10751
ESGRP,ESGRP,-,,,8.0,05/15/2025,9/1/2028,NONE,0.44,7.00%,25.18,22.44,-,-,,84.0,,,,,,,-1.35,-4.09,20.72,21.67,1.78,-2.67,18.52,21.94,18.52,26.12,21.06,2.54,-0.88,39.407497,56.185202,38.044944,19.517241,-5.06,2.54,68.062593,73.485714,43130,19856,8824,23937
ET PRI,ET-I,ETR,,,9.0,08/01/2025,Never,Never,0.21,9.25%,,,430.81,Utilities,,72.0,,,,,,,,,11.64,11.57,-1.16,-0.63,10.5,12.19,9.28,12.19,11.46,0.96,-0.73,53.62757,48.954364,66.449438,17.448276,-0.73,2.18,16.438152,75.542857,64279,74386,42795,60487
F PRD,F-D,F,,BB,8.0,04/30/2025,8/15/2027,8/15/2062,0.4,6.50%,,20.79,3980.84,Automanufacturers,,69.0,,,,,,21.57,0.78,,23.17,24.5,-6.91,-11.97,20.85,26.06,20.1,26.19,21.48,0.63,-4.58,81.438936,89.149313,72.382022,70.551724,-4.71,1.38,63.889717,80.114286,41985,54825,58522,51777
FCRX,FCRX,CCAP,,BB,11.0,05/30/2025,5/25/2023,5/25/2026,0.31,5.00%,,23.25,37.06,Assetmanagement,,9.0,,,,,,24.9,1.65,,24.7,24.45,0.79,1.86,23.91,25.0,22.5,25.0,24.62,0.71,-0.38,44.195889,40.128489,70.94382,12.62069,-0.38,2.12,12.265276,75.885714,5873,9533,6865,7424
FGN,FGN,FG,,BB,8.5,05/30/2025,12/15/2028,12/15/2053,0.5,7.95%,,,134.94,Insurance,,9.0,,,,,,25.87,,,25.95,26.31,-0.29,-1.66,24.21,27.65,24.21,27.65,25.42,1.21,-2.23,49.419589,52.605228,61.955056,38.137931,-2.23,1.21,34.321908,81.085714,15773,14657,10612,13681
FGSN,FGSN,FG,,,8.5,07/01/2025,1/15/2030,1/15/2065,0.46,7.30%,,,134.94,Insurance,,41.0,,,,,,23.59,,,,,,,20.51,25.02,20.51,25.02,23.34,2.83,-1.68,,,32.831461,30.551724,-1.68,2.83,27.764531,71.828571,24907,24907,17431,22415
FHN PRB,FHN-B,FHN,NFF,,8.5,07/17/2025,8/1/2025,NONE,0.42,6.63%,,,506.74,Regionalbank,,57.0,,,,,,25.34,,,25.09,25.03,0.99,1.24,24.37,25.7,20.1,25.77,25.19,0.82,-0.51,43.228537,42.326097,68.966292,14.413793,-0.58,5.09,14.649776,58.914286,6609,5376,3615,5200
FHN PRC,FHN-C,FHN,NFF,,8.5,07/17/2025,5/1/2026,NONE,0.41,6.60%,,,506.74,Regionalbank,,57.0,,,,,,25.0,,,25.12,25.0,-0.49,0.02,23.95,25.75,19.11,25.77,24.85,0.9,-0.9,50.386941,46.650421,67.52809,19.793103,-0.92,5.74,18.703428,55.2,2439,1968,1961,2122
FHN PRE,FHN-E,FHN,,,10.5,06/25/2025,10/10/2025,NONE,0.41,6.50%,,,506.74,Regionalbank,,35.0,,,,,,23.85,,,24.25,24.21,-1.64,-1.47,22.77,25.71,18.19,25.71,23.6,0.83,-2.11,55.949214,51.931768,68.786517,36.482759,-2.11,5.41,32.891207,57.085714,7869,8616,7523,8003
FITBI,FITBI,FITB,,,8.5,06/26/2025,12/31/2023,NONE,0.52,6.63%,,,667.97,Regionalbank,,36.0,,,,,,25.49,,,25.65,25.69,-0.62,-0.77,24.75,26.25,24.11,26.25,25.18,0.43,-1.07,51.015719,49.450598,75.977528,22.137931,-1.07,1.07,20.491803,81.885714,29734,34511,24441,29562
FLG PRA,FLG-A,FLG,,,8.0,06/06/2025,6/17/2027,NONE,0.4,6.38%,,,415.83,Regionalbank,,16.0,,,,,,22.47,,,22.4,20.76,0.35,8.29,19.69,24.15,8.5,24.15,22.15,2.46,-2.0,46.324063,17.337173,39.483146,34.965517,-2.0,13.65,31.579732,10.0,36632,36449,29862,34314
FRMEP,FRMEP,FRME,,,8.0,07/28/2025,8/15/2025,NONE,0.47,7.50%,26.0,23.23,58.20,Regionalbank,,68.0,,,,,,25.5,2.27,-0.5,25.37,25.39,0.52,0.45,23.38,25.9,22.79,26.43,25.39,2.01,-0.51,45.501814,45.126274,47.573034,14.413793,-1.04,2.6,20.134128,73.142857,781,999,493,757
GAINI,GAINI,GAIN,,,8.0,07/14/2025,2/1/2027,2/1/2030,0.49,7.88%,,,36.84,Assetmanagement,,54.0,,,,,,25.32,,,,,,,24.6,25.53,24.6,25.53,25.12,0.52,-0.41,,,74.359551,13.034483,-0.41,0.52,12.622951,85.028571,27646,26096,10116,21286
GAINL,GAINL,GAIN,,BB,8.0,07/15/2025,8/1/2025,8/1/2028,0.5,8.00%,,25.07,36.84,Assetmanagement,,55.0,,,,,,25.46,0.39,,25.69,25.75,-0.9,-1.13,25.27,26.66,24.7,27.13,25.27,0.0,-1.39,52.370012,50.726628,83.707865,26.551724,-1.86,0.57,29.910581,84.742857,3410,3359,1848,2872
GAINN,GAINN,GAIN,,BB,8.0,07/11/2025,5/1/2023,5/1/2026,0.31,5.00%,23.85,23.23,36.84,Assetmanagement,,51.0,,,,,,24.97,1.74,1.12,24.81,24.55,0.63,1.71,24.2,25.28,23.0,25.28,24.84,0.64,-0.44,44.96977,40.660168,72.202247,13.448276,-0.44,1.84,12.980626,77.485714,7613,6791,2192,5532
GAINZ,GAINZ,GAIN,,BB,8.0,07/11/2025,11/1/2023,11/1/2028,0.31,4.75%,23.45,21.85,36.84,Assetmanagement,,51.0,,,,,,23.1,1.25,-0.35,23.11,23.18,-0.04,-0.36,22.21,24.16,21.38,24.76,22.97,0.76,-1.19,48.210399,47.997342,70.044944,23.793103,-1.79,1.59,29.076006,78.914286,3336,3788,2602,3242
GAM PRB,GAM-B,GAM,,,8.0,06/09/2025,9/24/2008,NONE,0.37,5.95%,26.21,24.28,27.06,Cef,,19.0,,,,,,24.99,0.71,-1.22,24.97,25.18,0.07,-0.76,24.55,26.24,23.74,26.24,24.7,0.15,-1.54,47.678356,49.415153,81.011236,28.62069,-1.54,0.96,26.09538,82.514286,8381,10788,5647,8272
GECCH,GECCH,GECC,,BB,8.0,06/13/2025,12/30/2026,12/31/2029,0.5,8.13%,,,11.54,Assetmanagement,,23.0,,,,,,25.2,,,,,,,24.38,25.44,24.38,25.44,24.83,0.45,-0.61,,,75.617978,15.793103,-0.61,0.45,15.007452,85.428571,6382,5361,2288,4677
GECCI,GECCI,GECC,,,8.0,06/13/2025,4/30/2026,4/30/2029,0.53,8.50%,,,11.54,Assetmanagement,,23.0,,,,,,25.14,,,25.17,25.19,-0.12,-0.19,24.75,25.7,24.67,25.7,24.75,0.0,-0.95,48.59734,47.394772,83.707865,20.482759,-0.95,0.08,19.061103,87.542857,1284,1414,529,1076
GECCO,GECCO,GECC,,BB,8.0,06/13/2025,6/30/2023,6/30/2026,0.36,5.88%,24.75,24.05,11.54,Assetmanagement,,23.0,,,,,,25.06,1.01,0.31,25.13,24.83,-0.29,0.91,24.26,26.55,23.0,26.55,24.79,0.53,-1.76,49.419589,43.495791,74.179775,31.655172,-1.76,1.79,28.718331,77.771429,1192,1429,561,1060
GECCZ,GECCZ,GECC,,BB,8.0,06/13/2025,9/30/2025,9/30/2028,0.54,8.75%,,24.64,11.54,Assetmanagement,,,,,,,,25.4,,,,,,,,,,,25.4,,,,,,,,,,,,1774,1018,1396
GLADZ,GLADZ,GLAD,,BB,8.0,05/15/2025,9/1/2025,9/1/2028,0.48,7.75%,,25.02,22.33,Cef,,84.0,,,,,,25.45,0.43,,25.54,25.45,-0.34,0.02,24.97,25.98,24.45,25.98,25.42,0.45,-0.56,49.661427,46.650421,75.617978,15.103448,-0.56,0.97,14.411326,82.457143,4332,4799,3184,4105
GMRE PRA,GMRE-A,GMRE,,,8.0,07/11/2025,9/15/2022,NONE,0.47,7.50%,25.54,24.46,66.88,Reit,,51.0,,,,,,24.91,0.45,-0.63,25.06,25.1,-0.6,-0.74,23.38,26.26,23.32,26.26,24.71,1.33,-1.55,50.918984,49.344262,59.797753,28.758621,-1.55,1.39,26.214605,80.057143,4467,3652,2610,3576
GNL PRA,GNL-A,GNL,,,8.0,07/02/2025,9/12/2022,NONE,0.45,7.25%,25.75,16.96,229.01,Reit,,42.0,,,,,,,5.7,-3.09,22.1,21.92,2.54,3.37,19.36,23.77,16.42,23.77,22.42,3.06,-1.35,35.73156,34.776252,28.696629,26.0,-1.35,6.0,23.830104,53.714286,10267,7309,5450,7675
GNL PRB,GNL-B,GNL,,,8.0,07/02/2025,11/26/2024,NONE,0.43,6.88%,26.04,16.01,229.01,Reit,,42.0,,,,,,,5.41,-4.62,21.0,21.05,2.0,1.74,18.68,24.21,15.61,24.21,21.19,2.51,-3.02,38.34341,40.553833,38.58427,49.034483,-3.02,5.58,43.740686,56.114286,7356,7372,3909,6213
GNL PRD,GNL-D,GNL,,,8.0,07/03/2025,3/26/2024,NONE,0.47,7.50%,,17.92,229.01,Reit,,43.0,,,,,,,5.44,,22.79,22.32,2.51,4.66,20.25,24.47,16.44,24.47,23.11,2.86,-1.36,35.876663,30.20381,32.292135,26.137931,-1.36,6.67,23.949329,49.885714,9478,7925,6077,7827
GNL PRE,GNL-E,GNL,,,8.0,07/03/2025,12/15/2025,NONE,0.46,7.38%,,17.64,229.01,Reit,,43.0,,,,,,,4.94,,22.43,22.11,0.69,2.12,20.29,23.79,16.1,23.79,22.34,2.05,-1.45,44.679565,39.206912,46.853933,27.37931,-1.45,6.24,25.022355,52.342857,6101,5069,4090,5086
GPMT PRA,GPMT-A,GPMT,NFF,,9.5,06/30/2025,1/15/2027,NONE,0.44,7.00%,,,48.41,Reit,,40.0,,,,,,,,,17.32,16.93,7.86,10.36,15.7,18.72,15.38,18.72,18.44,2.74,-0.28,10.0,10.0,34.449438,11.241379,-0.28,3.06,11.073025,70.514286,11722,10919,11368,11336
GS PRA,GS-A,GS,FLR,,9.5,07/24/2025,4/10/2010,NONE,0.34,3.75%,,,306.83,Bank,,64.0,,,,,,,,,22.79,23.21,-4.62,-6.33,20.84,24.48,20.0,24.48,21.64,0.8,-2.84,70.362757,69.158175,69.325843,46.551724,-2.84,1.64,41.594635,78.628571,35503,36923,36127,36184
GS PRC,GS-C,GS,FLR,,9.5,07/24/2025,5/24/2011,NONE,0.34,4.00%,,,306.83,Bank,,64.0,,,,,,,,,23.36,23.75,-5.55,-7.13,21.34,25.03,20.21,25.24,21.96,0.62,-3.07,74.860943,71.993797,72.561798,49.724138,-3.28,1.75,46.840537,78.0,12595,12710,11707,12337
GS PRD,GS-D,GS,FLR,,8.0,07/24/2025,10/31/2010,NONE,0.33,4.00%,,,306.83,Bank,,64.0,,,,,,,,,22.55,22.91,-4.72,-6.18,20.95,23.83,19.87,23.83,21.39,0.44,-2.44,70.846433,68.626495,75.797753,41.034483,-2.44,1.52,36.825633,79.314286,73660,70979,70454,71698
GSL PRB,GSL-B,GSL,,,10.5,06/23/2025,8/20/2019,NONE,0.55,8.75%,,,35.74,Marineshipping,,33.0,,,,,,,,,26.1,26.31,0.4,-0.42,24.75,27.28,24.75,28.85,25.85,1.1,-1.43,46.082225,48.210013,63.932584,27.103448,-3.0,1.1,43.502235,81.714286,6043,5640,3946,5210
HBANL,HBANL,HBAN,NFF,,8.0,07/01/2025,4/15/2028,NONE,0.43,6.88%,,,1455.68,Regionalbank,,41.0,,,,,,,,,25.37,25.43,0.31,0.08,24.32,26.61,20.76,26.61,25.22,0.9,-1.39,46.517533,46.437749,67.52809,26.551724,-1.39,4.46,24.307004,62.514286,17269,17515,22598,19127
HCXY,HCXY,HTGC,,BB,8.0,07/11/2025,10/30/2023,10/30/2033,0.39,6.25%,25.31,23.56,175.77,Assetmanagement,,51.0,,,,,,,1.59,-0.16,24.99,25.11,0.63,0.15,24.42,25.98,22.7,25.98,24.98,0.56,-1.0,44.96977,46.189632,73.640449,21.172414,-1.0,2.28,19.657228,74.971429,1047,819,554,807
HNNAZ,HNNAZ,HNNA,,BB,2.5,06/13/2025,12/31/2023,12/31/2026,0.31,4.88%,24.59,23.49,7.79,Assetmanagement,,23.0,,,,,,,1.21,0.11,24.49,24.2,0.85,2.07,23.7,25.57,21.76,25.57,24.47,0.77,-1.1,43.905683,39.384138,69.865169,22.551724,-1.1,2.71,20.849478,72.514286,529,590,819,646
HOVNP,HOVNP,HOVN,,,7.0,06/27/2025,7/12/2010,NONE,0.48,7.63%,,,-,-,,37.0,,,,,,,,,17.0,17.6,-3.51,-6.8,16.05,18.43,16.05,19.89,16.12,0.07,-2.31,64.993954,70.824103,82.449438,39.241379,-3.77,0.07,52.682563,87.6,20579,12414,13622,15538
HPP PRC,HPP-C,HPP,,,8.0,06/16/2025,11/16/2026,NONE,0.3,4.75%,21.92,10.5,141.39,Reit,,26.0,,,,,,,2.19,-9.23,13.28,13.48,-4.45,-5.84,11.23,15.57,7.66,15.57,12.48,1.25,-3.09,69.540508,67.421356,61.235955,50.0,-3.09,4.82,44.575261,60.457143,30309,25727,27716,27917
HROWL,HROWL,HROW,,BB,8.0,07/11/2025,2/1/2026,4/30/2026,0.54,8.63%,24.39,23.7,36.69,Healthcare,,51.0,,,,,,,1.57,0.88,25.27,25.26,-0.01,0.04,25.0,25.73,22.05,25.73,25.04,0.04,-0.69,48.065296,46.57953,82.988764,16.896552,-0.69,2.99,15.961252,70.914286,3930,4604,4487,4340
HROWM,HROWM,HROW,,BB,8.0,07/11/2025,12/31/2024,12/31/2027,0.74,11.88%,,25.2,36.69,Healthcare,,51.0,,,,,,,1.01,,26.5,26.4,-1.09,-0.71,24.9,27.7,22.71,27.72,25.89,0.99,-1.81,53.288996,49.237926,65.910112,32.344828,-1.83,3.18,29.552906,69.828571,2502,2427,2816,2582
HTFB,HTFB,HRZN,,BB,8.0,06/13/2025,3/30/2023,3/30/2026,0.31,4.88%,24.49,23.53,40.36,Assetmanagement,,23.0,,,,,,,1.48,0.52,24.84,24.54,0.68,1.92,24.19,26.11,23.0,26.11,24.78,0.59,-1.33,44.727932,39.915817,73.101124,25.724138,-1.33,1.78,23.591654,77.828571,2026,3015,239,1760
HTFC,HTFC,HRZN,,BB,8.0,06/13/2025,6/15/2024,6/15/2027,0.39,4.88%,25.25,24.2,40.36,Assetmanagement,,23.0,,,,,,,0.24,-0.81,24.37,24.18,0.27,1.08,23.84,24.83,22.9,24.83,24.15,0.31,-0.68,46.711004,42.893221,78.134831,16.758621,-0.68,1.25,15.842027,80.857143,2928,3155,2720,2934
INBKZ,INBKZ,INBK,FF,,8.0,05/15/2025,6/30/2024,6/30/2029,0.54,6.00%,,,8.70,Regionalbank,,84.0,,,,,,,,,24.75,24.88,-2.26,-2.78,23.78,25.65,17.0,25.65,24.15,0.37,-1.5,58.948005,56.5751,77.05618,28.068966,-1.5,7.15,25.61848,47.142857,2160,2039,1774,1991
IVR PRC,IVR-C,IVR,NFF,,10.0,06/05/2025,9/27/2027,NONE,0.47,7.50%,,,65.94,Reit,,15.0,,,,,,,,,23.95,23.77,3.13,3.93,20.23,25.2,17.52,25.2,24.31,4.08,-0.89,32.877872,32.791316,10.359551,19.655172,-0.89,6.79,18.345753,49.2,10239,12050,7928,10072
JXN PRA,JXN-A,JXN,NFF,,10.5,06/12/2025,3/30/2028,NONE,0.5,8.00%,,,71.42,Insurance,,22.0,,,,,,,,,26.18,26.43,0.0,-0.94,25.25,27.5,23.6,27.69,25.8,0.55,-1.7,48.016929,50.053168,73.820225,30.827586,-1.89,2.2,30.268256,75.428571,26216,30029,51441,35895
KEY PRI,KEY-I,KEY,NFF,,10.5,05/28/2025,12/15/2026,NONE,0.38,6.13%,,,1095.55,Regionalbank,,7.0,,,,,,,,,24.88,24.5,1.2,2.78,23.5,25.97,17.66,25.97,24.83,1.33,-1.14,42.212817,36.867523,59.797753,23.103448,-1.14,7.17,21.326379,47.028571,27070,27168,20842,25027
KEY PRL,KEY-L,KEY,NFF,,10.0,05/28/2025,9/15/2027,NONE,0.39,6.20%,,,1095.55,Regionalbank,,7.0,,,,,,,,,24.45,24.01,0.91,2.75,22.33,25.65,16.3,25.65,24.31,1.98,-1.34,43.615478,36.973859,48.11236,25.862069,-1.34,8.01,23.710879,42.228571,43370,38375,49485,43744
KMPB,KMPB,KMPR,NFF,,8.0,05/30/2025,3/15/2027,3/15/2062,0.37,5.88%,,,63.97,Insurance,,9.0,,,,,,,,,22.82,22.93,-1.33,-1.79,20.69,23.94,16.62,23.94,22.19,1.5,-1.75,54.449819,53.066017,56.741573,31.517241,-1.75,5.57,28.599106,56.171429,12220,12473,6312,10335
LBRDP,LBRDP,LBRDA,,,11.0,06/27/2025,,3/9/2039,0.44,7.00%,26.23,21.31,143.16,Communicationservices,,37.0,,,,,,,3.49,-1.43,24.73,23.99,0.27,3.39,23.39,26.88,20.9,26.88,24.54,1.15,-2.34,46.711004,34.705361,63.033708,39.655172,-2.34,3.64,35.633383,67.2,13227,9787,3785,8933
LNC PRD,LNC-D,LNC,,,8.0,05/15/2025,12/1/2027,NONE,0.56,9.00%,,26.41,170.70,Insurance,,84.0,,,,,,,0.3,,27.04,27.66,-1.22,-3.43,25.78,28.89,24.82,28.89,26.67,0.89,-2.22,53.917775,58.879043,67.707865,38.0,-2.22,1.85,34.202683,77.428571,22128,23848,19145,21707
MBINL,MBINL,MBIN,,,8.0,06/12/2025,1/1/2030,NONE,0.48,7.63%,,,45.76,Regionalbank,,22.0,,,,,,,,,,,,,22.83,25.9,22.83,25.9,23.08,0.25,-2.82,,,79.213483,46.275862,-2.82,0.25,41.356185,86.571429,72808,59943,30135,54295
MBINM,MBINM,MBIN,NFF,,8.0,06/13/2025,10/1/2027,NONE,0.52,8.25%,,,45.76,Regionalbank,,23.0,,,,,,,,,25.68,25.82,-1.93,-2.47,24.8,26.92,21.6,26.92,24.79,-0.01,-2.13,57.351874,55.476296,83.88764,36.758621,-2.13,3.19,33.129657,69.771429,4710,5201,4917,4943
MBNKP,MBNKP,MFIN,FF,,11.5,06/16/2025,4/1/2025,NONE,0.68,8.00%,,,23.24,Creditservices,,26.0,,,,,,,,,25.45,25.23,0.57,1.46,24.25,27.0,21.97,27.0,25.12,0.87,-1.88,45.259976,41.5463,68.067416,33.310345,-1.88,3.15,30.149031,70.0,1399,896,1167,1154
MER PRK,MER-K,BAC,,TP,11.5,06/12/2025,12/15/2011,12/15/2066,0.4,6.45%,26.45,24.62,7537.21,Bank,,22.0,,,,,,25.43,0.81,-1.02,25.71,25.73,-1.08,-1.17,25.18,26.64,24.51,26.64,25.13,-0.05,-1.51,53.240629,50.868409,84.606742,28.206897,-1.51,0.62,25.737705,84.457143,29629,27180,26861,27890
MET PRA,MET-A,MET,FLR,,8.0,05/30/2025,9/15/2010,NONE,0.36,4.00%,,,671.16,Insurance,,9.0,,,,,,24.4,,,24.43,24.53,-0.14,-0.55,22.07,25.43,22.0,25.43,24.08,2.01,-1.35,48.694075,48.670802,47.573034,26.0,-1.35,2.08,23.830104,76.114286,31744,29061,28093,29633
METCL,METCL,METC,,BB,8.0,07/15/2025,7/30/2023,7/30/2026,0.56,9.00%,26.32,25.45,54.69,Cokingcoal,,55.0,,,,,,25.52,0.07,-0.8,25.56,25.64,-0.15,-0.48,24.75,26.22,24.18,26.22,25.3,0.55,-0.92,48.742443,48.422685,73.820225,20.068966,-0.92,1.12,18.703428,81.6,1942,2034,1537,1838
METCZ,METCZ,METC,,,8.0,04/15/2025,11/30/2026,11/30/2029,0.52,8.38%,,,54.69,Cokingcoal,,54.0,,,,,,23.85,,,,,,,23.18,25.59,23.18,25.59,23.64,0.46,-1.95,,,75.438202,34.275862,-1.95,0.46,30.983607,85.371429,10839,8459,8274,9190
MFA PRC,MFA-C,MFA,NFF,,8.0,06/02/2025,3/31/2025,NONE,0.41,6.50%,,,102.65,Reit,,12.0,,,,,,24.36,,,24.42,24.03,-0.23,1.39,21.62,25.03,17.1,25.03,24.0,2.38,-1.03,49.129383,41.794417,40.921348,21.586207,-1.03,6.9,20.014903,48.571429,19983,23158,16604,19915
MFAN,MFAN,MFA,,BB,8.0,08/01/2025,2/15/2026,2/15/2029,0.56,8.88%,,,102.65,Reit,,72.0,,,,,,24.83,,,25.01,25.19,-0.7,-1.42,24.02,25.82,24.02,25.82,24.72,0.7,-1.1,51.40266,51.754541,71.123596,22.551724,-1.1,0.7,20.849478,84.0,13377,14423,12562,13454
MFAO,MFAO,MFA,,BB,8.0,07/30/2025,8/15/2026,8/15/2029,0.56,9.00%,,,102.65,Reit,,70.0,,,,,,24.96,,,,,,,24.27,25.85,24.27,25.85,24.84,0.57,-1.01,,,73.460674,21.310345,-1.01,0.57,19.776453,84.742857,16466,16697,22953,18705
MFICL,MFICL,MFIC,,BB,12.0,05/27/2025,12/15/2025,12/15/2028,0.5,8.00%,,,92.92,Assetmanagement,,6.0,,,,,,25.47,,,25.43,25.43,0.16,0.15,25.11,25.85,25.0,25.85,25.0,-0.11,-0.85,47.243047,46.189632,85.685393,19.103448,-0.85,0.0,17.868852,88.0,5516,6549,5678,5915
MGRE,MGRE,AMG,,BB,8.0,06/26/2025,3/30/2029,3/30/2064,0.42,6.75%,,,28.79,Assetmanagement,,36.0,,,,,,23.64,,,24.35,25.16,-2.92,-6.02,22.51,26.51,22.51,26.51,23.39,0.88,-3.12,62.140266,68.059371,67.88764,50.413793,-3.12,0.88,44.932936,82.971429,26792,27559,16106,23486
MHLA,MHLA,MHLD,,BB,8.0,05/30/2025,6/14/2021,6/14/2046,0.41,6.63%,17.51,15.26,99.49,Insurance,,9.0,,,,,,14.82,-0.44,-2.69,14.4,15.34,2.92,-3.38,12.25,17.93,12.25,18.67,14.45,2.2,-3.48,33.893591,58.701817,44.157303,55.37931,-4.22,2.2,58.04769,75.428571,3814,3953,4980,4249
MHNC,MHNC,MHLD,,BB,8.0,05/15/2025,12/1/2018,12/1/2043,0.48,7.75%,18.64,17.6,99.49,Insurance,,84.0,,,,,,17.2,-0.4,-1.44,16.76,17.31,2.61,-0.64,14.85,19.97,14.85,20.65,17.17,2.32,-2.8,35.392987,48.989809,42.0,46.0,-3.48,2.32,49.225037,74.742857,4357,4022,3177,3852
MITN,MITN,MITT,,BB,8.0,08/01/2025,2/15/2026,2/15/2029,0.59,9.50%,,,29.68,Reit,,72.0,,,,,,25.09,,,25.12,25.18,-0.14,-0.35,21.5,25.6,21.5,25.95,24.97,3.47,-0.63,48.694075,47.961896,21.325843,16.068966,-0.98,3.47,19.418778,68.171429,5947,7476,5853,6425
MITP,MITP,MITT,,BB,8.0,07/30/2025,5/15/2026,5/15/2029,0.59,9.50%,,,29.68,Reit,,70.0,,,,,,24.97,,,,,,,24.2,25.8,24.2,25.8,24.83,0.63,-0.97,,,72.382022,20.758621,-0.97,0.63,19.299553,84.4,11064,10875,13788,11909
MITT PRA,MITT-A,MITT,,,8.0,05/30/2025,9/17/2024,NONE,0.52,8.25%,20.45,17.36,29.68,Reit,,9.0,,,,,,22.22,4.86,1.77,22.04,21.65,0.82,2.64,18.6,23.99,15.91,23.99,21.75,3.15,-2.24,44.050786,37.363757,27.078652,38.275862,-2.24,5.84,34.441133,54.628571,3430,2467,1837,2578
MITT PRB,MITT-B,MITT,,,8.0,05/30/2025,9/27/2017,NONE,0.5,8.00%,20.19,16.46,29.68,Reit,,9.0,,,,,,21.47,5.01,1.28,21.39,21.04,0.37,2.06,18.41,23.82,15.01,23.82,21.02,2.61,-2.8,46.227328,39.419584,36.786517,46.0,-2.8,6.01,41.117735,53.657143,10056,7790,7290,8378
MITT PRC,MITT-C,MITT,FF,,11.0,05/30/2025,8/3/2017,NONE,0.71,8.00%,,,29.68,Reit,,9.0,,,,,,25.21,,,24.88,24.75,1.32,1.85,20.65,25.5,17.05,25.5,24.57,3.92,-0.93,41.632406,40.163934,13.235955,20.206897,-0.93,7.52,18.822653,45.028571,10140,11254,5270,8888
MS PRA,MS-A,MS,FLR,,11.0,06/27/2025,7/15/2011,NONE,0.33,4.00%,,,1603.20,Bank,,37.0,,,,,,22.0,,,23.09,23.14,-4.71,-4.93,21.0,24.65,20.31,24.65,21.81,0.81,-2.84,70.798065,64.195835,69.146067,46.551724,-2.84,1.5,41.594635,79.428571,55342,46944,44951,49079
MS PRE,MS-E,MS,,,11.0,06/27/2025,10/15/2023,NONE,0.45,7.13%,26.1,24.99,1603.20,Bank,,37.0,,,,,,25.44,0.45,-0.66,25.44,25.4,0.01,0.15,25.01,25.84,24.93,26.28,25.18,0.17,-0.66,47.968561,46.189632,80.651685,16.482759,-1.1,0.25,20.849478,86.571429,54310,53462,47015,51596
MS PRF,MS-F,MS,,,11.0,06/27/2025,1/15/2024,NONE,0.43,6.88%,26.31,24.43,1603.20,Bank,,37.0,,,,,,25.22,0.79,-1.09,25.28,25.31,-0.23,-0.37,24.87,25.75,24.33,26.05,24.97,0.1,-0.78,49.129383,48.032787,81.910112,18.137931,-1.08,0.64,20.611028,84.342857,52387,59130,32924,48147
MS PRI,MS-I,MS,,,11.0,06/27/2025,10/15/2024,NONE,0.4,6.38%,26.49,23.4,1603.20,Bank,,37.0,,,,,,24.8,1.4,-1.69,24.97,25.15,-0.68,-1.41,24.21,26.75,23.25,26.75,24.56,0.35,-2.19,51.305925,51.719096,77.41573,37.586207,-2.19,1.31,33.845007,80.514286,65495,77759,98754,80669
MS PRP,MS-P,MS,,,11.0,06/27/2025,10/15/2027,NONE,0.41,6.50%,26.33,24.28,1603.20,Bank,,37.0,,,,,,25.48,1.2,-0.85,25.55,25.89,-0.29,-1.59,24.7,27.14,24.25,27.14,25.24,0.54,-1.9,49.419589,52.357111,74.0,33.586207,-1.9,0.99,30.387481,82.342857,50227,51639,53193,51686
MS PRQ,MS-Q,MS,,,8.0,06/30/2025,10/15/2029,NONE,0.41,6.63%,,,1603.20,Bank,,40.0,,,,,,25.62,,,,,,,24.82,27.35,21.92,27.35,25.39,0.57,-1.96,,,73.460674,34.413793,-1.96,3.47,31.102832,68.171429,90404,85218,85213,86945
MSBIP,MSBIP,MSBI,NFF,,10.5,06/16/2025,9/30/2027,NONE,0.48,7.75%,,,21.40,Regionalbank,,26.0,,,,,,,,,23.93,24.67,-0.23,-3.26,22.75,25.77,20.92,26.55,23.53,0.78,-2.24,49.129383,58.276473,69.685393,38.275862,-3.02,2.61,43.740686,73.085714,8325,10860,4000,7728
MTB PRH,MTB-H,MTB,NFF,,10.5,06/02/2025,12/15/2026,NONE,0.35,5.63%,,,160.60,Regionalbank,,12.0,,,,,,,,,24.54,24.6,1.03,0.77,23.02,26.12,20.22,26.12,24.49,1.47,-1.63,43.035067,43.992025,57.280899,29.862069,-1.63,4.27,27.168405,63.6,15122,18928,9704,14585
MTB PRJ,MTB-J,MTB,,,8.0,06/02/2025,6/15/2029,NONE,0.47,7.50%,,,160.60,Regionalbank,,12.0,,,,,,,,,,,,,25.0,28.04,24.09,28.04,26.06,1.06,-1.98,,,64.651685,34.689655,-1.98,1.97,31.341282,76.742857,63459,54957,56092,58169
NEWTG,NEWTG,NEWT,,BB,8.0,05/30/2025,6/1/2027,6/1/2029,0.53,8.50%,,,27.29,Regionalbank,,9.0,,,,,,,,,,,,,24.0,25.84,24.0,25.84,24.38,0.38,-1.46,,,76.876404,27.517241,-1.46,0.38,25.14158,85.828571,10609,8986,4557,8051
NEWTH,NEWTH,NEWT,,BB,8.0,07/14/2025,10/15/2026,10/15/2029,0.54,8.63%,,,27.29,Regionalbank,,54.0,,,,,,,,,,,,,23.0,25.95,23.0,25.95,24.41,1.41,-1.54,,,58.359551,28.62069,-1.54,1.41,26.09538,79.942857,17543,14498,9693,13911
NEWTI,NEWTI,NEWT,,BB,8.0,05/15/2025,9/1/2025,9/1/2028,0.5,8.00%,,24.8,27.29,Regionalbank,,84.0,,,,,,,0.7,,25.02,25.11,1.9,1.55,23.9,26.57,23.48,26.57,25.47,1.57,-1.1,38.827086,41.227293,55.483146,22.551724,-1.1,1.99,20.849478,76.628571,1942,1880,1654,1825
NEWTZ,NEWTZ,NEWT,,,8.0,07/11/2025,2/1/2022,2/1/2026,0.34,5.50%,24.46,23.61,27.29,Regionalbank,,51.0,,,,,,,1.02,0.17,24.75,24.53,-0.49,0.4,24.28,25.25,23.1,26.02,24.48,0.2,-0.77,50.386941,45.3035,80.11236,18.0,-1.54,1.38,26.09538,80.114286,5692,4483,1493,3889
NLY PRF,NLY-F,NLY,FF,,8.0,06/02/2025,9/30/2022,NONE,0.6,6.95%,,,26.45,Reit,,12.0,,,,,,,,,25.61,25.59,0.64,0.71,21.75,26.34,21.75,26.34,25.25,3.5,-1.09,44.921403,44.204696,20.786517,22.413793,-1.09,3.5,20.730253,68.0,53499,59894,45159,52851
NLY PRG,NLY-G,NLY,FF,,8.0,06/02/2025,3/31/2023,NONE,0.55,6.50%,,,26.45,Reit,,12.0,,,,,,,,,25.01,25.24,-0.39,-1.29,23.01,25.75,22.39,25.78,24.43,1.42,-1.32,49.903265,51.293753,58.179775,25.586207,-1.35,2.04,23.830104,76.342857,20199,22962,19623,20928
NLY PRI,NLY-I,NLY,FF,,9.5,06/02/2025,6/30/2024,NONE,0.6,6.75%,,,26.45,Reit,,12.0,,,,,,,,,25.55,25.55,0.41,0.39,24.15,26.05,21.17,26.05,25.13,0.98,-0.92,46.033857,45.338946,66.089888,20.068966,-0.92,3.96,18.703428,65.371429,26933,27079,21461,25158
NMFCZ,NMFCZ,NMFC,,BB,8.0,08/01/2025,6/17/2027,NONE,0.52,8.25%,,,107.59,Assetmanagement,,72.0,,,,,,,,,25.44,25.53,-1.07,-1.42,25.09,26.2,24.95,26.74,25.07,-0.02,-1.13,53.192261,51.754541,84.067416,22.965517,-1.67,0.12,27.645306,87.314286,8318,9778,8936,9011
NREF PRA,NREF-A,NREF,,,8.0,07/11/2025,7/24/2025,NONE,0.53,8.50%,24.0,18.8,17.64,Reit,,51.0,,,,,,,3.0,-2.2,22.99,22.73,-5.17,-4.09,21.47,24.79,18.0,24.79,21.57,0.1,-3.22,73.022975,61.218432,81.910112,51.793103,-3.22,3.57,46.125186,67.6,2200,2224,1678,2034
NYMTG,NYMTG,NYMT,,,8.0,03/14/2025,4/1/2027,4/1/2030,0.57,9.13%,,,90.30,Reit,,22.0,,,,,,,,,,,,,22.7,25.69,22.7,25.69,23.94,1.24,-1.75,,,61.41573,31.517241,-1.75,1.24,28.599106,80.914286,27936,27936,30627,28833
NYMTI,NYMTI,NYMT,,BB,8.0,06/12/2025,7/1/2026,7/1/2029,0.57,9.13%,,,90.30,Reit,,22.0,,,,,,,,,,,,,23.09,26.0,23.09,26.0,24.28,1.19,-1.72,,,62.314607,31.103448,-1.72,1.19,28.241431,81.2,12508,13795,8343,11549
NYMTL,NYMTL,NYMT,NFF,,8.0,07/01/2025,10/15/2026,NONE,0.43,6.88%,,,90.30,Reit,,41.0,,,,,,,,,21.69,21.31,2.12,3.94,19.36,23.03,16.61,23.03,21.92,2.56,-1.11,37.762999,32.755871,37.685393,22.689655,-1.11,5.31,20.968703,57.657143,6821,7061,2344,5408
NYMTM,NYMTM,NYMT,FF,,8.0,07/01/2025,1/15/2025,NONE,0.69,7.88%,,,90.30,Reit,,41.0,,,,,,,,,24.63,24.33,0.02,1.27,22.5,25.39,20.07,25.39,24.26,1.76,-1.13,47.920193,42.219761,52.067416,22.965517,-1.13,4.19,21.207154,64.057143,17849,22140,12963,17650
NYMTN,NYMTN,NYMT,NFF,,8.0,07/01/2025,10/15/2027,NONE,0.5,8.00%,,,90.30,Reit,,41.0,,,,,,,,,22.15,22.1,-1.29,-1.11,19.21,23.56,18.71,23.56,21.59,2.38,-1.97,54.256348,50.655738,40.921348,34.551724,-1.97,2.88,31.222057,71.542857,7677,7198,7382,7419
OCCIM,OCCIM,OCCI,,Term,8.0,05/20/2025,10/31/2026,10/31/2029,0.16,7.88%,,,20.70,Cef,,89.0,,,,,,,,,,,,,24.18,25.21,24.18,25.21,24.73,0.55,-0.48,,,73.820225,14.0,-0.48,0.55,13.457526,84.857143,2274,2185,1392,1951
OCCIN,OCCIN,OCCI,,,8.0,05/20/2025,12/31/2023,12/31/2026,0.11,5.25%,22.99,22.07,20.70,Cef,,89.0,,,,,,,2.11,1.19,23.87,23.58,1.28,2.53,23.15,24.56,21.53,24.56,24.18,1.03,-0.38,41.825877,37.753655,65.191011,12.62069,-0.38,2.65,12.265276,72.857143,1955,2004,780,1580
OCCIO,OCCIO,OCCI,,,8.0,05/20/2025,4/30/2023,4/30/2026,0.13,6.13%,24.87,23.35,20.70,Cef,,89.0,,,,,,,1.45,-0.07,24.69,24.52,0.45,1.16,24.17,24.99,22.86,24.99,24.8,0.63,-0.19,45.840387,42.609659,72.382022,10.0,-0.19,1.94,10.0,76.914286,866,741,1585,1064
OCFCP,OCFCP,OCFC,NFF,,8.0,07/25/2025,6/1/2025,NONE,0.44,7.00%,,,58.38,Regionalbank,,65.0,,,,,,,,,25.19,25.03,-0.75,-0.12,24.67,25.9,21.55,25.9,24.88,0.21,-1.02,51.644498,47.146655,79.932584,21.448276,-1.02,3.33,19.895678,68.971429,2951,3856,4661,3822
OFSSH,OFSSH,OFS,,BB,9.0,07/11/2025,10/31/2023,10/31/2028,0.31,4.95%,22.99,21.0,13.41,Cef,,51.0,,,,,,,1.53,-0.46,22.58,22.35,-0.23,0.79,21.88,22.82,20.52,22.82,22.4,0.52,-0.42,49.129383,43.921134,74.359551,13.172414,-0.42,1.88,12.742176,77.257143,1070,509,182,587
ONBPO,ONBPO,ONB,,,9.0,08/01/2025,8/20/2025,NONE,0.44,7.00%,,,370.09,Regionalbank,,72.0,,,,,,,,,24.93,25.07,-0.31,-0.89,24.44,25.78,21.36,27.0,24.76,0.32,-1.02,49.516324,49.875942,77.955056,21.448276,-2.24,3.4,34.441133,68.571429,4833,5953,4019,4935
ONBPP,ONBPP,ONB,,,8.0,08/01/2025,8/20/2025,NONE,0.44,7.00%,26.93,22.98,370.09,Regionalbank,,72.0,,,,,,,2.18,-1.77,25.05,25.12,0.42,0.17,24.4,26.2,20.99,26.36,25.07,0.67,-1.13,45.98549,46.118742,71.662921,22.965517,-1.29,4.08,23.114754,64.685714,3484,4552,4168,4068
OXLCG,OXLCG,OXLC,,,8.0,06/13/2025,2/28/2030,2/29/2032,0.68,7.95%,,,437.24,Cef,,23.0,,,,,,,,,,,,,24.06,24.89,24.06,24.89,24.06,0.0,-0.83,,,83.707865,18.827586,-0.83,0.0,17.630402,88.0,23826,23826,15010,20887
OXLCI,OXLCI,OXLC,,BB,8.0,06/13/2025,6/30/2028,6/30/2030,0.55,8.75%,,,437.24,Cef,,23.0,,,,,,,,,,,,,24.93,26.18,24.93,26.18,25.15,0.22,-1.03,,,79.752809,21.586207,-1.03,0.22,20.014903,86.742857,14837,13025,7564,11809
OXLCL,OXLCL,OXLC,,BB,8.0,06/13/2025,3/16/2024,3/31/2031,0.42,6.75%,24.65,22.68,437.24,Cef,,23.0,,,,,,,0.54,-1.43,23.45,23.78,-0.98,-2.37,22.75,24.68,22.1,24.68,22.91,0.16,-1.77,52.756953,55.121843,80.831461,31.793103,-1.77,0.81,28.837556,83.371429,2601,2794,3437,2944
OXLCN,OXLCN,OXLC,,Term,8.0,05/16/2025,6/30/2024,6/30/2029,0.15,7.13%,24.6,22.92,437.24,Cef,,85.0,,,,,,,1.05,-0.63,24.08,24.09,-0.45,-0.49,23.4,24.5,22.11,24.5,23.96,0.56,-0.54,50.19347,48.45813,73.640449,14.827586,-0.54,1.85,14.172876,77.428571,2153,1888,2018,2019
OXLCO,OXLCO,OXLC,,,8.0,05/16/2025,8/31/2024,8/31/2029,0.13,6.00%,23.37,21.49,437.24,Cef,,85.0,,,,,,22.62,1.13,-0.75,22.86,22.73,-1.05,-0.49,22.28,23.47,20.7,23.47,22.61,0.33,-0.86,53.095526,48.45813,77.775281,19.241379,-0.86,1.91,17.988077,77.085714,1623,1557,554,1245
OXLCP,OXLCP,OXLC,,,8.0,05/16/2025,2/28/2023,2/28/2027,0.13,6.25%,24.0,22.74,437.24,Cef,,85.0,,,,,,24.26,1.52,0.26,24.19,23.93,0.31,1.38,23.7,24.46,22.35,24.46,24.25,0.55,-0.21,46.517533,41.829863,73.820225,10.275862,-0.21,1.9,10.23845,77.142857,4780,5813,11010,7201
OXLCZ,OXLCZ,OXLC,,BB,8.0,06/13/2025,1/31/2024,1/31/2027,0.31,5.00%,23.69,22.31,437.24,Cef,,23.0,,,,,,23.86,1.55,0.17,23.87,23.61,-0.03,1.06,23.33,24.37,21.93,24.37,23.63,0.3,-0.74,48.162031,42.964112,78.314607,17.586207,-0.74,1.7,16.557377,78.285714,4841,5075,3078,4331
OXSQG,OXSQG,OXSQ,,BB,8.0,06/20/2025,5/31/2024,7/31/2028,0.34,5.50%,23.55,21.5,71.37,Cef,,30.0,,,,,,23.1,1.61,-0.44,23.24,23.02,-0.56,0.4,22.64,23.49,21.3,23.49,22.88,0.24,-0.61,50.725514,45.3035,79.393258,15.793103,-0.61,1.58,15.007452,78.971429,1055,1255,3842,2051
OXSQZ,OXSQZ,OXSQ,,BB,8.0,06/20/2025,4/30/2022,4/30/2026,0.39,6.25%,24.7,23.48,71.37,Cef,,30.0,,,,,,24.9,1.42,0.2,24.71,24.55,0.77,1.44,24.3,25.0,23.25,25.0,24.64,0.34,-0.36,44.292624,41.617191,77.595506,12.344828,-0.36,1.39,12.026826,80.057143,1595,1997,2405,1999
PBI PRB,PBI-B,PBI,,BB,8.0,05/23/2025,3/7/2018,3/7/2043,0.42,6.70%,23.44,16.07,183.19,Integratedfreight&logistics,,2.0,,,,,,20.19,4.12,-3.25,19.95,19.62,1.23,2.93,17.31,22.23,14.17,22.23,19.78,2.47,-2.45,42.067715,36.335844,39.303371,41.172414,-2.45,5.61,36.944858,55.942857,20179,20681,14973,18611
PDPA,PDPA,-,,,8.0,05/16/2025,12/31/2026,12/31/2029,0.17,8.00%,,,-,-,,85.0,,,,,,24.95,,,,,,,24.3,25.84,24.3,25.84,24.94,0.64,-0.9,,,72.202247,19.793103,-0.9,0.64,18.464978,84.342857,4434,3375,1296,3035
PMT PRA,PMT-A,PMT,,,8.0,05/28/2025,3/15/2024,NONE,0.51,8.13%,24.77,20.8,87.13,Reit,,7.0,,,,,,24.72,3.92,-0.05,24.21,24.27,2.11,1.85,22.68,26.0,20.11,26.0,24.25,1.57,-1.75,37.811366,40.163934,55.483146,31.517241,-1.75,4.14,28.599106,64.342857,11366,10975,6430,9590
PMT PRB,PMT-B,PMT,,,8.0,05/28/2025,6/15/2024,NONE,0.5,8.00%,25.0,20.27,87.13,Reit,,7.0,,,,,,24.87,4.59,-0.14,24.16,24.11,2.9,3.12,22.76,25.21,19.8,25.21,24.4,1.64,-0.81,33.990326,35.662384,54.224719,18.551724,-0.81,4.6,17.391952,61.714286,15086,17735,5858,12893
PMT PRC,PMT-C,PMT,,,8.0,05/28/2025,8/24/2026,NONE,0.42,6.75%,21.21,16.38,87.13,Reit,,7.0,,,,,,19.4,3.02,-1.81,19.39,19.76,0.04,-1.8,17.51,21.66,16.04,21.66,19.01,1.5,-2.65,47.823458,53.101462,56.741573,43.931034,-2.65,2.97,39.329359,71.028571,34911,44007,19492,32803
PMTU,PMTU,PMT,,BB,8.0,06/13/2025,9/30/2025,9/30/2028,0.53,8.50%,,24.25,87.13,Reit,,23.0,,,,,,25.34,1.09,,25.42,25.57,-0.31,-0.9,24.46,26.29,23.75,26.49,24.95,0.49,-1.34,49.516324,49.911387,74.898876,25.862069,-1.54,1.2,26.09538,81.142857,4688,7591,25111,12463
PMTV,PMTV,PMT,,,8.0,16-May,2/15/2027,2/15/2030,0.56,9.00%,,,87.13,Reit,,,,,,,,25.08,,,,,,,24.5,25.79,24.5,25.79,25.08,0.58,-0.71,,,73.280899,17.172414,-0.71,0.58,16.199702,84.685714,44972,44972,20532,36825
PNFPP,PNFPP,PNFP,,,8.0,06/20/2025,9/1/2025,NONE,0.42,6.75%,26.08,21.0,77.52,Regionalbank,,30.0,,,,,,24.08,3.08,-2.0,24.63,24.32,-2.24,-0.97,23.76,25.29,20.5,25.29,23.8,0.04,-1.49,58.85127,50.159504,82.988764,27.931034,-1.49,3.3,25.499255,69.142857,12451,12004,14185,12880
PRIF PRD,PRIF-D,-,,,8.0,06/20/2025,3/31/2022,6/30/2029,0.44,7.00%,24.79,22.45,-,-,,30.0,,,,,,,1.79,-0.55,24.12,23.83,0.51,1.71,23.39,24.78,20.3,24.78,23.95,0.56,-0.83,45.550181,40.660168,73.640449,18.827586,-0.83,3.65,17.630402,67.142857,710,680,389,593
PRIF PRF,PRIF-F,-,,,8.0,06/20/2025,2/25/2023,6/30/2027,0.41,6.63%,24.6,23.37,-,-,,30.0,,,,,,,1.82,0.59,24.55,24.17,2.59,4.22,23.78,25.22,22.22,25.22,24.92,1.14,-0.3,35.489722,31.763403,63.213483,11.517241,-0.3,2.7,11.311475,72.571429,1381,2035,3054,2157
PRIF PRH,PRIF-H,-,,,8.0,06/20/2025,5/6/2023,12/31/2026,0.38,6.00%,,,-,-,,,,,,,,,,,,,,,,,,,,,,,,,,,,,,,,,
PRIF PRI,PRIF-I,-,,,8.0,06/20/2025,6/17/2024,6/30/2028,0.38,6.13%,23.73,22.13,-,-,,30.0,,,,,,,1.53,-0.07,23.49,23.21,0.73,1.95,22.82,24.98,21.48,24.98,23.41,0.59,-1.57,44.486094,39.809482,73.101124,29.034483,-1.57,1.93,26.453055,76.971429,2262,3119,1986,2456
PRIF PRJ,PRIF-J,-,,,8.0,06/20/2025,8/10/2024,12/31/2028,0.38,6.00%,23.06,22.36,-,-,,30.0,,,,,,,0.76,0.06,23.03,22.93,0.39,0.81,22.33,23.75,21.15,23.75,22.87,0.54,-0.88,46.130593,43.850244,74.0,19.517241,-0.88,1.72,18.226528,78.171429,3974,5830,2881,4228
PRIF PRK,PRIF-K,-,,,8.0,06/20/2025,9/30/2026,NONE,0.44,7.00%,23.93,19.45,-,-,,30.0,,,,,,,2.78,-1.7,22.19,21.73,0.19,2.28,20.2,23.29,18.96,23.29,21.94,1.74,-1.35,47.097944,38.639787,52.426966,26.0,-1.35,2.98,23.830104,70.971429,1521,1556,770,1282
PRIF PRL,PRIF-L,-,,,9.5,05/30/2025,2/28/2025,3/31/2029,0.4,6.38%,24.3,21.96,-,-,,9.0,,,,,,,1.56,-0.78,23.46,23.29,0.25,1.01,22.7,24.27,21.44,24.27,23.16,0.46,-1.11,46.807739,43.141338,75.438202,22.689655,-1.11,1.72,20.968703,78.171429,1533,1514,1549,1532
QVCC,QVCC,QVCGA,,BB,9.5,05/30/2025,11/26/2024,11/26/2068,0.39,6.25%,21.68,8.35,403.43,Internetretail,,9.0,,,,,,,0.2,-13.13,10.57,11.99,-19.1,-28.66,7.42,14.19,7.42,15.1,8.2,0.78,-5.99,,,69.685393,90.0,-6.9,0.78,90.0,83.542857,36911,46697,92763,58790
QVCD,QVCD,QVCGA,,BB,8.0,06/27/2025,9/13/2023,9/13/2067,0.4,6.38%,22.05,8.31,403.43,Internetretail,,37.0,,,,,,,0.29,-13.45,10.67,12.08,-19.37,-28.82,7.23,14.12,7.23,15.2,8.36,1.13,-5.76,,,63.393258,86.827586,-6.84,1.13,89.28465,81.542857,15965,18966,28522,21151
RC PRE,RC-E,RC,,,8.0,01/09/2025,6/10/2026,NONE,0.41,6.50%,20.71,17.39,172.29,Reit,,48.0,,,,,,,-2.04,-5.36,16.81,18.14,-8.68,-15.38,14.87,19.73,14.87,19.73,15.16,0.29,-4.57,90.0,,78.494382,70.413793,-4.57,0.29,62.220566,86.342857,11923,14073,13364,13120
RCB,RCB,RC,,BB,8.0,06/24/2025,7/30/2022,7/30/2026,0.39,6.20%,24.25,23.45,172.29,Reit,,34.0,,,,,,,0.45,-0.35,24.21,24.22,-1.29,-1.33,23.5,24.85,22.9,24.85,23.66,0.16,-1.19,54.256348,51.435534,80.831461,23.793103,-1.19,0.76,21.922504,83.657143,17905,30780,4409,17698
RCC,RCC,RC,,BB,8.0,05/30/2025,2/15/2023,2/15/2026,0.36,5.75%,23.91,23.74,172.29,Reit,,9.0,,,,,,,0.76,0.59,24.56,24.39,-0.23,0.43,24.17,26.87,22.9,26.87,24.18,0.01,-2.69,49.129383,45.197164,83.52809,44.482759,-2.69,1.28,39.806259,80.685714,16777,25794,2836,15136
RCD,RCD,RC,,,10.5,07/09/2025,12/15/2026,12/15/2029,0.56,9.00%,,,172.29,Reit,,49.0,,,,,,,,,,,,,22.97,25.55,22.97,25.55,23.08,0.11,-2.47,,,81.730337,41.448276,-2.47,0.11,37.183308,87.371429,39584,35377,18682,31214
RF PRC,RF-C,RF,NFF,,10.5,06/02/2025,8/15/2029,NONE,0.36,5.70%,,,898.77,Regionalbank,,12.0,,,,,,,,,23.82,23.82,-1.83,-1.85,21.94,25.56,16.63,25.56,23.07,1.13,-2.49,56.868198,53.278689,63.393258,41.724138,-2.49,6.44,37.421759,51.2,33191,31043,29330,31188
RF PRF,RF-F,RF,NFF,,8.0,07/25/2025,9/15/2029,NONE,0.43,6.95%,,,898.77,Regionalbank,,65.0,,,,,,,,,,,,,24.2,26.67,23.61,26.67,25.16,0.96,-1.51,,,66.449438,28.206897,-1.51,1.55,25.737705,79.142857,65157,45396,55348,55300
RITM PRA,RITM-A,RITM,FF,,8.0,07/25/2025,8/15/2024,NONE,0.64,7.50%,,,529.83,Reit,,65.0,,,,,,,,,25.38,25.33,-0.36,-0.15,24.36,26.22,20.85,26.22,25.11,0.75,-1.11,49.758162,47.252991,70.224719,22.689655,-1.11,4.26,20.968703,63.657143,20271,20952,11841,17688
RITM PRB,RITM-B,RITM,FF,,8.0,07/25/2025,8/15/2024,NONE,0.63,7.13%,,,529.83,Reit,,65.0,,,,,,,,,25.24,25.19,0.16,0.38,24.07,25.86,19.5,25.86,25.11,1.04,-0.75,47.243047,45.374391,65.011236,17.724138,-0.75,5.61,16.676602,55.942857,30728,30153,19726,26869
RITM PRC,RITM-C,RITM,FF,,8.0,07/25/2025,2/15/2025,NONE,0.59,6.38%,,,529.83,Reit,,65.0,,,,,,,,,24.68,24.2,0.16,2.15,22.8,25.18,17.12,25.18,24.56,1.76,-0.62,47.243047,39.100576,52.067416,15.931034,-0.62,7.44,15.126677,45.485714,36320,42809,30164,36431
RITM PRD,RITM-D,RITM,NFF,,12.0,08/01/2025,11/15/2026,NONE,0.44,7.00%,,,529.83,Reit,,72.0,,,,,,,,,23.99,23.76,0.5,1.47,22.33,24.7,18.81,25.26,24.02,1.69,-0.68,45.598549,41.510855,53.325843,16.758621,-1.24,5.21,22.518629,58.228571,29161,32913,26905,29659
RIV PRA,RIV-A,RIV,,,9.5,06/13/2025,5/15/2027,NONE,0.38,6.00%,25.01,22.06,21.47,Cef,,23.0,,,,,,,0.89,-2.06,23.34,23.43,-1.66,-2.06,22.4,24.8,21.89,24.8,22.67,0.27,-2.13,56.045949,54.023039,78.853933,36.758621,-2.13,0.78,33.129657,83.542857,5740,5655,4669,5355
RJF PRB,RJF-B,RJF,,,8.0,06/27/2025,7/1/2026,NONE,0.4,6.38%,,,201.75,Assetmanagement,,37.0,,,,,,,,,25.23,25.21,0.09,0.14,24.76,26.45,24.6,26.45,25.01,0.25,-1.44,47.58162,46.225078,79.213483,27.241379,-1.44,0.41,24.90313,85.657143,4366,4627,1694,3562
RLJ PRA,RLJ-A,RLJ,,,8.0,07/30/2025,NONE,NONE,0.49,7.80%,26.33,23.55,151.76,Reit,,70.0,,,,,,,1.1,-1.68,24.76,25.13,-0.44,-1.91,22.8,26.63,22.8,26.63,24.54,1.74,-2.09,50.145103,53.49136,52.426966,36.206897,-2.09,1.74,32.652757,78.057143,22070,23264,14893,20076
RPT PRC,RPT-C,RPT,NFF,,8.0,05/15/2025,5/15/2030,NONE,0.49,9.88%,,,45.42,Reit,,84.0,,,,,,,,,,,,,24.22,25.5,24.22,25.5,24.98,0.76,-0.52,,,70.044944,14.551724,-0.52,0.76,13.934426,83.657143,10404,10404,2842,7883
RWAYL,RWAYL,RWAY,,BB,8.0,05/15/2025,7/28/2024,7/28/2027,0.47,7.50%,25.4,24.3,37.35,Creditservices,,84.0,,,,,,,0.72,-0.38,25.03,25.03,-0.05,-0.03,24.58,25.44,23.52,25.44,24.99,0.41,-0.45,48.258767,46.827647,76.337079,13.586207,-0.45,1.47,13.099851,79.6,4262,5117,3315,4231
RWAYZ,RWAYZ,RWAY,,BB,8.0,06/27/2025,12/31/2024,12/31/2027,0.5,8.00%,,24.52,37.35,Creditservices,,37.0,,,,,,,0.5,,25.22,25.22,-0.78,-0.78,24.83,25.51,23.74,25.7,24.73,-0.1,-0.78,51.789601,49.486043,85.505618,18.137931,-0.97,0.99,19.299553,82.342857,3720,3611,2026,3119
RWT PRA,RWT-A,RWT,NFF,,8.0,05/15/2025,4/15/2028,NONE,0.63,10.00%,,,132.98,Reit,,84.0,,,,,,,,,24.87,25.21,0.16,-1.19,20.77,26.5,19.62,26.5,24.87,4.1,-1.63,47.243047,50.9393,10.0,29.862069,-1.63,5.25,27.168405,58.0,7964,6920,5610,6832
RWTN,RWTN,RWT,,BB,8.0,05/15/2025,3/1/2026,3/1/2029,0.57,9.13%,,,132.98,Reit,,84.0,,,,,,,,,24.82,25.11,-2.08,-3.24,22.48,25.89,22.48,27.1,24.26,1.78,-1.63,58.077388,58.205583,51.707865,29.862069,-2.84,1.78,41.594635,77.828571,8695,7970,5947,7537
RWTO,RWTO,RWT,,BB,8.0,05/15/2025,9/1/2026,9/1/2029,0.56,9.00%,,,132.98,Reit,,84.0,,,,,,,,,,,,,22.25,26.0,22.25,26.0,24.48,2.23,-1.52,,,43.617978,28.344828,-1.52,2.23,25.85693,75.257143,12055,12393,11146,11865
RWTP,RWTP,RWT,,,12.0,05/30/2025,3/1/2027,3/1/2030,0.85,9.13%,,,132.98,Reit,,9.0,,,,,,,,,,,,,22.7,25.25,22.7,25.25,23.5,0.8,-1.75,,,69.325843,31.517241,-1.75,0.8,28.599106,83.428571,24543,24543,15675,21587
RZB,RZB,RGA,,,12.0,06/27/2025,6/15/2026,6/15/2056,0.36,5.75%,,,66.07,Insurance,,37.0,,,,,,,,,24.77,24.93,0.95,0.28,24.11,26.0,23.44,26.47,24.79,0.68,-1.21,43.422007,45.728844,71.483146,24.068966,-1.68,1.35,27.764531,80.285714,23039,22046,9231,18105
RZC,RZC,RGA,,,8.0,06/13/2025,10/15/2027,10/15/2052,0.45,7.13%,,,66.07,Insurance,,23.0,,,,,,,,,25.88,26.16,-0.04,-1.12,24.74,27.33,24.74,29.2,25.54,0.8,-1.79,48.210399,50.691183,69.325843,32.068966,-3.66,0.8,51.371088,83.428571,29994,31723,20825,27514
SACH PRA,SACH-A,SACH,,,8.0,05/15/2025,6/29/2026,NONE,0.48,7.75%,24.15,19.69,47.31,Reit,,84.0,,,,,,,-4.55,-9.01,16.17,19.4,-6.36,-21.95,12.54,23.78,12.54,25.06,15.11,2.57,-8.67,78.778718,,37.505618,,-9.95,2.57,,73.314286,6986,7067,5253,6436
SAJ,SAJ,SAR,,BB,8.0,05/15/2025,10/27/2024,10/31/2027,0.5,8.00%,,24.68,15.36,Assetmanagement,,84.0,,,,,,,0.82,,25.36,25.26,0.54,0.95,24.74,25.75,24.2,26.49,25.47,0.73,-0.28,45.405079,43.35401,70.58427,11.241379,-1.02,1.27,19.895678,80.742857,2313,2086,1419,1939
SAT,SAT,SAR,,BB,8.0,05/15/2025,4/27/2024,4/30/2027,0.38,6.00%,24.99,23.3,15.36,Assetmanagement,,84.0,,,,,,,1.18,-0.51,24.58,24.42,-0.42,0.23,23.91,25.16,22.75,25.16,24.45,0.54,-0.71,50.048368,45.90607,74.0,17.172414,-0.71,1.7,16.199702,78.285714,5732,7567,3484,5594
SAY,SAY,SAR,,BB,8.0,05/15/2025,12/13/2024,12/31/2027,0.51,8.13%,,25.01,15.36,Assetmanagement,,84.0,,,,,,,0.06,,25.36,25.3,-1.14,-0.9,24.9,25.98,24.3,25.98,25.04,0.14,-0.94,53.530834,49.911387,81.191011,20.344828,-0.94,0.74,18.941878,83.771429,3507,3518,4551,3859
SAZ,SAZ,SAR,,BB,8.0,07/16/2025,4/14/2025,4/15/2028,0.53,8.50%,,25.03,15.36,Assetmanagement,,56.0,,,,,,,0.17,,25.41,25.44,-0.81,-0.93,24.9,26.0,24.52,26.0,25.0,0.1,-1.0,51.934704,50.017723,81.910112,21.172414,-1.0,0.48,19.657228,85.257143,4078,5374,5340,4931
SB PRC,SB-C,SB,,,8.0,07/16/2025,5/31/2019,NONE,0.5,8.00%,25.2,24.98,105.27,Marineshipping,,56.0,,,,,,,0.6,0.38,25.33,25.54,1.0,0.14,24.85,26.5,24.31,26.5,25.39,0.54,-1.11,43.180169,46.225078,74.0,22.689655,-1.11,1.08,20.968703,81.828571,1101,1126,611,946
SB PRD,SB-D,SB,,,8.0,06/13/2025,6/30/2019,NONE,0.5,8.00%,,,105.27,Marineshipping,,23.0,,,,,,25.43,,,25.33,25.64,0.38,-0.8,24.17,26.14,24.17,26.9,25.06,0.89,-1.08,46.17896,49.556934,67.707865,22.275862,-1.84,0.89,29.672131,82.914286,1568,1713,653,1311
SCCC,SCCC,SACH,,BB,8.0,06/13/2025,9/30/2022,9/30/2025,0.48,7.75%,25.2,23.66,47.31,Reit,,23.0,,,,,,24.88,1.22,-0.32,24.69,24.74,0.78,0.58,23.99,25.2,22.86,25.2,24.52,0.53,-0.68,44.244256,44.665485,74.179775,16.758621,-0.68,1.66,15.842027,78.514286,5567,3926,2387,3960
SCCD,SCCD,SACH,,,8.0,06/13/2025,9/20/2023,9/30/2026,0.38,6.00%,23.82,21.5,47.31,Reit,,23.0,,,,,,20.7,-0.8,-3.12,20.97,21.6,-1.29,-4.19,19.0,23.1,19.0,23.26,20.42,1.42,-2.68,54.256348,61.572884,58.179775,44.344828,-2.84,1.42,41.594635,79.885714,5004,4018,2255,3759
SCCE,SCCE,SACH,,BB,8.0,06/13/2025,3/9/2024,3/30/2027,0.38,6.00%,23.08,20.88,47.31,Reit,,23.0,,,,,,19.22,-1.66,-3.86,19.6,20.89,-1.95,-7.99,18.05,22.53,18.05,23.33,18.94,0.89,-3.59,57.448609,75.042091,67.707865,56.896552,-4.39,0.89,60.074516,82.914286,6088,5481,4388,5319
SCCF,SCCF,SACH,,BB,8.0,06/13/2025,5/11/2024,6/30/2027,0.45,7.13%,24.65,21.8,47.31,Reit,,23.0,,,,,,19.5,-2.3,-5.15,19.49,21.13,0.03,-7.72,17.94,22.94,17.94,24.05,19.16,1.22,-3.78,47.871826,74.085069,61.775281,59.517241,-4.89,1.22,66.035768,81.028571,4515,4113,2575,3734
SCCG,SCCG,SACH,,BB,10.5,06/13/2025,8/23/2024,9/30/2027,0.5,8.00%,,22.8,47.31,Reit,,23.0,,,,,,19.28,-3.52,,20.48,21.96,-5.87,-12.21,18.8,24.33,18.8,24.45,18.91,0.11,-5.42,76.408706,90.0,81.730337,82.137931,-5.54,0.11,73.785395,87.371429,6431,5825,1797,4684
SCE PRJ,SCE-J,EIX,NFF,,10.5,06/13/2025,9/15/2025,NONE,0.34,5.38%,,,384.94,Utility,,23.0,,,,,,22.56,,,22.77,23.72,-0.94,-4.89,20.7,25.1,18.94,25.1,22.31,1.61,-2.79,52.563482,64.054054,54.764045,45.862069,-2.79,3.37,40.99851,68.742857,50969,51531,28767,43755
SCE PRK,SCE-K,EIX,NFF,,10.5,06/13/2025,3/15/2026,NONE,0.34,5.45%,,,384.94,Utility,,23.0,,,,,,23.23,,,23.31,24.23,-0.35,-4.11,21.91,25.37,20.98,25.49,22.98,1.07,-2.39,49.709794,61.289322,64.47191,40.344828,-2.51,2.0,37.660209,76.571429,38883,66282,65432,56866
SCE PRM,SCE-M,EIX,,TP,10.5,06/13/2025,11/22/2028,NONE,0.47,7.50%,,,384.94,Utility,,23.0,,,,,,22.9,,,23.43,25.52,-2.25,-10.28,22.14,27.55,22.14,27.55,22.55,0.41,-5.0,58.899637,83.159061,76.337079,76.344828,-5.0,0.41,67.347243,85.657143,38950,57170,32796,42972
SCE PRN,SCE-N,EIX,,TP,8.0,06/27/2025,5/13/2029,NONE,0.43,6.95%,,,384.94,Utility,,37.0,,,,,,21.79,,,,,,,20.71,27.12,20.71,27.12,21.54,0.83,-5.58,,,68.786517,84.344828,-5.58,0.83,74.262295,83.257143,43030,63581,21781,42797
SEAL PRA,SEAL-A,SEAL,,,8.0,06/27/2025,10/5/2021,NONE,0.56,9.00%,,,-,-,,37.0,,,,,,25.34,,,25.38,25.51,-0.17,-0.68,24.5,26.0,23.6,26.49,25.01,0.51,-0.99,48.839178,49.131591,74.539326,21.034483,-1.48,1.41,25.38003,79.942857,4851,5632,2950,4478
SEAL PRB,SEAL-B,SEAL,NFF,,8.0,06/13/2025,10/15/2027,NONE,0.53,8.50%,,,-,-,,23.0,,,,,,25.57,,,25.43,25.69,0.53,-0.46,23.92,26.75,22.64,27.44,25.18,1.26,-1.57,45.453446,48.351794,61.05618,29.034483,-2.26,2.54,34.679583,73.485714,6617,7811,6608,7012
SNV PRD,SNV-D,SNV,FF,,8.0,06/13/2025,6/21/2023,NONE,0.5,6.30%,,,138.77,Regionalbank,,23.0,,,,,,24.96,,,25.04,25.15,-0.36,-0.79,23.51,25.75,22.28,25.8,24.58,1.07,-1.17,49.758162,49.521489,64.47191,23.517241,-1.22,2.3,22.280179,74.857143,15323,11975,12253,13184
SNV PRE,SNV-E,SNV,FF,,12.0,06/13/2025,7/1/2024,NONE,0.53,5.88%,,,138.77,Regionalbank,,23.0,,,,,,25.74,,,25.69,25.72,0.18,0.06,24.21,26.86,19.55,26.86,25.35,1.14,-1.51,47.146312,46.50864,63.213483,28.206897,-1.51,5.8,25.737705,54.857143,48408,42723,21171,37434
SOJF,SOJF,SO,,,8.0,05/15/2025,3/15/2030,3/15/2085,0.41,6.50%,,,1098.51,Utility,,84.0,,,,,,25.59,,,,,,,24.92,26.99,24.92,26.99,25.56,0.64,-1.43,,,72.202247,27.103448,-1.43,0.64,24.783905,84.342857,120609,120609,33316,91511
SPMA,SPMA,SPMC,,,9.0,05/15/2025,11/30/2026,11/30/2029,0.17,8.00%,,,20.27,Assetmanagement,,84.0,,,,,,24.73,,,,,,,23.67,25.2,23.67,25.2,24.72,1.05,-0.48,,,64.831461,14.0,-0.48,1.05,13.457526,82.0,13202,9681,8513,10465
SPNT PRB,SPNT-B,SPNT,NFF,,8.0,06/13/2025,2/26/2026,NONE,0.5,8.00%,,,116.79,Insurance,,23.0,,,,,,25.18,,,25.3,25.35,-0.46,-0.68,24.75,25.78,23.0,25.78,24.81,0.06,-0.97,50.241838,49.131591,82.629213,20.758621,-0.97,1.81,19.299553,77.657143,18402,21608,12335,17448
SSSSL,SSSSL,SSSS,,BB,8.0,06/13/2025,12/30/2024,12/30/2026,0.38,6.00%,24.75,23.35,23.55,Assetmanagement,,23.0,,,,,,24.64,1.29,-0.11,24.6,24.43,0.18,0.87,24.16,25.4,22.39,25.4,24.36,0.2,-1.04,47.146312,43.637572,80.11236,21.724138,-1.04,1.97,20.134128,76.742857,4079,2949,220,2416
SWKHL,SWKHL,SWKH,,BB,8.0,08/04/2025,Anytime,1/31/2027,0.56,9.00%,,24.8,12.27,Assetmanagement,,75.0,,,,,,25.47,0.67,,25.27,25.31,0.79,0.64,24.59,25.82,24.47,25.88,25.38,0.79,-0.44,44.195889,44.452813,69.505618,13.448276,-0.5,0.91,13.695976,82.8,4863,8143,1377,4794
SYF PRB,SYF-B,SYF,NFF,,11.5,08/08/2025,5/15/2029,NONE,0.52,8.25%,,,380.67,Creditservices,,79.0,,,,,,24.97,,,25.27,25.58,-1.19,-2.37,23.3,26.71,23.3,26.71,24.91,1.61,-1.8,53.772672,55.121843,54.764045,32.206897,-1.8,1.61,29.195231,78.8,52081,50480,48937,50500
TFC PRI,TFC-I,TFC,FLR,,8.0,06/13/2025,9/15/2011,NONE,0.32,4.00%,,,1308.21,Regionalbank,,23.0,,,,,,23.83,,,22.8,23.07,4.52,3.28,20.4,25.35,19.01,25.35,23.59,3.19,-1.76,26.154776,35.095259,26.359551,31.655172,-1.76,4.58,28.718331,61.828571,10110,11424,21472,14335
TFINP,TFINP,TFIN,,,8.0,06/13/2025,6/30/2025,NONE,0.45,7.13%,25.47,19.2,23.50,Regionalbank,,23.0,,,,,,21.07,1.87,-4.4,22.3,22.58,-5.53,-6.7,20.26,24.4,17.07,24.4,20.73,0.47,-3.67,74.764208,70.46965,75.258427,58.0,-3.67,3.66,51.490313,67.085714,2323,2428,2604,2452
TFSA,TFSA,-,,,12.0,05/29/2025,2/10/2023,3/31/2026,0.44,7.00%,,,-,-,,8.0,,,,,,24.65,,,24.48,23.98,0.67,2.8,23.37,26.85,21.6,27.58,24.25,0.88,-2.6,44.7763,36.796633,67.88764,43.241379,-3.33,2.65,47.436662,72.857143,522,619,238,460
TPGXL,TPGXL,TPG,,BB,8.0,06/12/2025,3/15/2029,3/15/2064,0.43,6.95%,,,110.28,Assetmanagement,,22.0,,,,,,24.58,,,25.02,25.67,-1.77,-4.24,23.53,26.43,23.53,27.0,24.26,0.73,-2.17,56.577993,61.750111,70.58427,37.310345,-2.74,0.73,40.402385,83.828571,18179,15960,10566,14902
TRINI,TRINI,TRIN,,BB,9.0,06/09/2025,9/30/2026,9/30/2029,0.49,7.88%,,,64.65,Assetmanagement,,19.0,,,,,,25.46,,,,,,,24.66,26.88,24.05,26.88,25.07,0.41,-1.81,,,76.337079,32.344828,-1.81,1.02,29.314456,82.171429,20706,23247,8241,17398
TRTN PRA,TRTN-A,-,,,9.0,06/09/2025,3/15/2024,NONE,0.53,8.50%,26.49,25.0,-,-,,19.0,,,,,,25.5,0.5,-0.99,25.41,25.67,0.35,-0.67,23.96,26.55,23.96,26.83,25.08,1.12,-1.47,46.324063,49.096145,63.573034,27.655172,-1.75,1.12,28.599106,81.6,4679,5802,6263,5581
TRTN PRB,TRTN-B,-,,,9.0,06/09/2025,9/15/2024,NONE,0.5,8.00%,26.63,23.67,-,-,,19.0,,,,,,24.53,0.86,-2.1,24.88,25.15,-1.39,-2.45,22.75,25.7,22.75,25.95,24.14,1.39,-1.56,54.740024,55.405405,58.719101,28.896552,-1.81,1.39,29.314456,80.057143,6675,7685,13646,9335
TRTN PRC,TRTN-C,-,,,9.0,06/09/2025,12/15/2024,NONE,0.46,7.38%,26.1,22.32,-,-,,19.0,,,,,,22.99,0.67,-3.11,23.76,24.5,-3.26,-6.16,21.93,25.56,21.93,26.17,22.63,0.7,-2.93,63.784764,68.555605,71.123596,47.793103,-3.54,0.7,49.940387,84.0,9930,12000,15706,12545
TRTN PRF,TRTN-F,-,,,19.5,05/30/2025,3/15/2030,NONE,0.48,7.63%,,,-,-,,9.0,,,,,,24.1,,,,,,,23.2,25.35,23.2,25.35,23.68,0.48,-1.67,,,75.078652,30.413793,-1.67,0.48,27.645306,85.257143,33274,33274,9171,25240
TVC,TVC,GOOGL,,,19.5,07/28/2025,,6/1/2028,0.13,2.13%,,,9990.00,-,,68.0,,,,,,23.65,,,23.37,22.92,1.21,3.17,22.53,25.33,21.0,25.33,23.62,1.09,-1.71,42.16445,35.485157,64.11236,30.965517,-1.71,2.62,28.122206,73.028571,17198,19891,10492,15860
TVE,TVE,GOOGL,,,8.0,07/10/2025,,5/1/2029,0.14,2.22%,,,9990.00,-,,50.0,,,,,,23.28,,,22.99,22.49,1.27,3.49,22.11,25.3,20.72,25.3,23.22,1.11,-2.08,41.874244,34.350908,63.752809,36.068966,-2.08,2.5,32.533532,73.714286,15547,16463,7824,13278
TWO PRA,TWO-A,TWO,NFF,,8.0,07/10/2025,4/26/2027,NONE,0.51,8.13%,,,103.74,Reit,,50.0,,,,,,23.01,,,24.11,24.08,-4.54,-4.44,21.52,25.39,18.85,25.39,22.78,1.26,-2.61,69.975816,62.459016,61.05618,43.37931,-2.61,3.93,38.852459,65.542857,6520,7312,13603,9145
TWO PRB,TWO-B,TWO,NFF,,8.0,07/10/2025,7/27/2027,NONE,0.48,7.63%,,,103.74,Reit,,50.0,,,,,,22.84,,,23.5,23.6,-2.82,-3.23,21.27,25.43,17.9,25.43,22.63,1.36,-2.8,61.65659,58.170137,59.258427,46.0,-2.8,4.73,41.117735,60.971429,11035,10930,9322,10429
TWO PRC,TWO-C,TWO,FF,,8.0,05/29/2025,1/27/2025,NONE,0.6,7.25%,,,103.74,Reit,,8.0,,,,,,24.17,,,24.49,24.4,-1.3,-0.95,22.25,25.2,18.55,25.2,23.62,1.37,-1.58,54.304716,50.088613,59.078652,29.172414,-1.58,5.07,26.57228,59.028571,22797,29916,27854,26856
UCB PRI,UCB-I,UCB,,,8.0,05/15/2025,9/15/2025,NONE,0.43,6.88%,,,119.46,Regionalbank,,84.0,,,,,,24.37,,,24.65,24.46,-1.12,-0.36,23.5,25.34,18.38,25.34,24.34,0.84,-1.0,53.434099,47.997342,68.606742,21.172414,-1.0,5.96,19.657228,53.942857,5314,5508,4282,5035
UMH PRD,UMH-D,UMH,,,12.5,06/27/2025,1/22/2023,NONE,0.4,6.38%,25.57,20.85,83.91,Reit,,37.0,,,,,,22.19,1.34,-3.38,22.44,23.0,-1.11,-3.52,20.99,24.38,19.83,24.42,21.95,0.96,-2.43,53.385732,59.198051,66.449438,40.896552,-2.47,2.12,37.183308,75.885714,20678,19223,9877,16593
USB PRH,USB-H,USB,FLR,,8.0,06/12/2025,4/15/2011,NONE,0.32,3.50%,,,1557.99,Regionalbank,,22.0,,,,,,21.0,,,22.09,21.89,-4.93,-4.07,18.91,24.0,17.27,24.0,20.76,1.85,-3.24,71.862152,61.147541,50.449438,52.068966,-3.24,3.49,46.363636,68.057143,65294,57311,65779,62795
VLYPN,VLYPN,VLY,NFF,,8.0,06/13/2025,9/30/2029,NONE,0.52,8.25%,,,559.85,Regionalbank,,23.0,,,,,,25.51,,,,,,,23.75,26.88,23.75,26.88,25.12,1.37,-1.76,,,59.078652,31.655172,-1.76,1.37,28.718331,80.171429,18335,15784,7641,13920
VLYPO,VLYPO,VLY,FF,,8.0,06/13/2025,9/30/2022,NONE,0.52,5.50%,,,559.85,Regionalbank,,23.0,,,,,,24.96,,,24.86,24.76,0.42,0.81,22.73,25.77,19.61,26.01,24.57,1.84,-1.2,45.98549,43.850244,50.629213,23.931034,-1.44,4.96,24.90313,59.657143,6489,6131,4153,5591
VLYPP,VLYPP,VLY,NFF,,10.0,05/27/2025,6/30/2025,NONE,0.39,6.25%,,,559.85,Regionalbank,,6.0,,,,,,25.13,,,24.72,23.99,1.65,4.76,21.71,25.68,15.5,25.68,24.77,3.06,-0.91,40.036276,29.849358,28.696629,19.931034,-0.91,9.27,18.584203,35.028571,9717,9204,4479,7800
VOYA PRB,VOYA-B,VOYA,NFF,,8.0,06/13/2025,9/15/2029,NONE,0.33,5.35%,,,96.09,Financialconglomerates,,23.0,,,,,,24.26,,,24.18,24.66,0.39,-1.57,22.81,26.63,19.83,26.63,24.02,1.21,-2.61,46.130593,52.286221,61.955056,43.37931,-2.61,4.19,38.852459,64.057143,17351,18052,13003,16135
WAL PRA,WAL-A,WAL,NFF,,10.0,06/30/2025,9/30/2026,NONE,0.27,4.25%,,,110.43,Regionalbank,,40.0,,,,,,21.61,,,21.91,20.59,-1.37,4.95,19.57,23.0,13.04,23.0,21.46,1.89,-1.54,54.643289,29.175897,49.730337,28.62069,-1.54,8.42,26.09538,39.885714,41807,37450,35523,38260
WBS PRG,WBS-G,WBS,,,8.0,06/13/2025,4/15/2018,NONE,0.41,6.50%,25.24,20.25,168.44,Regionalbank,,23.0,,,,,,23.98,3.73,-1.26,23.41,23.6,2.41,1.59,21.26,25.26,18.12,25.26,23.67,2.41,-1.59,36.360339,41.085512,40.382022,29.310345,-1.59,5.55,26.691505,56.285714,8576,10194,5357,8043
WCC PRA,WCC-A,WCC,NFF,,8.0,05/28/2025,6/22/2025,NONE,0.66,10.63%,,,48.81,Industrialdistribution,,7.0,,,,,,25.5,,,25.56,25.91,-0.23,-1.59,25.24,26.48,25.24,27.39,24.89,-0.35,-1.59,49.129383,52.357111,90.0,29.310345,-2.5,-0.35,37.540984,90.0,54381,62341,70414,62379
WHFCL,WHFCL,WHF,,BB,8.0,07/28/2025,9/15/2025,9/15/2028,0.49,7.88%,,24.85,23.24,Assetmanagement,,68.0,,,,,,25.45,0.6,,25.34,25.34,0.44,0.42,25.01,25.73,24.54,27.41,25.33,0.32,-0.4,45.888755,45.23261,77.955056,12.896552,-2.08,0.79,32.533532,83.485714,2164,2206,2102,2157
WSBCP,WSBCP,WSBC,NFF,,8.0,07/01/2025,11/15/2025,NONE,0.42,6.75%,,,95.79,Regionalbank,,41.0,,,,,,25.17,,,25.18,25.0,-0.05,0.69,24.42,25.6,21.01,25.6,24.94,0.52,-0.66,48.258767,44.275587,74.359551,16.482759,-0.66,3.93,15.603577,65.542857,7208,6100,7776,7028
WTFCM,WTFCM,WTFC,NFF,,8.0,07/01/2025,7/15/2025,NONE,0.41,6.50%,,,66.87,Regionalbank,,41.0,,,,,,25.1,,,25.07,24.87,0.12,0.93,24.34,25.5,20.46,25.5,24.88,0.54,-0.62,47.436518,43.4249,74.0,15.931034,-0.62,4.42,15.126677,62.742857,7727,9257,23479,13488
WTFCP,WTFCP,WTFC,NFF,,8.0,07/14/2025,7/15/2025,NONE,0.43,6.88%,,,66.87,Regionalbank,,54.0,,,,,,25.16,,,25.16,25.09,0.01,0.28,24.68,25.49,22.47,25.49,24.99,0.31,-0.5,47.968561,45.728844,78.134831,14.275862,-0.5,2.52,13.695976,73.6,36638,48974,35836,40483
XFLT PRA,XFLT-A,XFLT,,,8.0,06/30/2025,3/31/2023,3/31/2026,0.41,6.50%,25.46,24.54,76.12,Cef,,40.0,,,,,,25.14,0.6,-0.32,25.12,24.96,0.1,0.72,24.61,25.45,24.21,25.45,24.91,0.3,-0.54,47.533253,44.169251,78.314607,14.827586,-0.54,0.7,14.172876,84.0,3153,2176,1221,2183
XOMAO,XOMAO,XOMA,,,8.0,06/30/2025,4/15/2022,NONE,0.52,8.38%,25.3,22.56,11.95,Biotechnology,,40.0,,,,,,25.3,2.74,0.0,25.3,25.33,-0.0,-0.11,23.32,25.87,20.43,25.87,25.01,1.69,-0.86,48.016929,47.11121,53.325843,19.241379,-0.86,4.58,17.988077,61.828571,3223,2764,4362,3449
XOMAP,XOMAP,XOMA,,,,30/06/2025,12/15/2021,NONE,0.54,8.63%,25.92,22.76,11.95,Biotechnology,,,,,,,,25.41,2.65,-0.51,25.69,25.63,-1.08,-0.84,24.96,26.51,21.4,26.51,25.41,0.45,-1.1,53.240629,49.698715,75.617978,22.551724,-1.1,4.01,20.849478,65.085714,1253,1284,954,1164
,,,,,,,,,,,,,,,,,,,,X,X,,,,11.41,11.37,-1.54,-1.22,10.69,11.93,9.11,11.93,,,,55.465538,51.045636,,,,,,,83665,71079,67392,74045
