"PREF IBKR","CMON","BOND_","CRDT SCORE_","EX-DIV DATE","CALL DATE","MATUR DATE","DIV AMOUNT","COUPON","Aug2022_Price","Oct19_Price","Last Price","Oct19_diff","Aug2022_diff","SMA88","SMA268","SMA88 chg","SMA268 chg","6M Low","6M High","1Y Low","1Y High","TIME TO DIV","Div adj.price","6M_Low_diff","6M_High_diff","SMA88_chg_norm","SMA268_chg_norm","6M_Low_diff_norm","6M_High_diff_norm","Aug4_chg","Oct19_chg","Aug4_chg_norm","Oct19_chg_norm","1Y_High_diff","1Y_Low_diff","1Y_High_diff_norm","1Y_Low_diff_norm"
"ACGLN","ACGL","","12","12/13/2024","","","0.280000","4.55%","21.700000","16.620000","17.060000","0.440000","-4.640000","17.860000","19.120000","-4.500000","-10.760000","16.440000","20.990000","16.440000","21.220000","21.000000","16.850000","0.410000","-4.140000","71.610542","72.411348","75.704467","60.306306","-4.850000","0.230000","61.048593","69.977350","-4.370000","0.410000","63.284672","88.167239"
"ACGLO","ACGL","","11.5","12/13/2024","","","0.340000","5.45%","24.930000","19.340000","20.640000","1.300000","-4.290000","21.140000","22.280000","-2.350000","-7.370000","19.990000","23.930000","19.200000","24.500000","21.000000","20.380000","0.390000","-3.550000","59.019034","57.615930","76.254296","51.801802","-4.550000","1.040000","57.979540","62.638732","-4.120000","1.180000","59.635036","81.111111"
"ACP PRA","ACP","","15","12/16/2024","","","0.330000","5.25%","24.610000","21.470000","21.460000","-0.010000","-3.150000","21.710000","23.240000","-1.150000","-7.660000","20.210000","25.000000","19.650000","26.330000","24.000000","21.220000","1.010000","-3.780000","51.991215","58.881615","59.209622","55.117117","-3.390000","-0.250000","46.112532","74.326161","-5.110000","1.570000","74.087591","77.537228"
"ADC PRA","ADC","","11","10/22/2024","","","0.270000","4.25%","20.920000","15.830000","17.540000","1.710000","-3.380000","17.610000","18.440000","-0.390000","-4.890000","16.960000","21.940000","15.710000","21.940000","59.000000","17.450000","0.490000","-4.490000","47.540264","46.792144","73.505155","65.351351","-3.470000","1.620000","46.930946","57.383918","-4.490000","1.740000","65.036496","75.979381"
"AEFC","AEG","BB","12.5","11/29/2024","12/15/2024","","0.320000","5.10%","24.320000","18.560000","20.180000","1.620000","-4.140000","20.390000","21.200000","-1.010000","-4.830000","18.610000","22.900000","18.240000","22.900000","7.000000","19.880000","1.270000","-3.020000","51.171303","46.530278","52.061856","44.162162","-4.440000","1.320000","56.854220","60.101925","-3.020000","1.640000","43.576642","76.895762"
"AFGB","AFG","BB","11.5","12/13/2024","","","0.370000","5.88%","26.830000","21.400000","21.270000","-0.130000","-5.560000","22.090000","23.420000","-3.700000","-9.170000","20.680000","25.270000","20.680000","25.270000","21.000000","20.990000","0.310000","-4.280000","66.925329","65.471904","78.453608","62.324324","-5.840000","-0.410000","71.176471","75.775764","-4.280000","0.310000","61.970803","89.083620"
"AFGC","AFG","BB","11.5","11/29/2024","","","0.320000","5.13%","26.220000","18.460000","18.840000","0.380000","-7.380000","19.630000","20.950000","-4.040000","-10.080000","18.200000","23.420000","18.200000","23.420000","7.000000","18.540000","0.340000","-4.880000","68.916545","69.443535","77.628866","70.972973","-7.680000","0.080000","90.000000","71.336353","-4.880000","0.340000","70.729927","88.808706"
"AFGD","AFG","BB","11.5","11/15/2024","","","0.350000","5.63%","25.560000","20.360000","20.100000","-0.260000","-5.460000","21.310000","22.970000","-5.700000","-12.500000","18.190000","25.610000","18.190000","25.610000","83.000000","20.070000","1.880000","-5.540000","78.638360","80.005456","35.292096","80.486486","-5.490000","-0.290000","67.595908","74.688562","-5.540000","1.880000","80.364964","74.696449"
"AFGE","AFG","BB","11.5","11/29/2024","","","0.280000","4.50%","22.310000","16.580000","16.680000","0.100000","-5.630000","17.430000","18.800000","-4.300000","-11.290000","16.260000","21.210000","16.200000","21.780000","7.000000","16.420000","0.160000","-4.790000","70.439239","74.724495","82.577320","69.675676","-5.890000","-0.160000","71.687980","73.510759","-5.360000","0.220000","77.737226","89.908362"
"AGM PRD","AGM","","NR","12/27/2024","","","0.360000","5.70%","25.280000","21.040000","21.910000","0.870000","-3.370000","22.240000","23.000000","-1.500000","-4.730000","21.350000","24.860000","20.260000","25.700000","35.000000","21.690000","0.340000","-3.170000","54.040996","46.093835","77.628866","46.324324","-3.590000","0.650000","48.158568","66.172140","-4.010000","1.430000","58.029197","78.820160"
"AGM PRE","AGM","","NR","12/27/2024","","","0.360000","5.75%","24.900000","21.550000","21.720000","0.170000","-3.180000","22.390000","23.150000","-2.990000","-6.190000","21.420000","24.740000","20.310000","24.930000","35.000000","21.500000","0.080000","-3.240000","62.767204","52.465903","84.776632","47.333333","-3.400000","-0.050000","46.214834","72.514156","-3.430000","1.190000","49.562044","81.019473"
"AGM PRF","AGM","","NR","12/27/2024","","","0.330000","5.25%","22.500000","19.900000","20.210000","0.310000","-2.290000","20.670000","21.330000","-2.220000","-5.260000","19.810000","23.390000","17.820000","23.990000","35.000000","20.010000","0.200000","-3.380000","58.257687","48.406983","81.477663","49.351351","-2.490000","0.110000","36.905371","71.064553","-3.980000","2.190000","57.591241","71.855670"
"AGM PRG","AGM","","NR","12/27/2024","","","0.300000","4.88%","21.800000","18.200000","18.910000","0.710000","-2.890000","19.240000","19.920000","-1.720000","-5.080000","18.370000","22.370000","17.160000","22.370000","35.000000","18.730000","0.360000","-3.640000","55.329429","47.621386","77.079038","53.099099","-3.070000","0.530000","42.838875","67.259343","-3.640000","1.570000","52.627737","77.537228"
"AHH PRA","AHH","","NR","1/2/2025","","","0.420000","6.75%","26.430000","20.500000","21.900000","1.400000","-4.530000","21.920000","22.490000","-0.080000","-2.630000","19.880000","25.760000","19.520000","25.760000","41.000000","21.670000","1.790000","-4.090000","45.724744","36.928532","37.766323","59.585586","-4.760000","1.170000","60.127877","61.460929","-4.090000","2.150000","59.197080","72.222222"
"AIZN","AIZ","BB","10","12/27/2024","","","0.330000","5.25%","24.000000","17.740000","20.580000","2.840000","-3.420000","19.870000","21.030000","3.580000","-2.120000","18.010000","23.140000","17.700000","23.140000","35.000000","20.380000","2.370000","-2.760000","24.289898","34.702673","21.821306","40.414414","-3.620000","2.640000","48.465473","48.142695","-2.760000","2.680000","39.781022","67.365407"
"ALL PRH","ALL","","12","12/27/2024","","","0.320000","5.10%","24.780000","18.740000","20.840000","2.100000","-3.940000","21.500000","22.340000","-3.080000","-6.700000","19.370000","24.970000","18.380000","24.970000","35.000000","20.640000","1.270000","-4.330000","63.294290","54.691762","52.061856","63.045045","-4.140000","1.900000","53.785166","54.847112","-4.330000","2.260000","62.700730","71.214204"
"ALL PRI","ALL","","12","12/27/2024","","","0.300000","4.75%","24.920000","17.850000","19.320000","1.470000","-5.600000","19.980000","21.060000","-3.290000","-8.280000","18.560000","24.490000","17.500000","24.490000","35.000000","19.140000","0.580000","-5.350000","64.524158","61.587561","71.030928","77.747748","-5.780000","1.290000","70.562660","60.373726","-5.350000","1.640000","77.591241","76.895762"
"AMH PRG","AMH","","9","12/13/2024","","","0.370000","5.88%","25.470000","21.430000","23.520000","2.090000","-1.950000","23.100000","23.360000","1.810000","0.670000","21.760000","25.340000","21.100000","25.340000","21.000000","23.240000","1.480000","-2.100000","34.655930","22.525914","46.288660","30.900901","-2.230000","1.810000","34.245524","55.662514","-2.100000","2.140000","30.145985","72.313860"
"AMH PRH","AMH","","9","12/13/2024","","","0.390000","6.25%","25.850000","22.380000","24.930000","2.550000","-0.920000","24.170000","24.270000","3.140000","2.720000","22.700000","26.250000","21.740000","26.250000","21.000000","24.630000","1.930000","-1.620000","26.866764","13.578833","33.917526","23.981982","-1.220000","2.250000","23.913043","51.676104","-1.620000","2.890000","23.138686","65.441008"
"ASB PRE","ASB","","10","12/2/2024","","","0.370000","5.88%","25.100000","16.770000","20.570000","3.800000","-4.530000","21.000000","21.400000","-2.050000","-3.870000","19.250000","23.750000","15.750000","23.750000","10.000000","20.240000","0.990000","-3.510000","57.262079","42.340426","59.759450","51.225225","-4.860000","3.470000","61.150895","40.622877","-3.510000","4.490000","50.729927","50.778923"
"ASB PRF","ASB","","10","12/2/2024","","","0.350000","5.63%","25.250000","16.400000","19.700000","3.300000","-5.550000","20.080000","20.460000","-1.880000","-3.730000","18.510000","22.910000","14.910000","22.910000","10.000000","19.390000","0.880000","-3.520000","56.266471","41.729405","62.783505","51.369369","-5.860000","2.990000","71.381074","44.971687","-3.520000","4.480000","50.875912","50.870561"
"ATH PRB","-","","11","12/13/2024","","","0.350000","5.63%","25.260000","18.000000","19.730000","1.730000","-5.530000","20.110000","21.260000","-1.890000","-7.200000","18.340000","23.530000","16.660000","23.530000","21.000000","19.460000","1.120000","-4.070000","56.325037","56.873977","56.185567","59.297297","-5.800000","1.460000","70.767263","58.833522","-4.070000","2.800000","58.905109","66.265750"
"ATH PRD","-","","11","12/13/2024","","","0.300000","4.88%","21.690000","15.240000","17.030000","1.790000","-4.660000","17.400000","18.460000","-2.120000","-7.760000","15.860000","20.610000","15.190000","20.610000","21.000000","16.800000","0.940000","-3.810000","57.672035","59.318058","61.134021","55.549550","-4.890000","1.560000","61.457801","57.927520","-3.810000","1.610000","55.109489","77.170676"
"AXS PRE","AXS","","11.5","12/26/2024","","","0.340000","5.50%","24.040000","19.260000","20.050000","0.790000","-3.990000","20.740000","21.560000","-3.330000","-6.990000","19.450000","23.660000","18.770000","23.660000","34.000000","19.840000","0.390000","-3.820000","64.758419","55.957447","76.254296","55.693694","-4.200000","0.580000","54.398977","66.806342","-3.820000","1.070000","55.255474","82.119129"
"BAC PRB","BAC","","11","10/29/2024","6/16/2023","","0.380000","6.00%","25.690000","23.020000","24.510000","1.490000","-1.180000","24.960000","25.100000","-1.790000","-2.360000","24.150000","25.630000","22.300000","25.630000","66.000000","24.410000","0.260000","-1.220000","55.739385","35.750136","79.828179","18.216216","-1.280000","1.390000","24.526854","59.467724","-1.220000","2.110000","17.299270","72.588774"
"BAC PRK","BAC","","11","1/2/2025","","","0.370000","5.88%","25.680000","22.000000","23.980000","1.980000","-1.700000","24.570000","24.840000","-2.400000","-3.450000","23.450000","25.430000","21.510000","25.430000","41.000000","23.780000","0.330000","-1.650000","59.311859","40.507365","77.903780","24.414414","-1.900000","1.780000","30.869565","55.934315","-1.650000","2.270000","23.576642","71.122566"
"BAC PRM","BAC","","11","12/2/2024","","","0.340000","5.38%","25.180000","20.700000","21.770000","1.070000","-3.410000","22.660000","23.290000","-3.930000","-6.550000","21.440000","24.880000","20.540000","24.880000","10.000000","21.470000","0.030000","-3.410000","68.272328","54.037098","86.151203","49.783784","-3.710000","0.770000","49.386189","65.084938","-3.410000","0.930000","49.270073","83.402062"
"BAC PRN","BAC","","11","12/2/2024","","","0.310000","5.00%","23.900000","19.250000","20.160000","0.910000","-3.740000","21.030000","21.900000","-4.120000","-7.940000","19.500000","24.040000","19.000000","24.040000","10.000000","19.880000","0.380000","-4.160000","69.385066","60.103655","76.529210","60.594595","-4.020000","0.630000","52.557545","66.353341","-4.160000","0.880000","60.218978","83.860252"
"BAC PRO","BAC","","11","10/15/2024","11/3/2025","","0.270000","4.38%","21.390000","16.540000","17.600000","1.060000","-3.790000","18.510000","19.390000","-4.920000","-9.220000","17.300000","21.540000","16.350000","21.540000","52.000000","17.490000","0.190000","-4.050000","74.070278","65.690125","81.752577","59.009009","-3.900000","0.950000","51.329923","63.454134","-4.050000","1.140000","58.613139","81.477663"
"BAC PRP","BAC","","11","10/15/2024","","","0.260000","4.12%","20.800000","15.570000","16.570000","1.000000","-4.230000","17.500000","18.320000","-5.290000","-9.570000","16.260000","20.580000","15.400000","20.580000","52.000000","16.460000","0.200000","-4.120000","76.237189","67.217676","81.477663","60.018018","-4.340000","0.890000","55.831202","63.997735","-4.120000","1.060000","59.635036","82.210767"
"BAC PRQ","BAC","","11","11/1/2024","","","0.270000","4.25%","20.460000","16.110000","16.970000","0.860000","-3.490000","17.940000","18.740000","-5.380000","-9.460000","16.740000","21.000000","15.980000","21.000000","69.000000","16.910000","0.170000","-4.090000","76.764275","66.737589","82.302405","59.585586","-3.550000","0.800000","47.749361","64.813137","-4.090000","0.930000","59.197080","83.402062"
"BAC PRS","BAC","","11","11/1/2024","","","0.300000","4.75%","22.490000","18.240000","19.100000","0.860000","-3.390000","20.080000","20.950000","-4.870000","-8.840000","18.780000","23.440000","17.820000","23.440000","69.000000","19.030000","0.250000","-4.410000","73.777452","64.031642","80.103093","64.198198","-3.460000","0.790000","46.828645","64.903737","-4.410000","1.210000","63.868613","80.836197"
"BCV PRA","BCV","","16","12/16/2024","","","0.340000","5.39%","24.690000","22.150000","22.170000","0.030000","-2.510000","22.410000","22.970000","-1.040000","-3.450000","21.510000","24.710000","21.510000","25.260000","24.000000","21.930000","0.420000","-2.780000","51.346999","40.507365","75.429553","40.702703","-2.760000","-0.220000","39.667519","74.054360","-3.330000","0.420000","48.102190","88.075601"
"BFS PRD","BFS","","NR","12/27/2024","","","0.380000","6.13%","24.150000","19.300000","21.250000","1.950000","-2.900000","21.000000","21.420000","1.210000","-0.810000","19.300000","23.770000","19.010000","23.950000","35.000000","21.020000","1.720000","-2.750000","38.169839","28.985270","39.690722","40.270270","-3.130000","1.720000","43.452685","56.477916","-2.930000","2.010000","42.262774","73.505155"
"BFS PRE","BFS","","NR","12/27/2024","","","0.380000","6.00%","24.600000","18.930000","20.850000","1.920000","-3.750000","20.820000","21.370000","0.150000","-2.450000","18.340000","24.060000","18.340000","24.490000","35.000000","20.620000","2.280000","-3.440000","44.377745","36.142935","24.295533","50.216216","-3.980000","1.690000","52.148338","56.749717","-3.870000","2.280000","55.985401","71.030928"
"BHFAL","BHF","BB","10.5","12/2/2024","9/15/2023","","0.390000","6.25%","26.350000","20.690000","20.220000","-0.390000","-6.050000","21.240000","22.810000","-4.420000","-10.990000","19.260000","25.470000","19.100000","25.470000","10.000000","19.950000","0.690000","-5.520000","71.142020","73.415166","68.006873","80.198198","-6.400000","-0.740000","76.905371","78.765572","-5.520000","0.850000","80.072993","84.135166"
"BHFAM","BHF","","10.5","12/6/2024","","","0.290000","4.63%","21.130000","13.350000","14.910000","1.560000","-6.220000","14.810000","16.200000","0.650000","-7.970000","13.280000","18.950000","13.030000","18.950000","14.000000","14.670000","1.390000","-4.280000","41.449488","60.234588","48.762887","62.324324","-6.460000","1.320000","77.519182","60.101925","-4.280000","1.640000","61.970803","76.895762"
"BHFAN","BHF","","10","12/6/2024","","","0.340000","5.38%","22.690000","15.270000","16.250000","1.060000","-6.360000","16.460000","18.490000","-0.770000","-11.670000","14.540000","21.630000","14.540000","21.630000","14.000000","16.040000","1.500000","-5.590000","49.765739","76.382979","45.738832","81.207207","-6.650000","0.770000","79.462916","65.084938","-5.590000","1.500000","81.094891","78.178694"
"BHFAO","BHF","","10","12/6/2024","6/25/2025","","0.420000","6.75%","26.510000","21.170000","20.150000","-1.020000","-6.360000","21.100000","23.430000","-4.520000","-14.010000","18.530000","26.000000","18.530000","26.000000","14.000000","19.800000","1.270000","-6.200000","71.727672","86.595745","52.061856","90.000000","-6.710000","-1.370000","80.076726","84.473386","-6.200000","1.270000","90.000000","80.286369"
"BHFAP","BHF","","10","12/6/2024","","","0.410000","6.60%","26.100000","20.010000","19.690000","-0.320000","-6.410000","20.680000","22.680000","-4.770000","-13.190000","18.380000","25.510000","18.380000","25.510000","14.000000","19.340000","0.960000","-6.170000","73.191801","83.016912","60.584192","89.567568","-6.760000","-0.670000","80.588235","78.131370","-6.170000","0.960000","89.562044","83.127148"
"BOH PRA","BOH","","12","10/17/2024","8/1/2026","","0.270000","4.38%","20.440000","13.050000","15.470000","2.410000","-4.980000","15.890000","16.600000","-2.710000","-6.850000","14.510000","19.240000","12.860000","19.240000","54.000000","15.350000","0.840000","-3.890000","61.127379","55.346427","63.883162","56.702703","-5.090000","2.300000","63.503836","51.223103","-3.890000","2.490000","56.277372","69.106529"
"BWBBP","BWB","","NR","11/11/2024","8/17/2026","","0.370000","5.88%","23.520000","16.570000","18.783400","2.240000","-4.710000","19.140000","19.060000","-1.730000","-1.330000","18.100000","22.000000","14.480000","22.000000","79.000000","18.760000","0.660000","-3.240000","55.387994","31.254774","68.831615","47.333333","-4.760000","2.190000","60.127877","52.219706","-3.240000","4.280000","46.788321","52.703322"
"CADE PRA","CADE","","NR","11/1/2024","11/20/2024","","0.340000","5.50%","24.160000","16.690000","20.880000","4.190000","-3.280000","21.160000","21.180000","-1.340000","-1.430000","19.600000","23.490000","16.130000","23.490000","69.000000","20.800000","1.200000","-2.690000","53.103953","31.691217","53.986254","39.405405","-3.360000","4.110000","45.805627","34.824462","-2.690000","4.670000","38.759124","49.129439"
"CFG PRE","CFG","","10","12/18/2024","","","0.310000","5.00%","22.340000","16.200000","19.200000","3.000000","-3.140000","19.610000","20.380000","-2.090000","-5.810000","17.990000","23.380000","15.170000","23.380000","26.000000","18.980000","0.990000","-4.400000","57.496340","50.807420","59.759450","64.054054","-3.360000","2.780000","45.805627","46.874292","-4.400000","3.810000","63.722628","57.010309"
"CFR PRB","CFR","","11.5","11/27/2024","","","0.280000","4.45%","21.800000","15.890000","17.730000","1.840000","-4.070000","17.720000","18.780000","0.050000","-5.580000","16.340000","22.150000","15.600000","22.150000","5.000000","17.470000","1.130000","-4.680000","44.963397","49.803601","55.910653","68.090090","-4.330000","1.580000","55.728900","57.746319","-4.680000","1.870000","67.810219","74.788087"
"CIM PRA","CIM","","NR","12/11/2024","10/21/2021","","0.500000","8.00%","22.820000","18.150000","22.320000","4.170000","-0.500000","21.960000","22.520000","1.620000","-0.870000","19.850000","24.560000","17.330000","24.560000","19.000000","21.930000","2.080000","-2.630000","35.768668","29.247136","29.793814","38.540541","-0.890000","3.780000","20.537084","37.814270","-2.630000","4.600000","37.883212","49.770905"
"CIO PRA","CIO","","NR","1/8/2025","9/15/2021","","0.410000","6.63%","24.000000","15.060000","19.220000","4.170000","-4.770000","18.530000","18.580000","3.750000","3.510000","16.860000","21.060000","14.160000","21.790000","47.000000","19.030000","2.170000","-2.030000","23.294290","10.130933","27.319588","29.891892","-4.970000","3.970000","62.276215","36.092865","-2.760000","4.870000","39.781022","47.296678"
"CLDT PRA","CLDT","","NR","12/27/2024","","","0.410000","6.63%","24.330000","19.640000","20.610000","0.970000","-3.720000","20.540000","21.540000","0.360000","-4.330000","18.180000","24.490000","18.180000","24.490000","35.000000","20.360000","2.180000","-4.130000","43.147877","44.348063","27.044674","60.162162","-3.970000","0.720000","52.046036","65.537939","-4.130000","2.180000","59.781022","71.947308"
"CMS PRC","CMS","","10.5","1/2/2025","","","0.260000","4.20%","20.810000","17.980000","16.950000","-1.030000","-3.860000","17.510000","18.630000","-3.200000","-9.030000","16.060000","20.920000","16.060000","21.680000","41.000000","16.810000","0.750000","-4.110000","63.997072","64.860884","66.357388","59.873874","-4.000000","-1.170000","52.352941","82.661382","-4.870000","0.750000","70.583942","85.051546"
"CMSA","CMS","BB","11.5","11/29/2024","3/15/2023","","0.350000","5.63%","26.190000","21.250000","","0.170000","-4.770000","22.150000","23.570000","-3.280000","-9.110000","20.660000","25.530000","20.660000","25.530000","7.000000","21.100000","0.440000","-4.430000","64.465593","65.210038","74.879725","64.486486","-5.090000","-0.150000","63.503836","73.420159","-4.430000","0.440000","64.160584","87.892325"
"CMSC","CMS","BB","11.5","12/27/2024","10/15/2023","","0.370000","5.88%","25.190000","21.740000","22.160000","0.420000","-3.030000","22.840000","23.920000","-2.970000","-7.370000","21.280000","25.360000","21.280000","25.360000","35.000000","21.930000","0.650000","-3.430000","62.650073","57.615930","69.106529","50.072072","-3.260000","0.190000","44.782609","70.339751","-3.430000","0.650000","49.562044","85.967927"
"CMSD","CMS","BB","11.5","11/15/2024","","","0.370000","5.88%","25.590000","21.910000","22.170000","0.260000","-3.420000","23.050000","24.010000","-3.830000","-7.660000","21.720000","25.300000","21.720000","25.310000","83.000000","22.140000","0.420000","-3.160000","67.686676","58.881615","75.429553","46.180180","-3.450000","0.230000","46.726343","69.977350","-3.170000","0.420000","45.766423","88.075601"
"CNO PRA","CNO","BB","NR","11/15/2024","11/25/2025","","0.320000","5.13%","22.080000","14.950000","17.540000","2.590000","-4.540000","18.990000","20.030000","-7.640000","-12.450000","16.540000","22.220000","14.560000","22.530000","83.000000","17.520000","0.980000","-4.700000","90.000000","79.787234","60.034364","68.378378","-4.560000","2.570000","58.081841","48.776897","-5.010000","2.960000","72.627737","64.799542"
"COF PRI","COF","","10","11/13/2024","","","0.310000","5.00%","23.210000","16.120000","19.050000","2.930000","-4.160000","19.370000","20.030000","-1.670000","-4.880000","17.750000","22.040000","15.650000","22.040000","81.000000","19.020000","1.270000","-3.020000","55.036603","46.748500","52.061856","44.162162","-4.190000","2.900000","54.296675","45.787089","-3.020000","3.370000","43.576642","61.042383"
"COF PRJ","COF","","10","11/13/2024","","","0.300000","4.80%","21.900000","15.540000","18.140000","2.600000","-3.760000","18.530000","19.110000","-2.080000","-5.080000","16.970000","20.850000","15.050000","20.850000","81.000000","18.110000","1.140000","-2.740000","57.437775","47.621386","55.635739","40.126126","-3.790000","2.570000","50.204604","48.776897","-2.740000","3.060000","39.489051","63.883162"
"COF PRK","COF","","10","11/13/2024","","","0.290000","4.63%","22.170000","14.990000","17.660000","2.670000","-4.510000","17.930000","18.840000","-1.480000","-6.290000","16.460000","21.070000","14.640000","21.070000","81.000000","17.630000","1.170000","-3.440000","53.923865","52.902346","54.810997","50.216216","-4.540000","2.640000","57.877238","48.142695","-3.440000","2.990000","49.708029","64.524628"
"COF PRL","COF","","10","11/13/2024","","","0.270000","4.38%","20.060000","13.840000","16.700000","2.860000","-3.360000","16.950000","17.810000","-1.460000","-6.240000","15.420000","20.160000","13.570000","20.160000","81.000000","16.670000","1.250000","-3.490000","53.806735","52.684124","52.611684","50.936937","-3.390000","2.830000","46.112532","46.421291","-3.490000","3.100000","50.437956","63.516609"
"COF PRN","COF","","10","11/13/2024","","","0.270000","4.25%","19.940000","13.680000","16.540000","2.860000","-3.400000","16.600000","17.330000","-0.370000","-4.550000","15.150000","19.810000","13.260000","19.810000","81.000000","16.510000","1.360000","-3.300000","47.423133","45.308238","49.587629","48.198198","-3.430000","2.830000","46.521739","46.421291","-3.300000","3.250000","47.664234","62.142039"
"CUBB","CUBI","BB","NR","12/13/2024","","","0.340000","5.38%","23.560000","18.750000","20.360000","1.610000","-3.200000","19.810000","19.920000","2.750000","2.200000","18.300000","21.850000","16.500000","22.000000","21.000000","20.100000","1.800000","-1.750000","29.150805","15.848336","37.491409","25.855856","-3.460000","1.350000","46.828645","59.830125","-1.900000","3.600000","27.226277","58.934708"
"DCOMP","DCOM","","8","11/5/2024","2/15/2025","","0.340000","5.50%","22.380000","14.510000","18.890000","4.370000","-3.500000","19.310000","18.990000","-2.210000","-0.560000","17.510000","21.440000","13.300000","21.440000","73.000000","18.820000","1.310000","-2.620000","58.199122","27.894163","50.962199","38.396396","-3.560000","4.310000","47.851662","33.012458","-2.620000","5.520000","37.737226","41.340206"
"DLR PRJ","DLR","","10.5","12/13/2024","","","0.330000","5.25%","25.380000","19.550000","21.370000","1.820000","-4.010000","21.310000","22.230000","0.300000","-3.860000","20.020000","24.630000","19.060000","24.630000","21.000000","21.120000","1.100000","-3.510000","43.499268","42.296781","56.735395","51.225225","-4.260000","1.570000","55.012788","57.836920","-3.510000","2.060000","50.729927","73.046964"
"DLR PRK","DLR","","10.5","12/13/2024","","","0.370000","5.88%","26.400000","22.000000","23.220000","1.220000","-3.180000","23.540000","24.170000","-1.350000","-3.920000","22.100000","25.610000","21.400000","25.610000","21.000000","22.940000","0.840000","-2.670000","53.162518","42.558647","63.883162","39.117117","-3.460000","0.940000","46.828645","63.544734","-2.670000","1.540000","38.467153","77.812142"
"DLR PRL","DLR","","10.5","12/13/2024","","","0.330000","5.20%","25.370000","19.320000","20.560000","1.240000","-4.810000","20.780000","21.890000","-1.050000","-6.070000","19.610000","24.450000","19.010000","24.450000","21.000000","20.310000","0.700000","-4.140000","51.405564","51.942171","67.731959","60.306306","-5.060000","0.990000","63.196931","63.091733","-4.140000","1.300000","59.927007","80.011455"
"DTB","DTE","BB","11.5","12/27/2024","","","0.270000","4.38%","22.290000","17.300000","17.390000","0.090000","-4.900000","18.140000","19.360000","-4.110000","-10.160000","16.980000","21.900000","16.980000","22.860000","35.000000","17.230000","0.250000","-4.670000","69.326501","69.792690","80.103093","67.945946","-5.060000","-0.070000","63.196931","72.695357","-5.630000","0.250000","81.678832","89.633448"
"DTG","DTE","BB","11.5","11/15/2024","","","0.270000","4.38%","20.890000","17.320000","17.330000","0.010000","-3.560000","18.130000","19.430000","-4.390000","-10.800000","16.880000","22.050000","16.880000","22.250000","83.000000","17.310000","0.430000","-4.740000","70.966325","72.585925","75.154639","68.954955","-3.580000","-0.010000","48.056266","72.151755","-4.940000","0.430000","71.605839","87.983963"
"DTW","DTE","BB","11.5","11/15/2024","12/1/2022","","0.330000","5.25%","25.420000","20.880000","21.370000","0.480000","-4.060000","22.010000","23.020000","-2.970000","-7.220000","20.550000","25.110000","20.420000","25.170000","83.000000","21.330000","0.780000","-3.780000","62.650073","56.961266","65.532646","55.117117","-4.090000","0.450000","53.273657","67.984145","-3.840000","0.910000","55.547445","83.585338"
"DUK PRA","DUK","","11","11/15/2024","","","0.360000","5.75%","26.490000","22.910000","24.780000","1.870000","-1.710000","24.900000","25.000000","-0.460000","-0.860000","24.060000","25.660000","22.710000","25.730000","83.000000","24.750000","0.690000","-0.910000","47.950220","29.203492","68.006873","13.747748","-1.740000","1.840000","29.232737","55.390713","-0.980000","2.040000","13.795620","73.230241"
"DUKB","DUK","BB","12","12/13/2024","","","0.350000","5.63%","26.080000","21.930000","24.920000","2.990000","-1.160000","24.510000","24.690000","1.660000","0.930000","23.300000","25.470000","21.800000","25.590000","21.000000","24.650000","1.350000","-0.820000","35.534407","21.391162","49.862543","12.450450","-1.430000","2.720000","26.061381","47.417894","-0.940000","2.850000","13.211679","65.807560"
"ECF PRA","ECF","","16","12/16/2024","","","0.330000","5.25%","24.840000","21.830000","21.570000","-0.260000","-3.270000","22.050000","22.520000","-2.170000","-4.220000","20.210000","24.430000","20.210000","24.430000","24.000000","21.330000","1.120000","-3.100000","57.964861","43.867976","56.185567","45.315315","-3.510000","-0.500000","47.340153","76.591166","-3.100000","1.120000","44.744526","81.660939"
"EFSCP","EFSC","","NR","11/27/2024","","","0.310000","5.00%","21.750000","15.400000","19.110000","3.750000","-2.600000","18.960000","19.630000","0.980000","-2.440000","17.200000","22.220000","13.680000","22.220000","5.000000","18.860000","1.660000","-3.360000","39.516837","36.099291","41.340206","49.063063","-2.890000","3.460000","40.997442","40.713477","-3.360000","5.180000","48.540146","44.455899"
"ELC","ETR","BB","15","11/29/2024","","","0.300000","4.88%","25.300000","20.020000","20.500000","0.480000","-4.800000","20.930000","21.740000","-2.050000","-5.720000","19.930000","23.430000","19.860000","23.590000","7.000000","20.220000","0.290000","-3.210000","57.262079","50.414621","79.003436","46.900901","-5.080000","0.200000","63.401535","70.249151","-3.370000","0.360000","48.686131","88.625430"
"EMP","ETR","BB","14.5","12/27/2024","","","0.310000","4.90%","25.300000","20.070000","20.570000","0.500000","-4.730000","21.010000","21.970000","-2.110000","-6.380000","20.010000","23.610000","19.900000","24.230000","35.000000","20.380000","0.370000","-3.230000","57.613470","53.295145","76.804124","47.189189","-4.920000","0.310000","61.764706","69.252548","-3.850000","0.480000","55.693431","87.525773"
"ENJ","ETR","BB","14.5","11/29/2024","12/1/2017","","0.310000","5.00%","24.790000","19.490000","20.520000","1.030000","-4.270000","21.020000","21.800000","-2.390000","-5.870000","20.020000","24.590000","19.310000","24.590000","7.000000","20.230000","0.210000","-4.360000","59.253294","51.069285","81.202749","63.477477","-4.560000","0.740000","58.081841","65.356738","-4.360000","0.920000","63.138686","83.493700"
"ENO","ETR","BB","13","12/27/2024","","","0.340000","5.50%","25.400000","20.750000","22.270000","1.520000","-3.130000","22.210000","23.140000","0.290000","-3.740000","21.210000","25.320000","20.500000","25.320000","35.000000","22.060000","0.850000","-3.260000","43.557833","41.773050","63.608247","47.621622","-3.340000","1.310000","45.601023","60.192525","-3.260000","1.560000","47.080292","77.628866"
"EQH PRA","EQH","","10.5","11/29/2024","","","0.330000","5.25%","23.770000","17.790000","20.130000","2.340000","-3.640000","20.770000","21.790000","-3.100000","-7.640000","18.410000","23.890000","17.260000","23.890000","7.000000","19.830000","1.420000","-4.060000","63.411420","58.794326","47.938144","59.153153","-3.940000","2.040000","51.739130","53.578709","-4.060000","2.570000","58.759124","68.373425"
"EQH PRC","EQH","","10.5","11/29/2024","","","0.270000","4.30%","21.080000","13.950000","16.500000","2.550000","-4.580000","17.410000","18.300000","-5.230000","-9.830000","15.830000","20.690000","13.350000","20.690000","7.000000","16.250000","0.420000","-4.440000","75.885798","68.352428","75.429553","64.630631","-4.830000","2.300000","60.843990","51.223103","-4.440000","2.900000","64.306569","65.349370"
"ETI PR","ETR","","10","12/30/2024","","","0.340000","5.38%","25.500000","21.750000","22.920000","1.170000","-2.580000","23.760000","23.750000","-3.550000","-3.500000","22.710000","25.230000","21.390000","25.430000","38.000000","22.720000","0.010000","-2.510000","66.046852","40.725586","86.701031","36.810811","-2.780000","0.970000","39.872123","63.272933","-2.710000","1.330000","39.051095","79.736541"
"F PRB","F","BB","9.5","11/12/2024","6/1/2024","","0.390000","6.20%","26.790000","20.830000","20.440000","-0.390000","-6.350000","22.120000","23.590000","-7.580000","-13.350000","19.900000","25.390000","19.900000","25.640000","80.000000","20.400000","0.500000","-4.990000","89.648609","83.715221","73.230241","72.558559","-6.390000","-0.430000","76.803069","75.956965","-5.240000","0.500000","75.985401","87.342497"
"F PRC","F","BB","9","11/12/2024","12/1/2024","","0.380000","6.00%","25.990000","20.490000","20.250000","-0.240000","-5.740000","21.560000","23.200000","-6.080000","-12.730000","19.200000","25.350000","19.200000","25.380000","80.000000","20.210000","1.010000","-5.140000","80.863836","81.009274","59.209622","74.720721","-5.780000","-0.280000","70.562660","74.597961","-5.170000","1.010000","74.963504","82.668958"
"FBRT PRE","FBRT","","NR","12/27/2024","","","0.470000","7.50%","21.680000","18.200000","20.420000","2.220000","-1.260000","20.800000","21.450000","-1.830000","-4.810000","19.050000","23.650000","18.030000","23.650000","35.000000","20.130000","1.080000","-3.520000","55.973646","46.442990","57.285223","51.369369","-1.550000","1.930000","27.289003","54.575311","-3.520000","2.100000","50.875912","72.680412"
"FCNCO","FCNCA","","9.5","11/27/2024","","","0.350000","5.63%","24.080000","19.400000","22.710000","3.340000","-1.340000","22.440000","22.940000","1.340000","-0.880000","20.570000","24.830000","18.910000","24.830000","5.000000","22.410000","1.840000","-2.420000","37.408492","29.290780","36.391753","35.513514","-1.670000","3.010000","28.516624","44.790487","-2.420000","3.500000","34.817518","59.851088"
"FCNCP","FCNCA","","9.5","11/27/2024","","","0.340000","5.38%","23.660000","18.850000","21.200000","2.390000","-2.420000","21.720000","22.360000","-2.220000","-5.030000","19.300000","24.420000","18.690000","24.420000","5.000000","20.920000","1.620000","-3.500000","58.257687","47.403164","42.439863","51.081081","-2.740000","2.070000","39.462916","53.306908","-3.500000","2.230000","50.583942","71.489118"
"FHN PRF","FHN","","8.5","12/20/2024","","","0.290000","4.70%","","","17.700000","","","17.770000","18.370000","-0.390000","-3.640000","16.410000","21.480000","13.130000","21.480000","28.000000","17.500000","1.090000","-3.980000","47.540264","41.336607","57.010309","58.000000","","","","","-3.980000","4.370000","57.591241","51.878580"
"FITBO","FITB","","10.5","12/26/2024","","","0.310000","4.95%","25.790000","17.930000","21.610000","3.680000","-4.180000","21.800000","21.830000","-0.890000","-1.010000","19.520000","24.150000","17.580000","24.150000","34.000000","21.420000","1.900000","-2.730000","50.468521","29.858156","34.742268","39.981982","-4.370000","3.490000","56.138107","40.441676","-2.730000","3.840000","39.343066","56.735395"
"FITBP","FITB","","NR","12/26/2024","","","0.380000","6.00%","25.600000","22.130000","24.400000","2.370000","-1.100000","24.540000","24.420000","-0.170000","0.320000","23.040000","25.900000","21.010000","25.900000","34.000000","24.260000","1.220000","-1.640000","46.251830","24.053464","53.436426","24.270270","-1.340000","2.130000","25.140665","52.763307","-1.640000","3.250000","23.430657","62.142039"
"FRT PRC","FRT","","12.5","1/2/2025","","","0.310000","5.00%","25.750000","19.640000","20.320000","0.680000","-5.430000","20.920000","21.450000","-2.880000","-5.280000","19.410000","23.270000","18.570000","23.900000","41.000000","20.150000","0.740000","-3.120000","62.122987","48.494272","66.632302","45.603604","-5.600000","0.510000","68.721228","67.440544","-3.750000","1.580000","54.233577","77.445590"
"FULTP","FULT","","11","12/2/2024","","","0.320000","5.13%","23.100000","15.090000","18.900000","3.850000","-4.160000","19.520000","19.310000","-2.970000","-1.900000","17.250000","21.220000","14.560000","21.220000","10.000000","18.660000","1.410000","-2.560000","62.650073","33.742499","48.213058","37.531532","-4.440000","3.570000","56.854220","39.716874","-2.560000","4.100000","36.861314","54.352806"
"GAB PRG","GAB","","16","12/16/2024","","","0.310000","5.00%","24.500000","21.000000","21.050000","0.050000","-3.450000","21.240000","21.860000","-0.880000","-3.700000","20.170000","24.200000","20.170000","24.200000","24.000000","20.820000","0.650000","-3.380000","50.409956","41.598472","69.106529","49.351351","-3.680000","-0.180000","49.079284","73.691959","-3.380000","0.650000","48.832117","85.967927"
"GAB PRH","GAB","","16","12/16/2024","","","0.310000","5.00%","23.890000","20.980000","21.020000","0.040000","-2.870000","21.250000","21.900000","-1.090000","-4.020000","20.400000","24.240000","20.400000","24.240000","24.000000","20.790000","0.390000","-3.450000","51.639824","42.995090","76.254296","50.360360","-3.100000","-0.190000","43.145780","73.782559","-3.450000","0.390000","49.854015","88.350515"
"GAB PRK","GAB","","16","12/16/2024","","","0.310000","5.00%","24.400000","21.230000","21.170000","-0.070000","-3.240000","21.280000","21.910000","-0.590000","-3.440000","20.500000","24.250000","20.500000","24.250000","24.000000","20.930000","0.430000","-3.320000","48.711567","40.463721","75.154639","48.486486","-3.470000","-0.300000","46.930946","74.779162","-3.320000","0.430000","47.956204","87.983963"
"GDV PRH","GDV","","17","12/16/2024","","","0.340000","5.38%","25.850000","22.550000","23.080000","0.530000","-2.770000","23.370000","23.710000","-1.250000","-2.640000","22.510000","25.340000","22.000000","25.340000","24.000000","22.830000","0.320000","-2.510000","52.576867","36.972177","78.178694","36.810811","-3.020000","0.280000","42.327366","69.524349","-2.510000","0.830000","36.131387","84.318442"
"GDV PRK","GDV","","17","12/13/2024","","","0.270000","4.25%","20.820000","17.650000","18.410000","0.760000","-2.410000","18.690000","19.150000","-1.500000","-3.860000","17.970000","21.490000","16.960000","21.490000","21.000000","18.200000","0.230000","-3.290000","54.040996","42.296781","80.652921","48.054054","-2.620000","0.550000","38.235294","67.078143","-3.290000","1.240000","47.518248","80.561283"
"GGN PRB","GGN","","15","12/16/2024","5/7/2018","","0.310000","5.00%","23.670000","21.380000","20.740000","-0.640000","-2.930000","20.840000","21.450000","-0.490000","-3.300000","19.840000","24.150000","19.840000","24.150000","24.000000","20.510000","0.670000","-3.640000","48.125915","39.852700","68.556701","53.099099","-3.160000","-0.870000","43.759591","79.943375","-3.640000","0.670000","52.627737","85.784651"
"GGT PRE","GGT","","15","12/16/2024","","","0.320000","5.13%","24.850000","22.980000","22.680000","-0.300000","-2.170000","22.900000","22.970000","-0.970000","-1.250000","22.500000","24.700000","21.410000","24.700000","24.000000","22.450000","-0.050000","-2.250000","50.937042","30.905619","88.350515","33.063063","-2.400000","-0.530000","35.984655","76.862967","-2.250000","1.040000","32.335766","82.394044"
"GGT PRG","GGT","","15","12/16/2024","12/20/2024","","0.320000","5.13%","24.590000","22.950000","22.800000","-0.150000","-1.790000","22.780000","22.940000","0.100000","-0.600000","22.320000","24.470000","21.870000","24.470000","24.000000","22.570000","0.250000","-1.900000","44.670571","28.068740","80.103093","28.018018","-2.020000","-0.380000","32.097187","75.503964","-1.900000","0.700000","27.226277","85.509737"
"GNT PRA","GNT","","15","11/15/2024","","","0.330000","5.20%","24.550000","21.530000","21.520000","-0.010000","-3.030000","21.740000","22.220000","-1.030000","-3.170000","21.330000","24.300000","21.170000","24.300000","83.000000","21.490000","0.160000","-2.810000","51.288433","39.285325","82.577320","41.135135","-3.060000","-0.040000","42.736573","72.423556","-2.810000","0.320000","40.510949","88.991982"
"GPJA","SO","BB","11.5","12/27/2024","","","0.310000","5.00%","25.620000","20.820000","","1.720000","-3.080000","22.530000","23.500000","0.030000","-4.070000","21.000000","25.410000","20.580000","25.660000","35.000000","22.350000","1.350000","-3.060000","45.080527","43.213312","49.862543","44.738739","-3.270000","1.530000","44.884910","58.199320","-3.310000","1.770000","47.810219","75.704467"
"GRBK PRA","GRBK","","NR","11/25/2024","","","0.360000","5.75%","22.080000","17.930000","","4.070000","-0.080000","22.960000","23.060000","-4.170000","-4.610000","21.060000","25.000000","17.150000","25.000000","3.000000","21.650000","0.590000","-3.350000","69.677892","45.570104","70.756014","48.918919","-0.430000","3.720000","15.831202","38.357871","-3.350000","4.500000","48.394161","50.687285"
"GUT PRC","GUT","","16","12/16/2024","","","0.340000","5.38%","25.390000","23.020000","","0.270000","-2.100000","24.260000","24.320000","-4.010000","-4.240000","23.150000","25.220000","22.330000","25.560000","24.000000","23.040000","-0.110000","-2.180000","68.740849","43.955265","90.000000","32.054054","-2.350000","0.020000","35.473146","71.879955","-2.520000","0.710000","36.277372","85.418099"
"HBANM","HBAN","","9","11/15/2024","12/1/2022","","0.360000","5.70%","25.470000","17.800000","","4.680000","-2.990000","22.770000","23.030000","-1.290000","-2.410000","21.450000","25.390000","17.680000","25.390000","83.000000","22.450000","1.000000","-2.940000","52.811127","35.968358","59.484536","43.009009","-3.020000","4.650000","42.327366","29.932050","-2.940000","4.770000","42.408759","48.213058"
"HBANP","HBAN","","10","1/2/2025","","","0.280000","4.50%","20.810000","14.070000","17.680000","3.580000","-3.160000","17.790000","18.400000","-0.780000","-4.090000","16.220000","20.740000","13.710000","20.740000","41.000000","17.500000","1.280000","-3.240000","49.824305","43.300600","51.786942","47.333333","-3.310000","3.430000","45.294118","40.985277","-3.240000","3.790000","46.788321","57.193585"
"HFRO PRA","HFRO","","16","12/20/2024","","","0.340000","5.38%","23.450000","17.010000","15.260000","-1.750000","-8.190000","16.110000","17.910000","-5.280000","-14.790000","14.500000","21.090000","14.500000","21.090000","28.000000","15.030000","0.530000","-6.060000","76.178624","90.000000","72.405498","87.981982","-8.420000","-1.980000","","90.000000","-6.060000","0.530000","87.956204","87.067583"
"HIG PRG","HIG","","11","11/1/2024","11/15/2023","","0.380000","6.00%","26.600000","22.890000","24.970000","2.080000","-1.630000","24.990000","25.050000","-0.090000","-0.300000","23.990000","25.530000","22.760000","25.600000","69.000000","24.880000","0.890000","-0.650000","45.783309","26.759411","62.508591","10.000000","-1.720000","1.990000","29.028133","54.031710","-0.720000","2.120000","10.000000","72.497136"
"HWCPZ","HWC","BB","11","11/27/2024","6/15/2025","","0.390000","6.25%","26.560000","22.450000","24.110000","1.830000","-2.280000","23.790000","24.030000","2.050000","1.030000","22.210000","26.190000","19.750000","26.190000","5.000000","23.910000","1.700000","-2.280000","33.250366","20.954719","40.240550","33.495495","-2.650000","1.460000","38.542199","58.833522","-2.280000","4.160000","32.773723","53.802978"
"INN PRE","INN","","NR","11/13/2024","11/13/2022","","0.390000","6.25%","21.220000","18.140000","19.000000","0.860000","-2.220000","19.870000","20.590000","-4.390000","-7.710000","17.300000","21.770000","17.030000","22.480000","81.000000","18.960000","1.660000","-2.810000","70.966325","59.099836","41.340206","41.135135","-2.260000","0.820000","34.552430","64.631937","-3.520000","1.930000","50.875912","74.238259"
"INN PRF","INN","","NR","11/13/2024","8/12/2026","","0.370000","5.88%","21.020000","18.070000","19.030000","0.960000","-1.990000","19.010000","20.070000","0.130000","-5.180000","17.030000","22.000000","16.070000","22.000000","81.000000","18.990000","1.960000","-3.010000","44.494876","48.057829","33.092784","44.018018","-2.030000","0.920000","32.199488","63.725934","-3.010000","2.920000","43.430657","65.166094"
"JPM PRC","JPM","","11.5","10/29/2024","3/1/2024","","0.380000","6.00%","26.100000","24.110000","25.070000","0.960000","-1.030000","25.210000","25.270000","-0.560000","-0.790000","24.740000","25.820000","23.870000","25.820000","66.000000","24.970000","0.230000","-0.850000","48.535871","28.897981","80.652921","12.882883","-1.130000","0.860000","22.992327","64.269536","-0.850000","1.100000","11.897810","81.844215"
"JPM PRD","JPM","","11.5","10/29/2024","12/1/2023","","0.360000","5.75%","25.750000","23.300000","24.350000","1.050000","-1.400000","24.800000","24.970000","-1.800000","-2.490000","24.020000","25.670000","22.830000","25.670000","66.000000","24.250000","0.230000","-1.420000","55.797950","36.317512","80.652921","21.099099","-1.500000","0.950000","26.777494","63.454134","-1.420000","1.420000","20.218978","78.911798"
"JPM PRJ","JPM","","11.5","10/29/2024","","","0.300000","4.75%","23.740000","19.380000","19.890000","0.510000","-3.850000","20.700000","21.650000","-3.930000","-8.130000","19.650000","24.850000","19.020000","24.850000","66.000000","19.810000","0.160000","-5.040000","68.272328","60.932897","82.577320","73.279279","-3.930000","0.430000","51.636829","68.165345","-5.040000","0.790000","73.065693","84.684994"
"JPM PRK","JPM","","11.5","10/29/2024","","","0.280000","4.55%","21.650000","18.670000","18.920000","0.240000","-2.740000","19.810000","20.680000","-4.530000","-8.570000","18.660000","23.040000","18.320000","23.040000","66.000000","18.840000","0.180000","-4.200000","71.786237","62.853246","82.027491","61.171171","-2.810000","0.170000","40.179028","70.520951","-4.200000","0.520000","60.802920","87.159221"
"JPM PRL","JPM","","11.5","10/29/2024","","","0.290000","4.63%","21.620000","18.940000","19.350000","0.410000","-2.270000","20.110000","21.040000","-3.800000","-8.030000","19.070000","23.440000","18.710000","23.440000","66.000000","19.270000","0.200000","-4.170000","67.510981","60.496454","81.477663","60.738739","-2.350000","0.330000","35.473146","69.071348","-4.170000","0.560000","60.364964","86.792669"
"JPM PRM","JPM","","11.5","10/29/2024","","","0.260000","4.20%","20.700000","17.170000","17.710000","0.540000","-2.990000","18.440000","19.290000","-3.930000","-8.190000","17.440000","21.680000","16.960000","21.680000","66.000000","17.640000","0.200000","-4.040000","68.272328","61.194763","81.477663","58.864865","-3.060000","0.470000","42.736573","67.802945","-4.040000","0.680000","58.467153","85.693013"
"JSM","NAVI","BB","7.5","12/13/2024","","","0.380000","6.00%","23.500000","16.700000","18.450000","1.790000","-5.010000","18.570000","19.350000","-0.450000","-4.430000","16.510000","21.290000","16.060000","21.820000","21.000000","18.200000","1.690000","-3.090000","47.891654","44.784506","40.515464","45.171171","-5.300000","1.500000","65.652174","58.471121","-3.620000","2.140000","52.335766","72.313860"
"KEY PRJ","KEY","","10.5","11/27/2024","","","0.350000","5.65%","25.360000","16.170000","21.420000","5.240000","-3.950000","21.630000","21.860000","-1.040000","-2.050000","19.970000","24.180000","15.190000","24.180000","5.000000","21.080000","1.110000","-3.100000","51.346999","34.397163","56.460481","45.315315","-4.280000","4.910000","55.217391","27.576444","-3.100000","5.890000","44.744526","37.949599"
"KEY PRK","KEY","","10.5","11/27/2024","","","0.350000","5.63%","26.170000","16.050000","21.070000","5.020000","-5.100000","21.540000","21.870000","-2.170000","-3.680000","19.760000","24.430000","14.990000","24.430000","5.000000","20.740000","0.980000","-3.690000","57.964861","41.511184","60.034364","53.819820","-5.430000","4.690000","66.982097","29.569649","-3.690000","5.750000","53.357664","39.232532"
"KIM PRL","KIM","","11.5","12/27/2024","","","0.320000","5.13%","25.420000","19.200000","19.880000","0.680000","-5.540000","20.620000","21.530000","-3.600000","-7.680000","19.390000","24.180000","18.810000","24.180000","35.000000","19.680000","0.290000","-4.500000","66.339678","58.968903","79.003436","65.495495","-5.740000","0.480000","70.153453","67.712344","-4.500000","0.870000","65.182482","83.951890"
"KIM PRM","KIM","","11.5","12/27/2024","","","0.330000","5.25%","25.400000","19.830000","20.320000","0.490000","-5.080000","21.100000","22.080000","-3.680000","-7.990000","19.710000","25.160000","19.710000","25.160000","35.000000","20.120000","0.410000","-5.040000","66.808199","60.321877","75.704467","73.279279","-5.280000","0.290000","65.447570","69.433749","-5.040000","0.410000","73.065693","88.167239"
"KREF PRA","KREF","","NR","11/27/2024","4/16/2026","","0.410000","6.50%","23.370000","16.180000","19.600000","3.420000","-3.770000","19.400000","19.870000","1.050000","-1.340000","17.980000","23.660000","15.810000","23.660000","5.000000","19.210000","1.230000","-4.450000","39.106881","31.298418","53.161512","64.774775","-4.160000","3.030000","53.989770","44.609287","-4.450000","3.400000","64.452555","60.767468"
"MBINN","MBIN","","NR","12/13/2024","","","0.380000","6.00%","24.230000","16.500000","19.860000","3.360000","-4.370000","20.870000","21.430000","-4.850000","-7.320000","18.310000","24.340000","16.310000","24.340000","21.000000","19.570000","1.260000","-4.770000","73.660322","57.397709","52.336770","69.387387","-4.660000","3.070000","59.104859","44.246886","-4.770000","3.260000","69.124088","62.050401"
"MET PRE","MET","","12","11/27/2024","","","0.350000","5.63%","26.500000","21.220000","23.590000","2.370000","-2.910000","23.820000","24.210000","-0.960000","-2.560000","22.660000","25.230000","21.030000","25.230000","5.000000","23.260000","0.600000","-1.970000","50.878477","36.623022","70.481100","29.027027","-3.240000","2.040000","44.578005","53.578709","-1.970000","2.230000","28.248175","71.489118"
"MET PRF","MET","","12","11/27/2024","","","0.300000","4.75%","24.560000","18.500000","19.710000","1.210000","-4.850000","20.290000","20.970000","-2.870000","-6.020000","19.000000","23.210000","18.330000","23.210000","5.000000","19.430000","0.430000","-3.780000","62.064422","51.723950","75.154639","55.117117","-5.130000","0.930000","63.913043","63.635334","-3.780000","1.100000","54.671533","81.844215"
"MFA PRB","MFA","","NR","11/27/2024","4/15/2018","","0.470000","7.50%","21.920000","18.340000","21.510000","3.170000","-0.410000","21.290000","21.540000","1.020000","-0.150000","18.270000","23.670000","17.010000","23.670000","5.000000","21.070000","2.800000","-2.600000","39.282577","26.104746","10.000000","38.108108","-0.850000","2.730000","20.127877","47.327293","-2.600000","4.060000","37.445255","54.719359"
"MGR","AMG","BB","12","12/27/2024","","","0.370000","5.88%","26.290000","19.600000","20.750000","1.150000","-5.540000","21.830000","22.840000","-4.930000","-9.140000","19.910000","25.170000","19.430000","25.170000","35.000000","20.520000","0.610000","-4.650000","74.128843","65.340971","70.206186","67.657658","-5.770000","0.920000","70.460358","63.725934","-4.650000","1.090000","67.372263","81.935853"
"MGRB","AMG","BB","12","12/27/2024","","","0.300000","4.75%","22.010000","16.090000","16.940000","0.850000","-5.070000","17.840000","18.890000","-5.040000","-10.320000","16.130000","21.000000","15.830000","21.000000","35.000000","16.760000","0.630000","-4.240000","74.773060","70.490998","69.656357","61.747748","-5.250000","0.670000","65.140665","65.990940","-4.240000","0.930000","61.386861","83.402062"
"MGRD","AMG","BB","12","12/27/2024","","","0.260000","4.20%","19.500000","15.180000","15.390000","0.210000","-4.110000","15.830000","16.720000","-2.780000","-7.930000","14.620000","18.370000","14.620000","18.370000","35.000000","15.230000","0.610000","-3.140000","61.537335","60.060011","70.206186","45.891892","-4.270000","0.050000","55.115090","71.608154","-3.140000","0.610000","45.328467","86.334479"
"MS PRK","MS","","11","12/27/2024","","","0.370000","5.85%","26.380000","21.400000","23.140000","1.740000","-3.240000","23.980000","24.570000","-3.490000","-5.830000","22.520000","26.000000","21.160000","26.000000","35.000000","22.910000","0.390000","-3.090000","65.695461","50.894708","76.254296","45.171171","-3.470000","1.510000","46.930946","58.380521","-3.090000","1.750000","44.598540","75.887743"
"MS PRL","MS","","11","12/27/2024","","","0.300000","4.88%","24.000000","18.320000","19.680000","1.360000","-4.320000","20.560000","21.980000","-4.270000","-10.480000","19.340000","24.490000","18.150000","24.490000","35.000000","19.500000","0.160000","-4.990000","70.263543","71.189307","82.577320","72.558559","-4.500000","1.180000","57.468031","61.370328","-4.990000","1.350000","72.335766","79.553265"
"MS PRO","MS","","11","12/27/2024","","","0.270000","4.25%","20.770000","15.900000","17.330000","1.430000","-3.440000","18.070000","18.950000","-4.100000","-8.570000","16.820000","21.470000","15.700000","21.470000","35.000000","17.160000","0.340000","-4.310000","69.267936","62.853246","77.628866","62.756757","-3.610000","1.260000","48.363171","60.645527","-4.310000","1.460000","62.408759","78.545246"
"NCV PRA","NCV","","NR","12/5/2024","","","0.350000","5.63%","24.280000","20.920000","22.020000","1.100000","-2.260000","21.760000","22.070000","1.200000","-0.220000","20.720000","23.640000","20.600000","23.640000","13.000000","21.720000","1.000000","-1.920000","38.228404","26.410256","59.484536","28.306306","-2.560000","0.800000","37.621483","64.813137","-1.920000","1.120000","27.518248","81.660939"
"NCZ PRA","NCZ","","NR","12/5/2024","","","0.340000","5.50%","24.280000","20.500000","20.840000","0.340000","-3.440000","20.960000","21.060000","-0.580000","-1.050000","19.920000","22.380000","19.920000","22.380000","13.000000","20.550000","0.630000","-1.830000","48.653001","30.032733","69.656357","27.009009","-3.730000","0.050000","49.590793","71.608154","-1.830000","0.630000","26.204380","86.151203"
"NEE PRN","NEE","BB","12","11/27/2024","","","0.350000","5.65%","26.150000","22.130000","22.760000","0.630000","-3.390000","23.230000","24.210000","-2.020000","-5.980000","22.100000","25.550000","21.920000","25.620000","5.000000","22.430000","0.330000","-3.120000","57.086384","51.549373","77.903780","45.603604","-3.720000","0.300000","49.488491","69.343148","-3.190000","0.510000","46.058394","87.250859"
"NRUC","-","BB","13","11/1/2024","","","0.340000","5.50%","25.220000","21.750000","23.940000","2.190000","-1.280000","23.460000","24.190000","2.030000","-1.020000","22.380000","25.750000","21.640000","25.750000","69.000000","23.860000","1.480000","-1.890000","33.367496","29.901800","46.288660","27.873874","-1.360000","2.110000","25.345269","52.944507","-1.890000","2.220000","27.080292","71.580756"
"NSA PRA","NSA","","NR","12/13/2024","","","0.380000","6.00%","25.300000","20.650000","23.600000","2.950000","-1.700000","22.280000","22.790000","5.940000","3.540000","21.120000","25.200000","20.160000","25.200000","21.000000","23.310000","2.190000","-1.890000","10.468521","10.000000","26.769759","27.873874","-1.990000","2.660000","31.790281","47.961495","-1.890000","3.150000","27.080292","63.058419"
"NTRSO","NTRS","","13","12/13/2024","","","0.290000","4.70%","24.850000","18.300000","19.660000","1.530000","-5.020000","20.090000","21.040000","-1.280000","-5.730000","19.100000","24.290000","18.100000","24.290000","21.000000","19.610000","0.510000","-4.680000","52.752562","50.458265","72.955326","68.090090","-5.240000","1.310000","65.038363","60.192525","-4.680000","1.510000","67.810219","78.087056"
"NYMTZ","NYMT","","NR","1/2/2025","","","0.440000","7.00%","19.780000","16.600000","18.250000","1.590000","-1.590000","18.810000","19.330000","-3.310000","-5.920000","16.750000","21.750000","15.310000","21.750000","41.000000","17.950000","1.200000","-3.800000","64.641288","51.287507","53.986254","55.405405","-1.830000","1.350000","30.153453","59.830125","-3.800000","2.640000","54.963504","67.731959"
"OPP PRA","OPP","","16","11/1/2024","","","0.270000","4.38%","20.870000","16.980000","17.600000","0.620000","-3.270000","18.290000","18.710000","-3.790000","-5.910000","16.540000","20.210000","16.540000","20.210000","69.000000","17.540000","1.000000","-2.670000","67.452416","51.243863","59.484536","39.117117","-3.330000","0.560000","45.498721","66.987542","-2.670000","1.000000","38.467153","82.760596"
"OPP PRB","OPP","","16","11/1/2024","2/15/2027","","0.300000","4.75%","21.430000","18.700000","19.210000","0.510000","-2.220000","19.860000","20.080000","-3.290000","-4.310000","18.340000","21.860000","18.310000","22.310000","69.000000","19.140000","0.800000","-2.720000","64.524158","44.260775","64.982818","39.837838","-2.290000","0.440000","34.859335","68.074745","-3.170000","0.830000","45.766423","84.318442"
"OZKAP","OZK","","9","11/1/2024","11/15/2026","","0.290000","4.63%","20.780000","14.610000","16.250000","1.690000","-4.480000","16.960000","17.090000","-3.910000","-4.650000","15.750000","19.880000","14.370000","19.880000","69.000000","16.230000","0.480000","-3.650000","68.155198","45.744681","73.780069","53.243243","-4.550000","1.620000","57.979540","57.383918","-3.650000","1.860000","52.773723","74.879725"
"PEB PRE","PEB","","NR","12/27/2024","","","0.400000","6.38%","24.710000","18.320000","18.120000","-0.200000","-6.590000","18.470000","20.510000","-1.890000","-11.650000","16.270000","23.220000","16.270000","23.220000","35.000000","17.880000","1.610000","-5.340000","56.325037","76.295690","42.714777","77.603604","-6.830000","-0.440000","81.304348","76.047565","-5.340000","1.610000","77.445255","77.170676"
"PEB PRF","PEB","","NR","12/27/2024","","","0.390000","6.30%","23.520000","18.560000","18.350000","-0.210000","-5.170000","18.610000","20.550000","-1.420000","-10.690000","16.850000","23.750000","16.850000","23.750000","35.000000","18.110000","1.260000","-5.640000","53.572474","72.105837","52.336770","81.927928","-5.410000","-0.450000","66.777494","76.138165","-5.640000","1.260000","81.824818","80.378007"
"PEB PRG","PEB","","NR","12/27/2024","","","0.400000","6.38%","23.400000","18.000000","18.100000","0.100000","-5.300000","18.650000","20.280000","-2.970000","-10.750000","16.600000","23.180000","16.600000","23.180000","35.000000","17.860000","1.260000","-5.320000","62.650073","72.367703","52.336770","77.315315","-5.540000","-0.140000","68.107417","73.329558","-5.320000","1.260000","77.153285","80.378007"
"PEB PRH","PEB","","NR","12/27/2024","","","0.360000","5.70%","21.010000","16.380000","16.950000","0.570000","-4.060000","17.060000","18.380000","-0.650000","-7.800000","15.510000","21.120000","15.020000","21.120000","35.000000","16.730000","1.220000","-4.390000","49.062958","59.492635","53.436426","63.909910","-4.280000","0.350000","55.217391","68.890147","-4.390000","1.710000","63.576642","76.254296"
"PFH","PRU","BB","13","11/15/2024","9/1/2025","","0.260000","4.13%","22.610000","17.350000","17.140000","-0.210000","-5.470000","17.930000","19.130000","-4.380000","-10.410000","16.840000","21.590000","16.840000","21.590000","83.000000","17.120000","0.280000","-4.470000","70.907760","70.883797","79.278351","65.063063","-5.490000","-0.230000","67.595908","74.144960","-4.470000","0.280000","64.744526","89.358534"
"PRH","PRU","BB","13","11/15/2024","","","0.370000","5.95%","","23.790000","24.640000","0.850000","","24.880000","25.570000","-0.970000","-3.640000","23.590000","26.890000","23.170000","26.950000","83.000000","24.610000","1.020000","-2.280000","50.937042","41.336607","58.934708","33.495495","","0.820000","","64.631937","-2.340000","1.440000","33.649635","78.728522"
"PRS","PRU","BB","13","11/1/2024","8/15/2023","","0.350000","5.63%","26.160000","22.520000","23.030000","0.510000","-3.130000","23.360000","24.230000","-1.400000","-4.940000","22.350000","25.420000","22.310000","25.420000","69.000000","22.950000","0.600000","-2.470000","53.455344","47.010366","70.481100","36.234234","-3.210000","0.430000","44.271100","68.165345","-2.470000","0.640000","35.547445","86.059565"
"PSA PRF","PSA","","13.5","12/12/2024","","","0.320000","5.15%","25.840000","20.870000","20.920000","0.050000","-4.920000","21.490000","22.900000","-2.670000","-8.660000","19.870000","25.110000","19.870000","25.110000","20.000000","20.670000","0.800000","-4.440000","60.893119","63.246045","64.982818","64.630631","-5.170000","-0.200000","64.322251","73.873160","-4.440000","0.800000","64.306569","84.593356"
"PSA PRG","PSA","","13.5","12/12/2024","","","0.320000","5.05%","25.870000","21.110000","20.850000","-0.250000","-5.010000","21.350000","22.710000","-2.280000","-8.140000","19.990000","25.000000","19.990000","25.060000","20.000000","20.610000","0.620000","-4.390000","58.609078","60.976541","69.931271","63.909910","-5.260000","-0.500000","65.242967","76.591166","-4.450000","0.620000","64.452555","86.242841"
"PSA PRH","PSA","","13.5","12/12/2024","","","0.350000","5.60%","26.960000","22.760000","22.800000","0.040000","-4.160000","23.360000","24.390000","-2.380000","-6.510000","20.850000","25.700000","20.850000","26.100000","20.000000","22.530000","1.680000","-3.170000","59.194729","53.862520","40.790378","46.324324","-4.430000","-0.230000","56.751918","74.144960","-3.570000","1.680000","51.605839","76.529210"
"PSA PRI","PSA","","13.5","12/12/2024","","","0.300000","4.88%","25.800000","19.440000","19.670000","0.230000","-6.130000","20.330000","21.650000","-3.250000","-9.160000","19.080000","23.720000","19.080000","23.940000","20.000000","19.440000","0.360000","-4.280000","64.289898","65.428260","77.079038","62.324324","-6.360000","0.000000","76.496164","72.061155","-4.500000","0.360000","65.182482","88.625430"
"PSA PRJ","PSA","","13.5","12/12/2024","","","0.290000","4.70%","25.080000","18.250000","18.930000","0.680000","-6.150000","19.530000","20.740000","-3.080000","-8.720000","18.330000","23.210000","17.940000","23.210000","20.000000","18.700000","0.370000","-4.510000","63.294290","63.507911","76.804124","65.639640","-6.380000","0.450000","76.700767","67.984145","-4.510000","0.760000","65.328467","84.959908"
"PSA PRK","PSA","","13.5","12/12/2024","","","0.300000","4.75%","25.800000","18.400000","19.310000","0.910000","-6.490000","19.750000","20.930000","-2.250000","-7.740000","18.570000","23.210000","18.160000","23.210000","20.000000","19.080000","0.510000","-4.130000","58.433382","59.230769","72.955326","60.162162","-6.720000","0.680000","80.179028","65.900340","-4.130000","0.920000","59.781022","83.493700"
"PSA PRL","PSA","","13.5","12/12/2024","","","0.290000","4.63%","24.840000","18.170000","18.860000","0.690000","-5.980000","19.310000","20.430000","-2.350000","-7.700000","17.520000","22.890000","17.520000","22.890000","20.000000","18.630000","1.110000","-4.260000","59.019034","59.056192","56.460481","62.036036","-6.210000","0.460000","74.961637","67.893545","-4.260000","1.110000","61.678832","81.752577"
"PSA PRM","PSA","","13.5","12/12/2024","","","0.260000","4.13%","22.790000","16.050000","16.850000","0.800000","-5.940000","17.310000","18.410000","-2.680000","-8.460000","16.280000","20.790000","15.820000","20.790000","20.000000","16.650000","0.370000","-4.140000","60.951684","62.373159","76.804124","60.306306","-6.140000","0.600000","74.245524","66.625142","-4.140000","0.830000","59.927007","84.318442"
"PSA PRN","PSA","","13.5","12/12/2024","","","0.240000","3.88%","21.020000","15.120000","15.760000","0.640000","-5.260000","16.210000","17.140000","-2.760000","-8.080000","15.360000","19.230000","14.900000","19.230000","20.000000","15.570000","0.210000","-3.660000","61.420205","60.714675","81.202749","53.387387","-5.450000","0.450000","67.186701","67.984145","-3.660000","0.670000","52.919708","85.784651"
"PSA PRO","PSA","","13.5","12/12/2024","11/17/2025","","0.240000","3.90%","20.290000","15.530000","15.900000","0.370000","-4.390000","16.290000","17.210000","-2.420000","-7.630000","15.400000","19.130000","15.100000","19.140000","20.000000","15.710000","0.310000","-3.420000","59.428990","58.750682","78.453608","49.927928","-4.580000","0.180000","58.286445","70.430351","-3.430000","0.610000","49.562044","86.334479"
"PSA PRP","PSA","","13.5","12/12/2024","","","0.250000","4.00%","20.880000","15.540000","16.100000","0.560000","-4.780000","16.680000","17.710000","-3.460000","-9.080000","15.390000","19.990000","15.370000","19.990000","20.000000","15.910000","0.520000","-4.080000","65.519766","65.079105","72.680412","59.441441","-4.970000","0.370000","62.276215","68.708947","-4.080000","0.540000","59.051095","86.975945"
"PSA PRQ","PSA","","13.5","12/12/2024","","","0.250000","3.95%","20.840000","15.310000","15.890000","0.580000","-4.950000","16.390000","17.410000","-3.050000","-8.720000","15.430000","19.470000","15.170000","19.470000","20.000000","15.700000","0.270000","-3.770000","63.118594","63.507911","79.553265","54.972973","-5.140000","0.390000","64.015345","68.527746","-3.770000","0.530000","54.525547","87.067583"
"PSA PRR","PSA","","13.5","12/12/2024","","","0.250000","4.00%","20.780000","15.590000","16.120000","0.530000","-4.660000","16.640000","17.770000","-3.110000","-9.260000","15.680000","20.160000","15.380000","20.160000","20.000000","15.930000","0.250000","-4.230000","63.469985","65.864703","80.103093","61.603604","-4.850000","0.340000","61.048593","68.980747","-4.230000","0.550000","61.240876","86.884307"
"PSA PRS","PSA","","13.5","12/12/2024","","","0.260000","4.10%","21.150000","15.830000","16.530000","0.710000","-4.610000","17.040000","18.170000","-2.950000","-9.000000","14.180000","20.470000","14.180000","20.470000","20.000000","16.340000","2.160000","-4.130000","62.532943","64.729951","27.594502","60.162162","-4.810000","0.510000","60.639386","67.440544","-4.130000","2.160000","59.781022","72.130584"
"PSEC PRA","PSEC","","9","10/16/2024","7/19/2026","","0.330000","5.35%","19.550000","15.210000","17.290000","2.090000","-2.250000","16.320000","17.670000","6.020000","-2.090000","14.580000","21.540000","14.040000","21.540000","53.000000","17.160000","2.580000","-4.380000","10.000000","34.571740","16.048110","63.765766","-2.390000","1.950000","35.882353","54.394111","-4.380000","3.120000","63.430657","63.333333"
"REGCO","REG","","NR","10/16/2024","","","0.370000","5.88%","","21.850000","22.800000","0.920000","","22.470000","22.720000","1.330000","0.200000","21.430000","24.700000","21.200000","24.900000","53.000000","22.620000","1.190000","-2.080000","37.467057","24.577196","54.261168","30.612613","","0.770000","","65.084938","-2.280000","1.420000","32.773723","78.911798"
"REGCP","REG","","NR","10/16/2024","","","0.390000","6.25%","","23.100000","23.680000","0.220000","","23.470000","23.730000","-0.640000","-1.740000","21.880000","25.630000","21.880000","25.630000","53.000000","23.160000","1.280000","-2.470000","49.004392","33.044190","51.786942","36.234234","","0.060000","","71.517554","-2.470000","1.280000","35.547445","80.194731"
"REXR PRB","REXR","","NR","12/13/2024","","","0.370000","5.88%","25.390000","21.160000","23.030000","1.870000","-2.360000","23.100000","22.760000","-0.300000","1.180000","22.210000","24.570000","20.600000","24.570000","21.000000","22.750000","0.540000","-1.820000","47.013177","20.300055","72.130584","26.864865","-2.640000","1.590000","38.439898","57.655719","-1.820000","2.150000","26.058394","72.222222"
"REXR PRC","REXR","","NR","11/15/2024","","","0.350000","5.63%","26.100000","20.050000","21.850000","1.800000","-4.250000","21.750000","21.950000","0.440000","-0.480000","20.130000","24.540000","19.710000","24.540000","83.000000","21.820000","1.690000","-2.720000","42.679356","27.545008","40.515464","39.837838","-4.280000","1.770000","55.217391","56.024915","-2.720000","2.110000","39.197080","72.588774"
"RF PRE","RF","","10","11/27/2024","","","0.280000","4.45%","20.690000","15.450000","17.410000","1.960000","-3.280000","17.660000","18.230000","-1.420000","-4.500000","16.410000","19.980000","14.160000","19.980000","5.000000","17.150000","0.740000","-2.830000","53.572474","45.090016","66.632302","41.423423","-3.540000","1.700000","47.647059","56.659117","-2.830000","2.990000","40.802920","64.524628"
"RNR PRF","RNR","","12","11/27/2024","","","0.360000","5.75%","25.110000","20.710000","21.110000","0.400000","-4.000000","22.030000","23.260000","-4.200000","-9.260000","20.800000","25.080000","20.430000","25.100000","5.000000","20.770000","-0.030000","-4.310000","69.853587","65.864703","87.800687","62.756757","-4.340000","0.060000","55.831202","71.517554","-4.330000","0.340000","62.700730","88.808706"
"RNR PRG","RNR","","12","11/27/2024","","","0.260000","4.20%","20.020000","15.350000","15.600000","0.250000","-4.420000","16.180000","17.430000","-3.570000","-10.510000","14.260000","18.970000","14.260000","19.460000","5.000000","15.350000","1.090000","-3.620000","66.163982","71.320240","57.010309","52.810811","-4.670000","0.000000","59.207161","72.061155","-4.110000","1.090000","59.489051","81.935853"
"SCE PRG","EIX","TP","10","12/13/2024","","","0.320000","5.10%","20.730000","17.200000","16.950000","-0.250000","-3.780000","17.700000","19.620000","-4.230000","-13.610000","16.320000","21.690000","16.320000","21.700000","21.000000","16.700000","0.380000","-4.990000","70.029283","84.849973","76.529210","72.558559","-4.030000","-0.500000","52.659847","76.591166","-5.000000","0.380000","72.481752","88.442153"
"SCE PRL","EIX","TP","10","12/13/2024","","","0.310000","5.00%","20.240000","16.940000","16.540000","-0.400000","-3.700000","17.320000","19.210000","-4.510000","-13.890000","15.980000","21.090000","15.980000","21.320000","21.000000","16.300000","0.320000","-4.790000","71.669107","86.072013","78.178694","69.675676","-3.940000","-0.640000","51.739130","77.859570","-5.020000","0.320000","72.773723","88.991982"
"SCHW PRD","SCHW","","12","11/13/2024","","","0.370000","5.95%","25.940000","22.650000","24.750000","2.100000","-1.190000","25.050000","25.180000","-1.210000","-1.690000","24.250000","25.710000","22.290000","25.710000","81.000000","24.710000","0.460000","-1.000000","52.342606","32.825968","74.329897","15.045045","-1.230000","2.060000","24.015345","53.397508","-1.000000","2.420000","14.087591","69.747995"
"SCHW PRJ","SCHW","","12","11/13/2024","","","0.280000","4.45%","23.400000","16.750000","19.130000","2.380000","-4.270000","19.470000","20.380000","-1.750000","-6.120000","18.330000","22.600000","16.630000","22.600000","81.000000","19.100000","0.770000","-3.500000","55.505124","52.160393","65.807560","51.081081","-4.300000","2.350000","55.421995","50.770102","-3.500000","2.470000","50.583942","69.289805"
"SF PRB","SF","","8","12/2/2024","","","0.390000","6.25%","26.940000","22.010000","24.300000","2.290000","-2.640000","24.190000","24.570000","0.440000","-1.100000","22.220000","25.440000","21.560000","25.730000","10.000000","23.950000","1.730000","-1.490000","42.679356","30.250955","39.415808","22.108108","-2.990000","1.940000","42.020460","54.484711","-1.780000","2.390000","25.474453","70.022910"
"SF PRC","SF","","8","12/2/2024","","","0.380000","6.13%","27.000000","22.120000","23.670000","1.560000","-3.320000","24.010000","24.530000","-1.370000","-3.450000","21.810000","26.470000","21.270000","26.470000","10.000000","23.340000","1.530000","-3.130000","53.279649","40.507365","44.914089","45.747748","-3.660000","1.220000","48.874680","61.007928","-3.130000","2.070000","45.182482","72.955326"
"SF PRD","SF","","8","12/2/2024","","","0.280000","4.50%","20.540000","15.640000","18.120000","2.480000","-2.420000","17.700000","18.620000","2.340000","-2.700000","15.850000","21.740000","15.000000","21.740000","10.000000","17.870000","2.020000","-3.870000","31.551977","37.234043","31.443299","56.414414","-2.670000","2.230000","38.746803","51.857305","-3.870000","2.870000","55.985401","65.624284"
"SHO PRH","SHO","","NR","12/27/2024","","","0.380000","6.13%","23.750000","20.400000","20.870000","0.470000","-2.880000","20.860000","21.730000","0.050000","-3.960000","19.140000","24.270000","19.140000","24.270000","35.000000","20.640000","1.500000","-3.630000","44.963397","42.733224","45.738832","52.954955","-3.110000","0.240000","43.248082","69.886750","-3.630000","1.500000","52.481752","78.178694"
"SHO PRI","SHO","","NR","12/27/2024","","","0.360000","5.70%","22.980000","19.430000","19.850000","0.430000","-3.120000","19.770000","20.470000","0.470000","-2.980000","17.960000","22.790000","17.960000","22.790000","35.000000","19.640000","1.680000","-3.150000","42.503660","38.456083","40.790378","46.036036","-3.340000","0.210000","45.601023","70.158550","-3.150000","1.680000","45.474453","76.529210"
"SIGIP","SIGI","","10","11/27/2024","","","0.290000","4.60%","20.740000","15.480000","17.200000","1.810000","-3.450000","17.790000","18.450000","-2.790000","-6.310000","16.820000","20.300000","15.170000","20.300000","5.000000","17.020000","0.200000","-3.280000","61.595900","52.989634","81.477663","47.909910","-3.720000","1.540000","49.488491","58.108720","-3.280000","1.850000","47.372263","74.971363"
"SLG PRI","SLG","","9.5","12/17/2024","","","0.410000","6.50%","25.670000","18.150000","22.050000","3.900000","-3.620000","22.660000","22.770000","-2.700000","-3.150000","21.090000","24.870000","15.260000","24.870000","25.000000","21.750000","0.660000","-3.120000","61.068814","39.198036","68.831615","45.603604","-3.920000","3.600000","51.534527","39.445074","-3.120000","6.490000","45.036496","32.451317"
"SOJC","SO","BB","11.5","11/29/2024","","","0.330000","5.25%","25.690000","20.750000","21.590000","0.840000","-4.100000","21.940000","23.090000","-1.620000","-6.510000","21.100000","25.070000","20.350000","25.070000","7.000000","21.290000","0.190000","-3.780000","54.743777","53.862520","81.752577","55.117117","-4.400000","0.540000","56.445013","67.168743","-3.780000","0.940000","54.671533","83.310424"
"SOJD","SO","BB","11.5","10/29/2024","","","0.310000","4.95%","23.860000","19.450000","20.110000","0.660000","-3.750000","20.650000","21.840000","-2.620000","-7.940000","19.260000","24.550000","19.260000","24.550000","66.000000","20.030000","0.770000","-4.520000","60.600293","60.103655","65.807560","65.783784","-3.830000","0.580000","50.613811","66.806342","-4.520000","0.770000","65.474453","84.868270"
"SOJE","SO","BB","11.5","1/10/2025","","","0.260000","4.20%","20.960000","17.420000","17.640000","0.190000","-3.350000","18.270000","19.620000","-3.610000","-10.220000","17.280000","22.350000","17.280000","22.350000","49.000000","17.490000","0.210000","-4.860000","66.398243","70.054555","81.202749","70.684685","-3.470000","0.070000","46.930946","71.426954","-4.860000","0.210000","70.437956","90.000000"
"SR PRA","SR","","11","10/25/2024","8/15/2024","","0.370000","5.90%","26.150000","21.870000","24.090000","2.220000","-2.060000","24.310000","24.340000","-0.890000","-1.020000","23.200000","25.390000","21.360000","25.390000","62.000000","23.970000","0.770000","-1.420000","50.468521","29.901800","65.807560","21.099099","-2.180000","2.100000","33.734015","53.035108","-1.420000","2.610000","20.218978","68.006873"
"SREA","SRE","BB","11.5","12/13/2024","","","0.360000","5.75%","25.240000","21.160000","20.500000","-0.660000","-4.740000","21.970000","23.420000","-6.690000","-12.480000","19.600000","25.240000","19.600000","25.470000","21.000000","20.220000","0.620000","-5.020000","84.436310","79.918167","69.931271","72.990991","-5.020000","-0.940000","62.787724","80.577576","-5.250000","0.620000","76.131387","86.242841"
"STT PRG","STT","","13","11/27/2024","","","0.330000","5.35%","26.900000","21.630000","22.280000","0.650000","-4.620000","23.100000","24.000000","-3.540000","-7.170000","21.620000","25.160000","21.420000","25.160000","5.000000","21.970000","0.350000","-3.190000","65.988287","56.743044","77.353952","46.612613","-4.930000","0.340000","61.867008","68.980747","-3.190000","0.550000","46.058394","86.884307"
"SYF PRA","SYF","","NR","10/30/2024","11/15/2024","","0.350000","5.63%","22.140000","15.280000","17.810000","2.530000","-4.330000","18.460000","19.260000","-3.540000","-7.530000","16.190000","21.940000","14.510000","21.940000","67.000000","17.720000","1.530000","-4.220000","65.988287","58.314239","44.914089","61.459459","-4.420000","2.440000","56.649616","49.954700","-4.220000","3.210000","61.094891","62.508591"
"T PRA","T","","10","1/7/2025","12/12/2024","","0.310000","5.00%","23.490000","18.310000","20.110000","1.800000","-3.380000","20.560000","21.210000","-2.170000","-5.190000","19.150000","22.780000","18.200000","22.800000","46.000000","19.960000","0.810000","-2.820000","57.964861","48.101473","64.707904","41.279279","-3.530000","1.650000","47.544757","57.112118","-2.840000","1.760000","40.948905","75.796105"
"T PRC","T","","10","1/7/2025","2/18/2025","","0.300000","4.75%","21.550000","17.250000","19.130000","1.880000","-2.420000","19.390000","20.080000","-1.320000","-4.710000","18.200000","21.710000","17.020000","21.710000","46.000000","18.980000","0.780000","-2.730000","52.986823","46.006547","65.532646","39.981982","-2.570000","1.730000","37.723785","56.387316","-2.730000","1.960000","39.343066","73.963345"
"TBB","T","BB","12","10/17/2024","","","0.330000","5.35%","24.980000","20.320000","22.080000","1.760000","-2.900000","23.350000","23.540000","-5.440000","-6.220000","21.750000","24.900000","20.260000","24.900000","54.000000","21.950000","0.200000","-2.950000","77.115666","52.596836","81.477663","43.153153","-3.030000","1.630000","42.429668","57.293318","-2.950000","1.690000","42.554745","76.437572"
"TBC","T","BB","12","10/17/2024","8/1/2023","","0.350000","5.63%","","","","","","","","","","","","","","","","","","","","","","","","","","","","",""
"TCBIO","TCBI","","8","12/2/2024","6/15/2026","","0.360000","5.75%","24.500000","16.010000","20.030000","4.020000","-4.470000","20.210000","20.260000","-0.910000","-1.120000","18.110000","22.710000","15.520000","22.710000","10.000000","19.710000","1.600000","-3.000000","50.585652","30.338243","42.989691","43.873874","-4.790000","3.700000","60.434783","38.539071","-3.000000","4.190000","43.284672","53.528064"
"TDS PRU","TDS","","7","12/13/2024","","","0.410000","6.63%","24.250000","14.260000","21.020000","6.760000","-3.230000","20.930000","20.640000","0.440000","1.840000","18.710000","22.880000","12.000000","22.880000","21.000000","20.710000","2.000000","-2.170000","42.679356","17.419531","31.993127","31.909910","-3.540000","6.450000","47.647059","13.624009","-2.170000","8.710000","31.167883","12.107675"
"TDS PRV","TDS","","7","12/13/2024","9/30/2026","","0.380000","6.00%","22.280000","12.880000","18.770000","5.890000","-3.510000","18.340000","18.310000","2.320000","2.490000","16.250000","20.480000","10.790000","20.480000","21.000000","18.480000","2.230000","-2.000000","31.669107","14.582651","25.670103","29.459459","-3.800000","5.600000","50.306905","21.325028","-2.000000","7.690000","28.686131","21.454754"
"TFC PRO","TFC","","11.5","11/8/2024","","","0.330000","5.25%","25.200000","19.780000","21.010000","1.230000","-4.190000","21.760000","22.530000","-3.440000","-6.750000","19.690000","24.830000","19.430000","24.830000","76.000000","20.960000","1.270000","-3.870000","65.402635","54.909984","52.061856","56.414414","-4.240000","1.180000","54.808184","61.370328","-3.870000","1.530000","55.985401","77.903780"
"TFC PRR","TFC","","11.5","11/8/2024","","","0.300000","4.75%","22.490000","17.710000","18.840000","1.130000","-3.650000","19.790000","20.390000","-4.800000","-7.600000","18.410000","22.620000","17.290000","22.620000","76.000000","18.790000","0.380000","-3.830000","73.367496","58.619749","76.529210","55.837838","-3.700000","1.080000","49.283887","62.276331","-3.830000","1.500000","55.401460","78.178694"
"TRTN PRD","-","","NR","12/6/2024","3/15/2025","","0.430000","6.88%","25.950000","21.620000","21.420000","-0.190000","-4.520000","22.350000","23.410000","-4.100000","-8.480000","19.760000","25.670000","19.760000","25.670000","14.000000","21.070000","1.310000","-4.600000","69.267936","62.460447","50.962199","66.936937","-4.880000","-0.550000","61.355499","77.044168","-4.600000","1.310000","66.642336","79.919817"
"TRTN PRE","-","","NR","12/6/2024","","","0.360000","5.75%","23.790000","17.800000","18.800000","1.000000","-4.990000","19.180000","20.600000","-1.990000","-8.750000","16.900000","23.300000","16.900000","23.300000","14.000000","18.500000","1.600000","-4.800000","56.910688","63.638843","42.989691","69.819820","-5.290000","0.700000","65.549872","65.719139","-4.800000","1.600000","69.562044","77.262314"
"TRTX PRC","TRTX","","NR","12/16/2024","6/14/2026","","0.390000","6.25%","18.830000","13.810000","18.080000","4.260000","-0.760000","17.790000","18.000000","1.560000","0.400000","16.010000","20.000000","13.000000","20.000000","24.000000","17.780000","1.770000","-2.220000","36.120059","23.704310","38.316151","32.630631","-1.050000","3.970000","22.173913","36.092865","-2.220000","4.780000","31.897810","48.121420"
"TY PR","TY","","NR","12/5/2024","","","0.310000","5.00%","50.110000","43.500000","43.980000","0.480000","-6.130000","44.830000","45.840000","-1.900000","-4.070000","43.550000","49.160000","42.000000","49.190000","13.000000","43.710000","0.160000","-5.450000","56.383602","43.213312","82.577320","79.189189","-6.400000","0.210000","76.905371","70.158550","-5.480000","1.710000","79.489051","76.254296"
"UNMA","UNM","BB","10","11/29/2024","","","0.390000","6.25%","26.190000","21.920000","24.560000","2.640000","-1.630000","24.550000","24.920000","0.040000","-1.430000","23.130000","26.050000","21.490000","26.050000","7.000000","24.200000","1.070000","-1.850000","45.021962","31.691217","57.560137","27.297297","-1.990000","2.280000","31.790281","51.404304","-1.850000","2.710000","26.496350","67.090493"
"USB PRP","USB","","13.5","12/30/2024","","","0.340000","5.50%","25.250000","19.750000","","3.010000","-2.490000","23.250000","23.960000","-2.120000","-4.990000","21.460000","25.430000","19.000000","25.430000","38.000000","22.560000","1.100000","-2.870000","57.672035","47.228587","56.735395","42.000000","-2.690000","2.810000","38.951407","46.602492","-2.870000","3.560000","41.386861","59.301260"
"USB PRQ","USB","","13.5","12/27/2024","","","0.230000","3.75%","19.570000","13.500000","15.420000","1.920000","-4.150000","15.920000","16.780000","-3.160000","-8.090000","14.660000","18.600000","13.320000","18.600000","35.000000","15.280000","0.620000","-3.320000","63.762811","60.758320","69.931271","48.486486","-4.290000","1.780000","55.319693","55.934315","-3.320000","1.960000","47.956204","73.963345"
"USB PRR","USB","","13.5","12/27/2024","","","0.250000","4.00%","21.050000","14.570000","16.400000","1.830000","-4.650000","17.010000","17.890000","-3.570000","-8.350000","15.620000","20.350000","14.240000","20.350000","35.000000","16.250000","0.630000","-4.100000","66.163982","61.893071","69.656357","59.729730","-4.800000","1.680000","60.537084","56.840317","-4.100000","2.010000","59.343066","73.505155"
"USB PRS","USB","","13.5","12/27/2024","","","0.280000","4.50%","22.080000","16.440000","18.710000","2.270000","-3.370000","19.390000","20.320000","-3.520000","-7.910000","18.070000","22.970000","16.220000","22.970000","35.000000","18.540000","0.470000","-4.430000","65.871157","59.972722","74.054983","64.486486","-3.540000","2.100000","47.647059","53.035108","-4.430000","2.320000","64.160584","70.664376"
"UZD","USM","BB","9.5","11/29/2024","9/1/2025","","0.390000","6.25%","24.160000","16.770000","23.840000","7.070000","-0.320000","23.620000","23.050000","0.950000","3.410000","22.000000","24.200000","14.860000","24.800000","7.000000","23.480000","1.480000","-0.720000","39.692533","10.567376","46.288660","11.009009","-0.680000","6.710000","18.388747","11.268403","-1.320000","8.620000","18.759124","12.932417"
"UZE","USM","BB","9.5","11/29/2024","","","0.340000","5.50%","21.800000","14.930000","22.090000","7.160000","0.290000","21.880000","21.500000","0.960000","2.730000","20.250000","23.220000","13.000000","23.800000","7.000000","21.780000","1.530000","-1.440000","39.633968","13.535188","44.914089","21.387387","-0.020000","6.850000","11.636829","10.000000","-2.020000","8.780000","28.978102","11.466208"
"UZF","USM","BB","9.5","11/29/2024","6/1/2026","","0.340000","5.50%","21.750000","15.440000","22.200000","6.760000","0.450000","21.920000","21.510000","1.280000","3.200000","20.300000","23.500000","12.950000","23.700000","7.000000","21.890000","1.590000","-1.610000","37.759883","11.483906","43.264605","23.837838","0.140000","6.450000","10.000000","13.624009","-1.810000","8.940000","25.912409","10.000000"
"VNO PRL","VNO","","10.5","12/13/2024","","","0.340000","5.40%","24.160000","13.750000","17.650000","3.900000","-6.510000","17.570000","17.310000","0.430000","1.970000","15.250000","19.460000","11.360000","19.460000","21.000000","17.390000","2.140000","-2.070000","42.737921","16.852155","28.144330","30.468468","-6.770000","3.640000","80.690537","39.082673","-2.070000","6.030000","29.708029","36.666667"
"VNO PRM","VNO","","10.5","12/13/2024","","","0.330000","5.25%","23.400000","13.710000","17.080000","3.370000","-6.320000","17.140000","16.860000","-0.370000","1.300000","14.750000","18.990000","11.150000","18.990000","21.000000","16.830000","2.080000","-2.160000","47.423133","19.776323","29.793814","31.765766","-6.570000","3.120000","78.644501","43.793884","-2.160000","5.680000","31.021898","39.873998"
"VNO PRN","VNO","","10.5","12/13/2024","","","0.330000","5.25%","22.920000","13.760000","17.000000","3.240000","-5.920000","17.220000","16.930000","-1.290000","0.410000","14.810000","18.970000","11.200000","18.970000","21.000000","16.750000","1.940000","-2.220000","52.811127","23.660666","33.642612","32.630631","-6.170000","2.990000","74.552430","44.971687","-2.220000","5.550000","31.897810","41.065292"
"VNO PRO","VNO","","10.5","12/13/2024","","","0.280000","4.50%","19.700000","11.600000","14.410000","2.810000","-5.290000","14.870000","14.850000","-3.080000","-2.980000","12.510000","17.340000","10.030000","17.340000","21.000000","14.200000","1.690000","-3.140000","63.294290","38.456083","40.515464","45.891892","-5.500000","2.600000","67.698210","48.505096","-3.140000","4.170000","45.328467","53.711340"
"WAFDP","WAFD","","10","12/27/2024","4/15/2026","","0.300000","4.88%","22.200000","12.600000","16.480000","3.950000","-5.650000","16.500000","16.870000","0.290000","-1.900000","15.440000","19.750000","12.020000","19.750000","35.000000","16.370000","0.930000","-3.380000","43.557833","33.742499","61.408935","49.351351","-5.830000","3.770000","71.074169","37.904870","-3.380000","4.350000","48.832117","52.061856"
"WBS PRF","WBS","","10","12/2/2024","","","0.330000","5.25%","24.400000","15.520000","19.310000","3.780000","-5.100000","19.630000","20.320000","-1.670000","-5.010000","18.020000","22.540000","15.100000","22.540000","10.000000","19.010000","0.990000","-3.530000","55.036603","47.315876","59.759450","51.513514","-5.390000","3.490000","66.572890","40.441676","-3.530000","3.910000","51.021898","56.093929"
"WFC PRA","WFC","","11","11/27/2024","12/15/2025","","0.290000","4.70%","21.540000","17.530000","18.680000","1.150000","-2.860000","19.490000","20.350000","-4.170000","-8.190000","18.160000","22.210000","17.360000","22.210000","5.000000","18.410000","0.250000","-3.800000","69.677892","61.194763","80.103093","55.405405","-3.130000","0.880000","43.452685","64.088335","-3.800000","1.050000","54.963504","82.302405"
"WFC PRC","WFC","","11","11/27/2024","","","0.270000","4.38%","20.190000","16.050000","17.500000","1.450000","-2.690000","18.280000","19.190000","-4.290000","-8.820000","16.920000","21.180000","15.890000","21.180000","5.000000","17.250000","0.330000","-3.930000","70.380673","63.944354","77.903780","57.279279","-2.940000","1.200000","41.508951","61.189128","-3.930000","1.360000","56.861314","79.461627"
"WFC PRD","WFC","","11","11/27/2024","","","0.270000","4.25%","19.890000","15.560000","17.060000","1.500000","-2.830000","17.810000","18.700000","-4.210000","-8.790000","16.530000","20.800000","15.470000","20.800000","5.000000","16.800000","0.270000","-4.000000","69.912152","63.813421","79.553265","58.288288","-3.090000","1.240000","43.043478","60.826727","-4.000000","1.330000","57.883212","79.736541"
"WFC PRY","WFC","","11","11/27/2024","","","0.350000","5.63%","25.360000","21.190000","23.020000","1.830000","-2.340000","23.630000","24.080000","-2.580000","-4.410000","22.000000","25.360000","21.080000","25.360000","5.000000","22.690000","0.690000","-2.670000","60.366032","44.697218","68.006873","39.117117","-2.670000","1.500000","38.746803","58.471121","-2.670000","1.610000","38.467153","77.170676"
"WFC PRZ","WFC","","11","11/27/2024","","","0.300000","4.75%","21.800000","17.490000","18.980000","1.490000","-2.820000","19.780000","20.470000","-4.040000","-7.300000","18.450000","22.290000","17.330000","22.290000","5.000000","18.700000","0.250000","-3.590000","68.916545","57.310420","80.103093","52.378378","-3.100000","1.210000","43.145780","61.098528","-3.590000","1.370000","51.897810","79.369989"
"WRB PRE","WRB","BB","11.5","12/13/2024","","","0.360000","5.70%","25.590000","21.770000","21.670000","-0.100000","-3.920000","22.390000","23.790000","-3.230000","-8.920000","20.430000","25.620000","20.430000","25.680000","21.000000","21.390000","0.960000","-4.230000","64.172767","64.380797","60.584192","61.603604","-4.200000","-0.380000","54.398977","75.503964","-4.290000","0.960000","62.116788","83.127148"
"WRB PRF","WRB","BB","11.5","12/13/2024","","","0.320000","5.10%","24.510000","18.930000","19.400000","0.470000","-5.110000","20.220000","21.490000","-4.030000","-9.720000","19.000000","24.540000","18.790000","24.540000","21.000000","19.150000","0.150000","-5.390000","68.857980","67.872340","82.852234","78.324324","-5.360000","0.220000","66.265985","70.067950","-5.390000","0.360000","78.175182","88.625430"
"WRB PRG","WRB","BB","11.5","12/13/2024","","","0.270000","4.25%","21.250000","17.350000","16.370000","-0.980000","-4.880000","17.240000","18.670000","-5.070000","-12.320000","15.950000","21.100000","15.950000","22.290000","21.000000","16.160000","0.210000","-4.940000","74.948755","79.219858","81.202749","71.837838","-5.090000","-1.190000","63.503836","82.842582","-6.130000","0.210000","88.978102","90.000000"
"WRB PRH","WRB","BB","11.5","12/13/2024","","","0.260000","4.13%","20.850000","15.600000","15.970000","0.370000","-4.880000","16.980000","18.240000","-5.960000","-12.440000","15.550000","21.150000","15.400000","21.150000","21.000000","15.770000","0.220000","-5.380000","80.161054","79.743590","80.927835","78.180180","-5.080000","0.170000","63.401535","70.520951","-5.380000","0.370000","78.029197","88.533792"
